<?xml version='1.0' encoding='UTF-8'?>
<domain xmlns="http://xmlns.oracle.com/weblogic/domain" xmlns:sec="http://xmlns.oracle.com/weblogic/security" xmlns:wls="http://xmlns.oracle.com/weblogic/security/wls" xmlns:xsi="http://www.w3.org/2001/XMLSchema-instance" xsi:schemaLocation="http://xmlns.oracle.com/weblogic/security/xacml http://xmlns.oracle.com/weblogic/security/xacml/1.0/xacml.xsd http://xmlns.oracle.com/weblogic/security/providers/passwordvalidator http://xmlns.oracle.com/weblogic/security/providers/passwordvalidator/1.0/passwordvalidator.xsd http://xmlns.oracle.com/oracleas/schema/11/jps/weblogic/providers http://xmlns.oracle.com/weblogic/1.0/security.xsd http://xmlns.oracle.com/weblogic/domain http://xmlns.oracle.com/weblogic/1.0/domain.xsd http://xmlns.oracle.com/weblogic/security http://xmlns.oracle.com/weblogic/1.0/security.xsd http://xmlns.oracle.com/weblogic/security/wls http://xmlns.oracle.com/weblogic/security/wls/1.0/wls.xsd">
  <name>edg_domain</name>
  <domain-version>12.1.3.0.0</domain-version>
  <security-configuration>
    <name>edg_domain</name>
    <realm>
      <sec:authentication-provider xmlns:prov="http://xmlns.oracle.com/oracleas/schema/11/jps/weblogic/providers" xsi:type="prov:trust-service-identity-asserterType">
        <sec:name>Trust Service Identity Asserter</sec:name>
      </sec:authentication-provider>
      <sec:authentication-provider xsi:type="wls:default-authenticatorType">
        <sec:name>DefaultAuthenticator</sec:name>
      </sec:authentication-provider>
      <sec:authentication-provider xsi:type="wls:default-identity-asserterType">
        <sec:name>DefaultIdentityAsserter</sec:name>
        <sec:active-type>AuthenticatedUser</sec:active-type>
      </sec:authentication-provider>
      <sec:role-mapper xmlns:xac="http://xmlns.oracle.com/weblogic/security/xacml" xsi:type="xac:xacml-role-mapperType">
        <sec:name>XACMLRoleMapper</sec:name>
      </sec:role-mapper>
      <sec:authorizer xmlns:xac="http://xmlns.oracle.com/weblogic/security/xacml" xsi:type="xac:xacml-authorizerType">
        <sec:name>XACMLAuthorizer</sec:name>
      </sec:authorizer>
      <sec:adjudicator xsi:type="wls:default-adjudicatorType">
        <sec:name>DefaultAdjudicator</sec:name>
      </sec:adjudicator>
      <sec:credential-mapper xsi:type="wls:default-credential-mapperType">
        <sec:name>DefaultCredentialMapper</sec:name>
      </sec:credential-mapper>
      <sec:cert-path-provider xsi:type="wls:web-logic-cert-path-providerType">
        <sec:name>WebLogicCertPathProvider</sec:name>
      </sec:cert-path-provider>
      <sec:cert-path-builder>WebLogicCertPathProvider</sec:cert-path-builder>
      <sec:name>myrealm</sec:name>
      <sec:password-validator xmlns:pas="http://xmlns.oracle.com/weblogic/security/providers/passwordvalidator" xsi:type="pas:system-password-validatorType">
        <sec:name>SystemPasswordValidator</sec:name>
        <pas:min-password-length>8</pas:min-password-length>
        <pas:min-numeric-or-special-characters>1</pas:min-numeric-or-special-characters>
      </sec:password-validator>
    </realm>
    <default-realm>myrealm</default-realm>
    <credential-encrypted>{AES}BjhVbukkBEeLhHx50JwSTQEmkVpKcZbyfdw4GqfTHUgNrkiv2r+olIjwF22T67W1ycYUCzmFOW2wa7Ko9CT/Ev6uSmkG/xCnf9/Tsml5Q14w2tKqo/zJt6FC4vEY7sme</credential-encrypted>
    <node-manager-username>weblogic</node-manager-username>
    <node-manager-password-encrypted>{AES}weBayToGi+dODqqzRyF1sJTCiVqM/jxePs/M7VsJHFs=</node-manager-password-encrypted>
    <use-kss-for-demo>true</use-kss-for-demo>
  </security-configuration>
  <server>
    <name>AdminServer</name>
    <ssl>
      <name>AdminServer</name>
      <listen-port>7002</listen-port>
    </ssl>
    <machine>adm_machine</machine>
    <web-server>
      <name>AdminServer</name>
      <web-server-log>
        <name>AdminServer</name>
        <elf-fields>date time cs-method ctx-ecid ctx-rid cs-uri sc-status bytes</elf-fields>
        <log-file-format>extended</log-file-format>
      </web-server-log>
    </web-server>
    <listen-address>adminvh.example.com</listen-address>
    <server-diagnostic-config>
      <name>AdminServer</name>
      <diagnostic-context-enabled>true</diagnostic-context-enabled>
    </server-diagnostic-config>
  </server>
  <server>
    <name>soa_server1</name>
    <machine>soa_machine1</machine>
    <listen-port>8001</listen-port>
    <cluster>soa_cluster1</cluster>
    <web-server>
      <name>soa_server1</name>
      <web-server-log>
        <name>soa_server1</name>
        <elf-fields>date time cs-method ctx-ecid ctx-rid cs-uri sc-status bytes</elf-fields>
        <log-file-format>extended</log-file-format>
      </web-server-log>
    </web-server>
    <listen-address>soavh01.example.com</listen-address>
    <jta-migratable-target>
      <name>soa_server1</name>
      <user-preferred-server>soa_server1</user-preferred-server>
      <cluster>soa_cluster1</cluster>
      <migration-policy>manual</migration-policy>
    </jta-migratable-target>
    <staging-directory-name>/u01/oracle/config/domains/edg_domain/servers/soa_server1/stage</staging-directory-name>
    <upload-directory-name>@DOMAIN_HOME//servers/AdminServer/upload</upload-directory-name>
    <server-diagnostic-config>
      <name>soa_server1</name>
      <diagnostic-context-enabled>true</diagnostic-context-enabled>
    </server-diagnostic-config>
  </server>
  <server>
    <name>soa_server2</name>
    <machine>soa_machine2</machine>
    <listen-port>8001</listen-port>
    <cluster>soa_cluster1</cluster>
    <web-server>
      <name>soa_server2</name>
      <web-server-log>
        <name>soa_server2</name>
        <elf-fields>date time cs-method ctx-ecid ctx-rid cs-uri sc-status bytes</elf-fields>
        <log-file-format>extended</log-file-format>
      </web-server-log>
    </web-server>
    <listen-address>soavh02.example.com</listen-address>
    <jta-migratable-target>
      <name>soa_server2</name>
      <user-preferred-server>soa_server2</user-preferred-server>
      <cluster>soa_cluster1</cluster>
      <migration-policy>manual</migration-policy>
    </jta-migratable-target>
    <staging-directory-name>/u01/oracle/config/domains/edg_domain/servers/soa_server2/stage</staging-directory-name>
    <upload-directory-name>@DOMAIN_HOME/servers/AdminServer/upload</upload-directory-name>
    <server-diagnostic-config>
      <name>soa_server2</name>
      <diagnostic-context-enabled>true</diagnostic-context-enabled>
    </server-diagnostic-config>
  </server>
  <cluster>
    <name>soa_cluster1</name>
    <cluster-messaging-mode>unicast</cluster-messaging-mode>
    <coherence-cluster-system-resource>defaultCoherenceCluster</coherence-cluster-system-resource>
  </cluster>
  <embedded-ldap>
    <name>edg_domain</name>
    <credential-encrypted>{AES}oSowSIM8tz8I9mIrJhFrWHqDiOb1VDxbX+QgDrtHfAvUG7v+zJllyQGLvukF1Hy2</credential-encrypted>
  </embedded-ldap>
  <configuration-version>12.1.3.0.0</configuration-version>
  <app-deployment>
    <name>state-management-provider-memory-rar-12.1.3</name>
    <target>soa_cluster1,AdminServer</target>
    <module-type>rar</module-type>
    <source-path>@oracle.webcenter.skin_12.1.3.0.0/oracle_common_ORACLE_HOME/modules/com.oracle.state-management.state-management-provider-memory-rar-impl_12.1.3.rar</source-path>
    <security-dd-model>DDOnly</security-dd-model>
    <staging-mode>nostage</staging-mode>
  </app-deployment>
  <app-deployment>
    <name>wsil-wls#12.1.3.0.0</name>
    <target>soa_cluster1,AdminServer</target>
    <module-type>ear</module-type>
    <source-path>@oracle.webcenter.skin_12.1.3.0.0/oracle_common_ORACLE_HOME/modules/com.oracle.webservices.fmw.wsil-wls-impl_12.1.3.ear</source-path>
    <deployment-order>5</deployment-order>
    <security-dd-model>DDOnly</security-dd-model>
    <staging-mode>nostage</staging-mode>
  </app-deployment>
  <app-deployment>
    <name>DMS Application#12.1.3.0.0</name>
    <target>soa_cluster1,AdminServer</target>
    <module-type>war</module-type>
    <source-path>@oracle.webcenter.skin_12.1.3.0.0/oracle_common_ORACLE_HOME/modules/oracle.dms_12.1.3/dms.war</source-path>
    <deployment-order>5</deployment-order>
    <security-dd-model>DDOnly</security-dd-model>
    <staging-mode>nostage</staging-mode>
  </app-deployment>
  <app-deployment>
    <name>coherence-transaction-rar</name>
    <target>soa_cluster1,AdminServer</target>
    <module-type>rar</module-type>
    <source-path>@oracle.webcenter.skin_12.1.3.0.0/oracle_common_ORACLE_HOME/../coherence/lib/coherence-transaction.rar</source-path>
    <security-dd-model>DDOnly</security-dd-model>
    <staging-mode>nostage</staging-mode>
  </app-deployment>
  <app-deployment>
    <name>wsm-pm</name>
    <target>soa_cluster1</target>
    <module-type>ear</module-type>
    <source-path>@oracle.webcenter.skin_12.1.3.0.0/oracle_common_ORACLE_HOME/modules/oracle.wsm.pm_12.1.3/wsm-pm.ear</source-path>
    <deployment-order>5</deployment-order>
    <security-dd-model>DDOnly</security-dd-model>
    <staging-mode>nostage</staging-mode>
  </app-deployment>
  <app-deployment>
    <name>em</name>
    <target>AdminServer</target>
    <module-type>ear</module-type>
    <source-path>/u02/oracle/config/applications/edg_domain/em.ear</source-path>
    <deployment-order>400</deployment-order>
    <security-dd-model>DDOnly</security-dd-model>
    <staging-mode>nostage</staging-mode>
  </app-deployment>
  <library>
    <name>oracle.sdp.client#2.0@12.1.3</name>
    <target>soa_cluster1,AdminServer</target>
    <source-path>@oracle.webcenter.skin_12.1.3.0.0/oracle_common_ORACLE_HOME/modules/oracle.sdp.client_2.0/sdpclient.jar</source-path>
    <security-dd-model>DDOnly</security-dd-model>
    <staging-mode>nostage</staging-mode>
  </library>
  <library>
    <name>oracle.pwdgen#2.0@12.1.3</name>
    <target>soa_cluster1,AdminServer</target>
    <source-path>@oracle.webcenter.skin_12.1.3.0.0/oracle_common_ORACLE_HOME/modules/oracle.pwdgen_12.1.3/pwdgen.jar</source-path>
    <security-dd-model>DDOnly</security-dd-model>
    <staging-mode>nostage</staging-mode>
  </library>
  <library>
    <name>owasp.esapi#2.0@12.1.3</name>
    <target>soa_cluster1,AdminServer</target>
    <source-path>@oracle.webcenter.skin_12.1.3.0.0/oracle_common_ORACLE_HOME/modules/oracle.owasp_12.1.3/owasp-esapi.jar</source-path>
    <security-dd-model>DDOnly</security-dd-model>
    <staging-mode>nostage</staging-mode>
  </library>
  <library>
    <name>oracle.adf.dconfigbeans#1.0@12.1.3.0.0</name>
    <target>soa_cluster1,AdminServer</target>
    <module-type>jar</module-type>
    <source-path>@oracle.webcenter.skin_12.1.3.0.0/oracle_common_ORACLE_HOME/modules/oracle.adf.dconfigbeans_12.1.3.jar</source-path>
    <security-dd-model>DDOnly</security-dd-model>
    <staging-mode>nostage</staging-mode>
  </library>
  <library>
    <name>adf.oracle.domain#1.0@12.1.3.0.0</name>
    <target>soa_cluster1,AdminServer</target>
    <module-type>ear</module-type>
    <source-path>@oracle.webcenter.skin_12.1.3.0.0/oracle_common_ORACLE_HOME/modules/oracle.adf.model_12.1.3/adf.oracle.domain.ear</source-path>
    <security-dd-model>DDOnly</security-dd-model>
    <staging-mode>nostage</staging-mode>
  </library>
  <library>
    <name>adf.oracle.businesseditor#1.0@12.1.3.0.0</name>
    <target>soa_cluster1,AdminServer</target>
    <module-type>war</module-type>
    <source-path>@oracle.webcenter.skin_12.1.3.0.0/oracle_common_ORACLE_HOME/modules/oracle.adf.businesseditor_12.1.3/adf.businesseditor.war</source-path>
    <security-dd-model>DDOnly</security-dd-model>
    <staging-mode>nostage</staging-mode>
  </library>
  <library>
    <name>oracle.adf.management#1.0@12.1.3.0.0</name>
    <target>soa_cluster1,AdminServer</target>
    <module-type>war</module-type>
    <source-path>@oracle.webcenter.skin_12.1.3.0.0/oracle_common_ORACLE_HOME/modules/oracle.adf.management_12.1.3/adf-management.war</source-path>
    <security-dd-model>DDOnly</security-dd-model>
    <staging-mode>nostage</staging-mode>
  </library>
  <library>
    <name>adf.oracle.domain.webapp#1.0@12.1.3.0.0</name>
    <target>soa_cluster1,AdminServer</target>
    <module-type>war</module-type>
    <source-path>@oracle.webcenter.skin_12.1.3.0.0/oracle_common_ORACLE_HOME/modules/oracle.adf.view_12.1.3/adf.oracle.domain.webapp.war</source-path>
    <security-dd-model>DDOnly</security-dd-model>
    <staging-mode>nostage</staging-mode>
  </library>
  <library>
    <name>jsf#2.1@2.1.7-01-</name>
    <target>soa_cluster1,AdminServer</target>
    <module-type>war</module-type>
    <source-path>@oracle.webcenter.skin_12.1.3.0.0/oracle_common_ORACLE_HOME/modules/oracle.jsf_2.1/jsf-ri-21.war</source-path>
    <security-dd-model>DDOnly</security-dd-model>
    <staging-mode>nostage</staging-mode>
  </library>
  <library>
    <name>jstl#1.2@1.2.0.1</name>
    <target>soa_cluster1,AdminServer</target>
    <module-type>war</module-type>
    <source-path>@oracle.wls.core.app.server_12.1.3.0.0/wlserver_ORACLE_HOME/common/deployable-libraries/jstl-1.2.war</source-path>
    <security-dd-model>DDOnly</security-dd-model>
    <staging-mode>nostage</staging-mode>
  </library>
  <library>
    <name>UIX#11@12.1.3.0.0</name>
    <target>soa_cluster1,AdminServer</target>
    <module-type>war</module-type>
    <source-path>@oracle.webcenter.skin_12.1.3.0.0/oracle_common_ORACLE_HOME/modules/oracle.uix_12.1.3/uix11.war</source-path>
    <security-dd-model>DDOnly</security-dd-model>
    <staging-mode>nostage</staging-mode>
  </library>
  <library>
    <name>ohw-rcf#5@12.1.3.0.0</name>
    <target>soa_cluster1,AdminServer</target>
    <module-type>war</module-type>
    <source-path>@oracle.webcenter.skin_12.1.3.0.0/oracle_common_ORACLE_HOME/modules/oracle.help_5.0/ohw-rcf.war</source-path>
    <security-dd-model>DDOnly</security-dd-model>
    <staging-mode>nostage</staging-mode>
  </library>
  <library>
    <name>ohw-uix#5@12.1.3.0.0</name>
    <target>soa_cluster1,AdminServer</target>
    <module-type>war</module-type>
    <source-path>@oracle.webcenter.skin_12.1.3.0.0/oracle_common_ORACLE_HOME/modules/oracle.help_5.0/ohw-uix.war</source-path>
    <security-dd-model>DDOnly</security-dd-model>
    <staging-mode>nostage</staging-mode>
  </library>
  <library>
    <name>oracle.adf.desktopintegration.model#1.0@12.1.3.0.0</name>
    <target>soa_cluster1,AdminServer</target>
    <module-type>ear</module-type>
    <source-path>@oracle.webcenter.skin_12.1.3.0.0/oracle_common_ORACLE_HOME/modules/oracle.adf.desktopintegration.model_12.1.3/oracle.adf.desktopintegration.model.ear</source-path>
    <security-dd-model>DDOnly</security-dd-model>
    <staging-mode>nostage</staging-mode>
  </library>
  <library>
    <name>oracle.adf.desktopintegration#1.0@12.1.3.0.0</name>
    <target>soa_cluster1,AdminServer</target>
    <module-type>war</module-type>
    <source-path>@oracle.webcenter.skin_12.1.3.0.0/oracle_common_ORACLE_HOME/modules/oracle.adf.desktopintegration_12.1.3/oracle.adf.desktopintegration.war</source-path>
    <security-dd-model>DDOnly</security-dd-model>
    <staging-mode>nostage</staging-mode>
  </library>
  <library>
    <name>oracle.bi.jbips#11.1.1@0.1</name>
    <target>soa_cluster1,AdminServer</target>
    <module-type>ear</module-type>
    <source-path>@oracle.webcenter.skin_12.1.3.0.0/oracle_common_ORACLE_HOME/modules/oracle.bi.presentation_12.1.3/bi-jbips-slib-stub.ear</source-path>
    <security-dd-model>DDOnly</security-dd-model>
    <staging-mode>nostage</staging-mode>
  </library>
  <library>
    <name>oracle.bi.composer#11.1.1@0.1</name>
    <target>soa_cluster1,AdminServer</target>
    <module-type>war</module-type>
    <source-path>@oracle.webcenter.skin_12.1.3.0.0/oracle_common_ORACLE_HOME/modules/oracle.bi.presentation_12.1.3/bi-composer-slib-stub.war</source-path>
    <security-dd-model>DDOnly</security-dd-model>
    <staging-mode>nostage</staging-mode>
  </library>
  <library>
    <name>oracle.bi.adf.model.slib#1.0@12.1.3.0.0</name>
    <target>soa_cluster1,AdminServer</target>
    <module-type>ear</module-type>
    <source-path>@oracle.webcenter.skin_12.1.3.0.0/oracle_common_ORACLE_HOME/modules/oracle.bi.presentation_12.1.3/bi-adf-model-slib.ear</source-path>
    <security-dd-model>DDOnly</security-dd-model>
    <staging-mode>nostage</staging-mode>
  </library>
  <library>
    <name>oracle.bi.adf.view.slib#1.0@12.1.3.0.0</name>
    <target>soa_cluster1,AdminServer</target>
    <module-type>war</module-type>
    <source-path>@oracle.webcenter.skin_12.1.3.0.0/oracle_common_ORACLE_HOME/modules/oracle.bi.presentation_12.1.3/bi-adf-view-slib.war</source-path>
    <security-dd-model>DDOnly</security-dd-model>
    <staging-mode>nostage</staging-mode>
  </library>
  <library>
    <name>oracle.bi.adf.webcenter.slib#1.0@12.1.3.0.0</name>
    <target>soa_cluster1,AdminServer</target>
    <module-type>war</module-type>
    <source-path>@oracle.webcenter.skin_12.1.3.0.0/oracle_common_ORACLE_HOME/modules/oracle.bi.presentation_12.1.3/bi-adf-webcenter-slib.war</source-path>
    <security-dd-model>DDOnly</security-dd-model>
    <staging-mode>nostage</staging-mode>
  </library>
  <library>
    <name>oracle.wsm.seedpolicies#2.0@12.1.3</name>
    <target>soa_cluster1,AdminServer</target>
    <source-path>@oracle.webcenter.skin_12.1.3.0.0/oracle_common_ORACLE_HOME/modules/oracle.wsm.common_12.1.3/wsm-seed-policies.jar</source-path>
    <security-dd-model>DDOnly</security-dd-model>
    <staging-mode>nostage</staging-mode>
  </library>
  <library>
    <name>odl.clickhistory#1.0@12.1.3</name>
    <target>soa_cluster1,AdminServer</target>
    <source-path>@oracle.webcenter.skin_12.1.3.0.0/oracle_common_ORACLE_HOME/modules/oracle.odl_12.1.3/clickhistory.jar</source-path>
    <security-dd-model>DDOnly</security-dd-model>
    <staging-mode>nostage</staging-mode>
  </library>
  <library>
    <name>odl.clickhistory.webapp#1.0@12.1.3</name>
    <target>soa_cluster1,AdminServer</target>
    <source-path>@oracle.webcenter.skin_12.1.3.0.0/oracle_common_ORACLE_HOME/modules/oracle.odl_12.1.3/clickhistory.war</source-path>
    <security-dd-model>DDOnly</security-dd-model>
    <staging-mode>nostage</staging-mode>
  </library>
  <library>
    <name>oracle.jrf.system.filter</name>
    <target>soa_cluster1,AdminServer</target>
    <source-path>@oracle.webcenter.skin_12.1.3.0.0/oracle_common_ORACLE_HOME/modules/oracle.jrf_12.1.3/system-filters.war</source-path>
    <security-dd-model>DDOnly</security-dd-model>
    <staging-mode>nostage</staging-mode>
  </library>
  <library>
    <name>oracle.jsp.next#12.1.3@12.1.3</name>
    <target>soa_cluster1,AdminServer</target>
    <source-path>@oracle.webcenter.skin_12.1.3.0.0/oracle_common_ORACLE_HOME/modules/com.oracle.ojsp.ojsp_12.1.3.jar</source-path>
    <security-dd-model>DDOnly</security-dd-model>
    <staging-mode>nostage</staging-mode>
  </library>
  <library>
    <name>oracle.dconfig-infra#2.0@12.1.3</name>
    <target>soa_cluster1,AdminServer</target>
    <source-path>@oracle.webcenter.skin_12.1.3.0.0/oracle_common_ORACLE_HOME/modules/oracle.dconfig-infra_12.1.3.jar</source-path>
    <security-dd-model>DDOnly</security-dd-model>
    <staging-mode>nostage</staging-mode>
  </library>
  <library>
    <name>orai18n-adf#11@11.1.1.1.0</name>
    <target>soa_cluster1,AdminServer</target>
    <source-path>@oracle.webcenter.skin_12.1.3.0.0/oracle_common_ORACLE_HOME/modules/oracle.nlsgdk_12.1.3/orai18n-adf.jar</source-path>
    <security-dd-model>DDOnly</security-dd-model>
    <staging-mode>nostage</staging-mode>
  </library>
  <library>
    <name>oracle.wsm.console.core.view#1.0@12.1.3.0</name>
    <target>AdminServer</target>
    <module-type>war</module-type>
    <source-path>@oracle.webcenter.skin_12.1.3.0.0/oracle_common_ORACLE_HOME/modules/oracle.wsm.console.core_12.1.3/oracle.wsm.console.core.view.war</source-path>
    <deployment-order>311</deployment-order>
    <security-dd-model>DDOnly</security-dd-model>
    <staging-mode>nostage</staging-mode>
  </library>
  <library>
    <name>oracle.webcenter.skin#2.0@12.1.3</name>
    <target>AdminServer</target>
    <module-type>ear</module-type>
    <source-path>@oracle.webcenter.skin_12.1.3.0.0/oracle_common_ORACLE_HOME/webcenter/modules/oracle.portlet.server_12.1.3/oracle.webcenter.skin.ear</source-path>
    <deployment-order>300</deployment-order>
    <security-dd-model>DDOnly</security-dd-model>
    <staging-mode>nostage</staging-mode>
  </library>
  <library>
    <name>oracle.webcenter.composer#2.0@12.1.3</name>
    <target>AdminServer</target>
    <module-type>war</module-type>
    <source-path>@oracle.webcenter.skin_12.1.3.0.0/oracle_common_ORACLE_HOME/webcenter/modules/oracle.webcenter.framework_12.1.3/oracle.webcenter.composer.war</source-path>
    <deployment-order>300</deployment-order>
    <security-dd-model>DDOnly</security-dd-model>
    <staging-mode>nostage</staging-mode>
  </library>
  <library>
    <name>emcore</name>
    <target>AdminServer</target>
    <module-type>war</module-type>
    <source-path>@oracle.sysman.fmw.plugin.soa_12.1.3.0.0/em_ORACLE_HOME/archives/applications/em_fmwconsole.war</source-path>
    <security-dd-model>DDOnly</security-dd-model>
    <staging-mode>nostage</staging-mode>
  </library>
  <library>
    <name>emas</name>
    <target>AdminServer</target>
    <module-type>war</module-type>
    <source-path>@oracle.sysman.fmw.plugin.soa_12.1.3.0.0/em_ORACLE_HOME/archives/applications/emas.war</source-path>
    <security-dd-model>DDOnly</security-dd-model>
    <staging-mode>nostage</staging-mode>
  </library>
  <library>
    <name>log4j_jar#1.3@1.2.15</name>
    <target>AdminServer</target>
    <source-path>@oracle.wls.core.app.server_12.1.3.0.0/wlserver_ORACLE_HOME/modules/com.bea.core.apache.log4j_1.3.0.0_1-2-15.jar</source-path>
    <security-dd-model>DDOnly</security-dd-model>
    <staging-mode>nostage</staging-mode>
  </library>
  <library>
    <name>emcore_jar</name>
    <target>AdminServer</target>
    <source-path>@oracle.sysman.fmw.plugin.soa_12.1.3.0.0/em_ORACLE_HOME/jlib/emCORE.jar</source-path>
    <security-dd-model>DDOnly</security-dd-model>
    <staging-mode>nostage</staging-mode>
  </library>
  <library>
    <name>emagentsdk_jar#11.2@12.1.0.3.0</name>
    <target>AdminServer</target>
    <source-path>@oracle.sysman.fmw.plugin.soa_12.1.3.0.0/em_ORACLE_HOME/jlib/emagentSDK.jar</source-path>
    <security-dd-model>DDOnly</security-dd-model>
    <staging-mode>nostage</staging-mode>
  </library>
  <library>
    <name>emagentsdkimpl_jar#11.2.0.1.0@12.1.0.3.0</name>
    <target>AdminServer</target>
    <source-path>@oracle.sysman.fmw.plugin.soa_12.1.3.0.0/em_ORACLE_HOME/jlib/emagentSDKImpl.jar</source-path>
    <security-dd-model>DDOnly</security-dd-model>
    <staging-mode>nostage</staging-mode>
  </library>
  <library>
    <name>emagentsdkimplpriv_jar#11.2.0.1.0@12.1.0.3.0</name>
    <target>AdminServer</target>
    <source-path>@oracle.sysman.fmw.plugin.soa_12.1.3.0.0/em_ORACLE_HOME/jlib/emagentSDKImpl_priv.jar</source-path>
    <security-dd-model>DDOnly</security-dd-model>
    <staging-mode>nostage</staging-mode>
  </library>
  <library>
    <name>emcoresdk_jar#11.2.0.1.0@12.1.0.0.0</name>
    <target>AdminServer</target>
    <source-path>@oracle.sysman.fmw.plugin.soa_12.1.3.0.0/em_ORACLE_HOME/jlib/emCoreSDK.jar</source-path>
    <security-dd-model>DDOnly</security-dd-model>
    <staging-mode>nostage</staging-mode>
  </library>
  <library>
    <name>emcoreintsdk_jar#11.2.0.1.0@12.1.0.0.0</name>
    <target>AdminServer</target>
    <source-path>@oracle.sysman.fmw.plugin.soa_12.1.3.0.0/em_ORACLE_HOME/jlib/emCoreInternalSDK.jar</source-path>
    <security-dd-model>DDOnly</security-dd-model>
    <staging-mode>nostage</staging-mode>
  </library>
  <library>
    <name>emcoresdkimpl_jar#11.2.0.1.0@12.1.0.0.0</name>
    <target>AdminServer</target>
    <source-path>@oracle.sysman.fmw.plugin.soa_12.1.3.0.0/em_ORACLE_HOME/jlib/emCoreSDKImpl.jar</source-path>
    <security-dd-model>DDOnly</security-dd-model>
    <staging-mode>nostage</staging-mode>
  </library>
  <library>
    <name>emcorecommon_jar</name>
    <target>AdminServer</target>
    <source-path>@oracle.sysman.fmw.plugin.soa_12.1.3.0.0/em_ORACLE_HOME/jlib/emCoreCommon.jar</source-path>
    <security-dd-model>DDOnly</security-dd-model>
    <staging-mode>nostage</staging-mode>
  </library>
  <library>
    <name>emcoreconsole_jar</name>
    <target>AdminServer</target>
    <source-path>@oracle.sysman.fmw.plugin.soa_12.1.3.0.0/em_ORACLE_HOME/jlib/emCoreConsole.jar</source-path>
    <security-dd-model>DDOnly</security-dd-model>
    <staging-mode>nostage</staging-mode>
  </library>
  <library>
    <name>emcorepbs_jar</name>
    <target>AdminServer</target>
    <source-path>@oracle.sysman.fmw.plugin.soa_12.1.3.0.0/em_ORACLE_HOME/jlib/emCorePBS.jar</source-path>
    <security-dd-model>DDOnly</security-dd-model>
    <staging-mode>nostage</staging-mode>
  </library>
  <library>
    <name>emcoreclient_jar</name>
    <target>AdminServer</target>
    <source-path>@oracle.sysman.fmw.plugin.soa_12.1.3.0.0/em_ORACLE_HOME/jlib/emcore_client.jar</source-path>
    <security-dd-model>DDOnly</security-dd-model>
    <staging-mode>nostage</staging-mode>
  </library>
  <library>
    <name>em_sdkcore_ppc_public_pojo_jar</name>
    <target>AdminServer</target>
    <source-path>@oracle.sysman.fmw.plugin.soa_12.1.3.0.0/em_ORACLE_HOME/jlib/em-sdkcore-ppc-public-pojo.jar</source-path>
    <security-dd-model>DDOnly</security-dd-model>
    <staging-mode>nostage</staging-mode>
  </library>
  <library>
    <name>em_core_ppc_pojo_jar</name>
    <target>AdminServer</target>
    <source-path>@oracle.sysman.fmw.plugin.soa_12.1.3.0.0/em_ORACLE_HOME/jlib/em-core-ppc-pojo.jar</source-path>
    <security-dd-model>DDOnly</security-dd-model>
    <staging-mode>nostage</staging-mode>
  </library>
  <machine xsi:type="unix-machineType">
    <name>adm_machine</name>
    <node-manager>
      <name>adm_machine</name>
      <listen-address>adminvh.example.com</listen-address>
    </node-manager>
  </machine>
  <machine xsi:type="unix-machineType">
    <name>soa_machine1</name>
    <node-manager>
      <name>soa_machine1</name>
      <listen-address>soavh01.example.com</listen-address>
    </node-manager>
  </machine>
  <machine xsi:type="unix-machineType">
    <name>soa_machine2</name>
    <node-manager>
      <name>soa_machine2</name>
      <listen-address>soavh02.example.com</listen-address>
    </node-manager>
  </machine>
  <migratable-target>
    <name>soa_server1 (migratable)</name>
    <notes>This is a system generated default migratable target for a server. Do not delete manually.</notes>
    <user-preferred-server>soa_server1</user-preferred-server>
    <cluster>soa_cluster1</cluster>
    <migration-policy>manual</migration-policy>
  </migratable-target>
  <migratable-target>
    <name>soa_server2 (migratable)</name>
    <notes>This is a system generated default migratable target for a server. Do not delete manually.</notes>
    <user-preferred-server>soa_server2</user-preferred-server>
    <cluster>soa_cluster1</cluster>
    <migration-policy>manual</migration-policy>
  </migratable-target>
  <shutdown-class>
    <name>DMSShutdown</name>
    <target>soa_cluster1,AdminServer</target>
    <deployment-order>150</deployment-order>
    <class-name>oracle.dms.wls.DMSShutdown</class-name>
  </shutdown-class>
  <startup-class>
    <name>Web Services Startup Class</name>
    <target>soa_cluster1,AdminServer</target>
    <deployment-order>150</deployment-order>
    <class-name>oracle.j2ee.ws.server.WebServiceServerStartup</class-name>
    <failure-is-fatal>false</failure-is-fatal>
    <load-before-app-deployments>true</load-before-app-deployments>
    <load-before-app-activation>true</load-before-app-activation>
  </startup-class>
  <startup-class>
    <name>JPS Startup Class</name>
    <target>soa_cluster1,AdminServer</target>
    <deployment-order>115</deployment-order>
    <class-name>oracle.security.jps.wls.JpsWlsStartupClass</class-name>
    <failure-is-fatal>false</failure-is-fatal>
    <load-before-app-deployments>true</load-before-app-deployments>
    <load-before-app-activation>true</load-before-app-activation>
  </startup-class>
  <startup-class>
    <name>JPS Startup Post-Activation Class</name>
    <target>soa_cluster1,AdminServer</target>
    <deployment-order>160</deployment-order>
    <class-name>oracle.security.jps.wls.JpsWlsPostServiceActivationStartup</class-name>
    <failure-is-fatal>false</failure-is-fatal>
    <load-before-app-deployments>false</load-before-app-deployments>
    <load-before-app-activation>true</load-before-app-activation>
  </startup-class>
  <startup-class>
    <name>WSM Startup Class</name>
    <target>soa_cluster1,AdminServer</target>
    <class-name>oracle.wsm.config.WSMServerStartupShutdownProvider</class-name>
  </startup-class>
  <startup-class>
    <name>JRF Startup Class</name>
    <target>soa_cluster1,AdminServer</target>
    <deployment-order>110</deployment-order>
    <class-name>oracle.jrf.wls.JRFStartup</class-name>
    <failure-is-fatal>false</failure-is-fatal>
    <load-before-app-deployments>true</load-before-app-deployments>
    <load-before-app-activation>true</load-before-app-activation>
  </startup-class>
  <startup-class>
    <name>ODL-Startup</name>
    <target>soa_cluster1,AdminServer</target>
    <deployment-order>145</deployment-order>
    <class-name>oracle.core.ojdl.weblogic.ODLConfiguration</class-name>
    <failure-is-fatal>false</failure-is-fatal>
    <load-before-app-deployments>true</load-before-app-deployments>
    <load-before-app-activation>true</load-before-app-activation>
  </startup-class>
  <startup-class>
    <name>DMS-Startup</name>
    <target>soa_cluster1,AdminServer</target>
    <deployment-order>150</deployment-order>
    <class-name>oracle.dms.wls.DMSStartup</class-name>
    <failure-is-fatal>false</failure-is-fatal>
    <load-before-app-deployments>true</load-before-app-deployments>
    <load-before-app-activation>true</load-before-app-activation>
  </startup-class>
  <startup-class>
    <name>AWT Application Context Startup Class</name>
    <target>soa_cluster1,AdminServer</target>
    <deployment-order>150</deployment-order>
    <class-name>oracle.jrf.AppContextStartup</class-name>
    <failure-is-fatal>false</failure-is-fatal>
    <load-before-app-deployments>true</load-before-app-deployments>
    <load-before-app-activation>true</load-before-app-activation>
  </startup-class>
  <file-store>
    <name>mds-owsm</name>
    <directory>@DOMAIN_HOME/soa_cluster1</directory>
    <target>AdminServer</target>
  </file-store>
  <admin-server-name>AdminServer</admin-server-name>
  <wldf-system-resource>
    <name>Module-FMWDFW</name>
    <target>soa_cluster1,AdminServer</target>
    <descriptor-file-name>diagnostics/Module-FMWDFW-2818.xml</descriptor-file-name>
    <description>Creates FMWDFW incidents based on unchecked Exceptions and critical errors</description>
  </wldf-system-resource>
  <jdbc-system-resource>
    <name>LocalSvcTblDataSource</name>
    <target>AdminServer</target>
    <descriptor-file-name>jdbc/LocalSvcTblDataSource-jdbc.xml</descriptor-file-name>
  </jdbc-system-resource>
  <jdbc-system-resource>
    <name>opss-data-source</name>
    <target>soa_cluster1,AdminServer</target>
    <descriptor-file-name>jdbc/opss-datasource-jdbc.xml</descriptor-file-name>
  </jdbc-system-resource>
  <jdbc-system-resource>
    <name>opss-audit-viewDS</name>
    <target>soa_cluster1,AdminServer</target>
    <descriptor-file-name>jdbc/opss-auditview-jdbc.xml</descriptor-file-name>
  </jdbc-system-resource>
  <jdbc-system-resource>
    <name>opss-audit-DBDS</name>
    <target>soa_cluster1,AdminServer</target>
    <descriptor-file-name>jdbc/opss-audit-jdbc.xml</descriptor-file-name>
  </jdbc-system-resource>
  <jdbc-system-resource>
    <name>mds-owsm</name>
    <target>soa_cluster1,AdminServer</target>
    <descriptor-file-name>jdbc/mds-owsm-jdbc.xml</descriptor-file-name>
  </jdbc-system-resource>
  <coherence-cluster-system-resource>
    <name>defaultCoherenceCluster</name>
    <descriptor-file-name>coherence/defaultCoherenceCluster-coherence.xml</descriptor-file-name>
  </coherence-cluster-system-resource>
</domain>
