<?xml version="1.0" encoding="windows-1252" ?>
<adf-config xmlns="http://xmlns.oracle.com/adf/config" xmlns:adf="http://xmlns.oracle.com/adf/config/properties"
            xmlns:sec="http://xmlns.oracle.com/adf/security/config">
  <adf:adf-properties-child xmlns="http://xmlns.oracle.com/adf/config/properties">
    <adf-property name="adfAppUID" value="lesson10-5982"/>
  </adf:adf-properties-child>
  <adf-mds-config xmlns="http://xmlns.oracle.com/adf/mds/config">
    <mds-config xmlns="http://xmlns.oracle.com/mds/config">
      <persistence-config>
        <metadata-namespaces>
          <namespace path="/soa/shared" metadata-store-usage="mstore-usage_2"/>
        </metadata-namespaces>
        <metadata-store-usages>
          <metadata-store-usage id="mstore-usage_1">
            <metadata-store class-name="oracle.mds.persistence.stores.file.FileMetadataStore">
              <property name="metadata-path" value="${oracle.home}/integration"/>
              <property name="partition-name" value="seed"/>
            </metadata-store>
          </metadata-store-usage>
          
          <metadata-store-usage id="mstore-usage_2">
            <metadata-store class-name="oracle.mds.persistence.stores.db.DBMetadataStore">
              <property name="jdbc-userid" value="weblogic"/>
              <property name="jdbc-password" value="Welcome1"/>
              <property name="jdbc-url" value="jdbc:oracle:thin://@host02.example.com:1521/ORCL"/>
              <property name="partition-name" value="soa-infra"/>
              <property name="repository-name" value="mds-owsm"/>
            </metadata-store>
          </metadata-store-usage>
          
        </metadata-store-usages>
      </persistence-config>
    </mds-config>
  </adf-mds-config>
  <sec:adf-security-child xmlns="http://xmlns.oracle.com/adf/security/config">
    <CredentialStoreContext credentialStoreClass="oracle.adf.share.security.providers.jps.CSFCredentialStore"
                            credentialStoreLocation="../../src/META-INF/jps-config.xml"/>
  </sec:adf-security-child>
</adf-config>
