<?xml version = '1.0' encoding = 'UTF-8' standalone='yes'?>
<application-mbeans xmlns:xsi="http://www.w3.org/2001/XMLSchema-instance"
  xsi:noNamespaceSchemaLocation="http://xmlns.oracle.com/oracleas/schema/11/application-mbeans-11_1.xsd"
  schema-major-version="11"
  schema-minor-version="1"
>
 <runtime-mbeans>
  <jmx-runtime-mbean
     objectname="oracle.dfw:type=oracle.dfw.jmx.Streaming,name=Streamer"
     class="oracle.dfw.impl.jmx.Streaming"
     management-interface="oracle.dfw.impl.jmx.StreamIntf">
   <description>Diagnostics Framework Streaming MBean</description>
  </jmx-runtime-mbean>
 </runtime-mbeans>
 <config-mbeans>
  <jmx-config-mbean 
     objectname="oracle.dfw:type=oracle.dfw.jmx.DiagnosticsConfigMBean,name=DiagnosticsConfig"
     class="oracle.dfw.spi.portable.JMXDiagnosticsConfig"
     management-interface="oracle.dfw.jmx.DiagnosticsConfigMBean">
   <description>Diagnostics Framework Config MBean</description>
   <config-file path="../dfw_config.xml" />
  </jmx-config-mbean>
 </config-mbeans>
</application-mbeans>

