<?xml version = '1.0' encoding = 'UTF-8' standalone='yes'?>
<application-mbeans xmlns:xsi="http://www.w3.org/2001/XMLSchema-instance"
                    xsi:noNamespaceSchemaLocation="http://xmlns.oracle.com/oracleas/schema/11/application-mbeans-11_1.xsd"
                    schema-major-version="11"
                    schema-minor-version="1"
                    >
  <runtime-mbeans>
    <jmx-runtime-mbean
                      objectname="oracle.dms.instrument:type=oracle.dms.jmx.ActivationParameterRuntimeMXBean,name=DMSActivationParameters"
                      class="oracle.dms.jmx.impl.ActivationParameterRuntimeMXBeanImpl"
                      management-interface="oracle.dms.jmx.ActivationParameterRuntimeMXBean">
    </jmx-runtime-mbean>
    <jmx-runtime-mbean
                      objectname="oracle.dms.context:type=oracle.dms.jmx.ContextParameterRuntimeMXBean,name=DMSContextParameters"
                      class="oracle.dms.jmx.impl.ContextParameterRuntimeMXBeanImpl"
                      management-interface="oracle.dms.jmx.ContextParameterRuntimeMXBean">
    </jmx-runtime-mbean>
    <jmx-runtime-mbean
                      objectname="oracle.dms:type=oracle.dms.jmx.ParamScopedMetricsRuntimeMXBean,name=ParamScopedMetrics"
                      class="oracle.dms.jmx.impl.ParamScopedMetricsRuntimeMXBeanImpl"
                      management-interface="oracle.dms.jmx.ParamScopedMetricsRuntimeMXBean">
    </jmx-runtime-mbean>
    <jmx-runtime-mbean
                      objectname="oracle.dms:type=oracle.dms.jmx.EventRuntimeMXBean,name=Event"
                      class="oracle.dms.jmx.impl.EventRuntimeMXBeanImpl"
                      management-interface="oracle.dms.jmx.EventRuntimeMXBean">
    </jmx-runtime-mbean>
  </runtime-mbeans> 
  <config-mbeans>
    <jmx-config-mbean 
                      objectname="oracle.dms:type=DMSConfig,name=DMSConfig"
                      class="oracle.dms.config.JMXDMSConfig"
                      management-interface="oracle.dms.config.DMSConfigMBean">
      <description>DMS Config Parent MBean</description>
      <config-file path="../dms_config.xml" />  
    </jmx-config-mbean>
  </config-mbeans>
</application-mbeans>

