<?xml version = '1.0' encoding = 'UTF-8' standalone='yes'?>
<application-mbeans xmlns:xsi="http://www.w3.org/2001/XMLSchema-instance"
  xsi:noNamespaceSchemaLocation="http://xmlns.oracle.com/oracleas/schema/11/application-mbeans-11_1.xsd"
  schema-major-version="11"
  schema-minor-version="1"
>
 <runtime-mbeans>
  <jmx-runtime-mbean 
     objectname="oracle.logging:type=LogRuntime"
     class="oracle.as.management.logging.impl.LogRuntimeWrapper"
     management-interface="oracle.as.management.logging.LogRuntimeMBean">
   <description>ODL LogRuntime MBean</description>
  </jmx-runtime-mbean>
  <jmx-runtime-mbean 
     objectname="oracle.logging:type=LogQuery"
     class="oracle.as.management.logging.impl.LogQuery"
     management-interface="oracle.as.management.logging.LogQueryMBean">
   <description>ODL LogQuery MBean</description>
  </jmx-runtime-mbean>
  <jmx-runtime-mbean 
     objectname="oracle.tracing:type=TracingControllerMXBean"
     class="oracle.as.management.tracing.impl.TracingControllerMXBeanImpl"
     management-interface="oracle.as.management.tracing.TracingControllerMXBean">
   <description>Tracing Controller MBean</description>
  </jmx-runtime-mbean>
 </runtime-mbeans>
 <config-mbeans>
  <jmx-config-mbean objectname="oracle.logging:type=LogConfig"
     class="oracle.as.management.logging.impl.LogConfig"
     management-interface="oracle.as.management.logging.LogConfigMBean">
   <description>ODL LogConfig MBean</description>
   <config-file path="../logging.xml"/>
  </jmx-config-mbean>
  <jmx-config-mbean objectname="oracle.logging:type=LogRegistration"
     class="oracle.as.management.logging.impl.LogRegistrationMBeanImpl"
     management-interface="oracle.as.management.logging.LogRegistrationMBean">
   <description>ODL LogRegistration MBean</description>
  </jmx-config-mbean>
 </config-mbeans>
</application-mbeans>
