<?xml version="1.0" encoding="UTF-8" ?>
<!-- Generated by Oracle SOA Modeler version 12.1.3.0.0 at [9/25/14 3:47 PM]. -->
<composite name="HelloWorld"
           revision="1.0"
           label="2014-09-25_15-47-55_084"
           mode="active"
           state="on"
           xmlns="http://xmlns.oracle.com/sca/1.0"
           xmlns:xs="http://www.w3.org/2001/XMLSchema"
           xmlns:wsp="http://schemas.xmlsoap.org/ws/2004/09/policy"
           xmlns:orawsp="http://schemas.oracle.com/ws/2006/01/policy"
           xmlns:ui="http://xmlns.oracle.com/soa/designer/"
           xmlns:sca-ext="http://xmlns.oracle.com/sca/1.0-ext">
  <import namespace="http://oracle.com/sca/soapservice/Basics/HelloWorld/ReceiveData" location="WSDLs/ReceiveData.wsdl"
          importType="wsdl"/>
  <import namespace="http://xmlns.oracle.com/pcbpel/adapter/file/Basics/HelloWorld/WriteData"
          location="WSDLs/WriteData.wsdl" importType="wsdl"/>
  <service name="ReceiveData" ui:wsdlLocation="WSDLs/ReceiveData.wsdl">
    <interface.wsdl interface="http://oracle.com/sca/soapservice/Basics/HelloWorld/ReceiveData#wsdl.interface(execute_ptt)"/>
    <binding.ws port="http://oracle.com/sca/soapservice/Basics/HelloWorld/ReceiveData#wsdl.endpoint(ReceiveData/execute_pt)">
      <property name="weblogic.wsee.wsat.transaction.flowOption" type="xs:string" many="false">NEVER</property>
    </binding.ws>
  </service>
  <property name="productVersion" type="xs:string" many="false">12.1.3.0.0</property>
  <property name="compositeID" type="xs:string" many="false">be62260b-2f5c-479d-b4c5-23f7903df7a5</property>
  <component name="RouteData">
    <implementation.mediator src="Mediators/RouteData.mplan"/>
    <componentType>
      <service name="RouteData" ui:wsdlLocation="WSDLs/ReceiveData.wsdl">
        <interface.wsdl interface="http://oracle.com/sca/soapservice/Basics/HelloWorld/ReceiveData#wsdl.interface(execute_ptt)"/>
      </service>
      <reference name="WriteData" ui:wsdlLocation="WSDLs/WriteData.wsdl">
        <interface.wsdl interface="http://xmlns.oracle.com/pcbpel/adapter/file/Basics/HelloWorld/WriteData#wsdl.interface(Write_ptt)"/>
      </reference>
    </componentType>
  </component>
  <reference name="WriteData" ui:wsdlLocation="WSDLs/WriteData.wsdl">
    <interface.wsdl interface="http://xmlns.oracle.com/pcbpel/adapter/file/Basics/HelloWorld/WriteData#wsdl.interface(Write_ptt)"/>
    <binding.jca config="Adapters/WriteData_file.jca"/>
  </reference>
  <wire>
    <source.uri>ReceiveData</source.uri>
    <target.uri>RouteData/RouteData</target.uri>
  </wire>
  <wire>
    <source.uri>RouteData/WriteData</source.uri>
    <target.uri>WriteData</target.uri>
  </wire>
</composite>
