<?xml version = '1.0' encoding = 'UTF-8'?>
<hwTaskFlows xmlns="http://xmlns.oracle.com/bpel/workflow/hwTaskFlowProperties">
   <ApplicationName>worklist</ApplicationName>
   <LookupType>LOCAL</LookupType>
   <TaskFlowDeploy>false</TaskFlowDeploy>
   <TaskFlowServer>
      <hostName/>
      <httpPort/>
      <httpsPort/>
   </TaskFlowServer>
<hwTaskFlow><WorkflowName>ManualApproval</WorkflowName><TaskDefinitionNamespace>http://xmlns.oracle.com/BPELProjects/Approval/ManualApproval</TaskDefinitionNamespace><TaskFlowId>ManualApproval_TaskFlow</TaskFlowId><TaskFlowFileName>WEB-INF/ManualApproval_TaskFlow.xml</TaskFlowFileName></hwTaskFlow></hwTaskFlows>
