<?xml version="1.0" encoding="UTF-8" ?>
<!-- Generated by Oracle SOA Modeler version 1.0 at [6/8/11 8:11 PM]. -->
<composite name="BookingSystem"
           revision="1.0"
           label="2011-06-08_20-11-10_921"
           mode="active"
           state="on"
           xmlns="http://xmlns.oracle.com/sca/1.0"
           xmlns:xs="http://www.w3.org/2001/XMLSchema"
           xmlns:wsp="http://schemas.xmlsoap.org/ws/2004/09/policy"
           xmlns:orawsp="http://schemas.oracle.com/ws/2006/01/policy"
           xmlns:ui="http://xmlns.oracle.com/soa/designer/">
  <import namespace="http://xmlns.oracle.com/Projects/BookingSystem/Booking"
          location="Booking.wsdl" importType="wsdl"/>
  <service name="booking_client_ep" ui:wsdlLocation="Booking.wsdl">
    <interface.wsdl interface="http://xmlns.oracle.com/Projects/BookingSystem/Booking#wsdl.interface(Booking)"/>
    <binding.ws port="http://xmlns.oracle.com/Projects/BookingSystem/Booking#wsdl.endpoint(booking_client_ep/Booking_pt)"/>
  </service>
  <property name="originalProductVersion" type="xs:string" many="false">11.0.0.0.0</property>
  <property name="productVersion" type="xs:string" many="false">12.1.3.0.0</property>
  <property name="compositeID" type="xs:string" many="false">405b885c-8df3-48d1-8734-20f2b45df34b</property>
  <component name="Booking" version="2.0">
    <implementation.bpel src="Booking.bpel"/>
    <componentType xmlns="http://xmlns.oracle.com/sca/1.0" xmlns:xs="http://www.w3.org/2001/XMLSchema"
                   xmlns:ui="http://xmlns.oracle.com/soa/designer/">
      <service name="booking_client" ui:wsdlLocation="Booking.wsdl">
        <interface.wsdl interface="http://xmlns.oracle.com/Projects/BookingSystem/Booking#wsdl.interface(Booking)"/>
      </service>
    </componentType>
  </component>
  <wire>
    <source.uri>booking_client_ep</source.uri>
    <target.uri>Booking/booking_client</target.uri>
  </wire>
</composite>
