<?xml version="1.0" encoding="UTF-8" ?>
<!-- Generated by Oracle SOA Modeler version 12.1.3.0.0 at [2/27/15 9:24 AM]. -->
<composite name="Versioning"
           revision="2.0"
           label="2015-02-27_09-24-09_215"
           mode="active"
           state="on"
           xmlns="http://xmlns.oracle.com/sca/1.0"
           xmlns:xs="http://www.w3.org/2001/XMLSchema"
           xmlns:wsp="http://schemas.xmlsoap.org/ws/2004/09/policy"
           xmlns:orawsp="http://schemas.oracle.com/ws/2006/01/policy"
           xmlns:ui="http://xmlns.oracle.com/soa/designer/"
           xmlns:sca-ext="http://xmlns.oracle.com/sca/1.0-ext">
  <import namespace="http://xmlns.oracle.com/pcbpel/adapter/file/AdminLabs/Versioning/fileAdapter"
          location="WSDLs/fileAdapter.wsdl" importType="wsdl"/>
  <import namespace="http://xmlns.oracle.com/AdminLabs/Versioning/BPELProcess1" location="WSDLs/BPELProcess1.wsdl"
          importType="wsdl"/>
  <service name="bpelprocess1_client_ep" ui:wsdlLocation="WSDLs/BPELProcess1.wsdl">
    <interface.wsdl interface="http://xmlns.oracle.com/AdminLabs/Versioning/BPELProcess1#wsdl.interface(BPELProcess1)"/>
    <binding.ws port="http://xmlns.oracle.com/AdminLabs/Versioning/BPELProcess1#wsdl.endpoint(bpelprocess1_client_ep/BPELProcess1_pt)"/>
  </service>
  <property name="productVersion" type="xs:string" many="false">12.1.3.0.0</property>
  <property name="compositeID" type="xs:string" many="false">64445225-21e3-4041-9c8c-e248b9b94790</property>
  <component name="BPELProcess1" version="2.0">
    <implementation.bpel src="BPEL/BPELProcess1.bpel"/>
    <componentType>
      <service name="bpelprocess1_client" ui:wsdlLocation="WSDLs/BPELProcess1.wsdl">
        <interface.wsdl interface="http://xmlns.oracle.com/AdminLabs/Versioning/BPELProcess1#wsdl.interface(BPELProcess1)"/>
      </service>
      <reference name="fileAdapter" ui:wsdlLocation="WSDLs/fileAdapter.wsdl">
        <interface.wsdl interface="http://xmlns.oracle.com/pcbpel/adapter/file/AdminLabs/Versioning/fileAdapter#wsdl.interface(Write_ptt)"/>
      </reference>
    </componentType>
    <property name="bpel.config.transaction" type="xs:string" many="false">required</property>
  </component>
  <reference name="fileAdapter" ui:wsdlLocation="WSDLs/fileAdapter.wsdl">
    <interface.wsdl interface="http://xmlns.oracle.com/pcbpel/adapter/file/AdminLabs/Versioning/fileAdapter#wsdl.interface(Write_ptt)"/>
    <binding.jca config="Adapters/fileAdapter_file.jca"/>
    <property name="outputDir" type="xs:string" many="false" override="may">/practices/practice09/output/logicalName</property>
  </reference>
  <wire>
    <source.uri>bpelprocess1_client_ep</source.uri>
    <target.uri>BPELProcess1/bpelprocess1_client</target.uri>
  </wire>
  <wire>
    <source.uri>BPELProcess1/fileAdapter</source.uri>
    <target.uri>fileAdapter</target.uri>
  </wire>
</composite>
