<?xml version="1.0" encoding="UTF-8" ?>
<JavaBean xmlns="http://xmlns.oracle.com/adfm/beanmodel" version="12.1.3.10.8" id="getTaskDetails_Operations"
          Package="ApprovalTaskForm_ManualApproval"
          BeanClass="ApprovalTaskForm_ManualApproval.getTaskDetails_Operations" isJavaBased="false">
  <MethodAccessor id="Escalate"/>
  <MethodAccessor id="Reasign">
    <ParameterInfo id="userName" Type="java.lang.String" isStructured="false"/>
    <ParameterInfo id="groupName" Type="java.lang.String" isStructured="false"/>
  </MethodAccessor>
  <MethodAccessor id="Renew"/>
  <MethodAccessor id="Suspend"/>
  <MethodAccessor id="UpdateAction">
    <ParameterInfo id="action" Type="java.lang.String" isStructured="false"/>
  </MethodAccessor>
  <MethodAccessor id="update"/>
  <MethodAccessor id="Claim"/>
  <MethodAccessor id="Acknowledge"/>
  <MethodAccessor id="Resume"/>
  <MethodAccessor id="Withdraw"/>
  <MethodAccessor id="Release"/>
  <MethodAccessor id="APPROVE"/>
  <MethodAccessor id="REJECT"/>
</JavaBean>
