<?xml version="1.0" encoding="UTF-8" ?>
<JavaBean xmlns="http://xmlns.oracle.com/adfm/beanmodel" version="12.1.3.10.8" id="getTaskDetails"
          Package="ApprovalTaskForm_ManualApproval" BeanClass="ApprovalTaskForm_ManualApproval.getTaskDetails"
          isJavaBased="false">
  <AccessorAttribute id="task" IsCollection="true" BeanClass="ApprovalTaskForm_ManualApproval.task"
                     CollectionBeanClass="ApprovalTaskForm_ManualApproval.getTaskDetails_Operations">
    <Properties>
      <Property Name="minOccurs" Value="1"/>
      <Property Name="maxOccurs" Value="1"/>
      <Property Name="LABEL" Value="Task"/>
      <Property Name="nillable" Value="false"/>
      <Property Name="originalName" Value="task"/>
      <Property Name="targetNamespace" Value="http://xmlns.oracle.com/bpel/workflow/task"/>
    </Properties>
  </AccessorAttribute>
</JavaBean>
