<?xml version="1.0" encoding="UTF-8" ?>
<JavaBean xmlns="http://xmlns.oracle.com/adfm/beanmodel" version="12.1.3.10.8" id="items"
          Package="ApprovalTaskForm_ManualApproval" BeanClass="ApprovalTaskForm_ManualApproval.items"
          isJavaBased="false">
  <Attribute Name="inStock" Type="java.lang.Boolean">
    <Properties>
      <CustomProperties>
        <Property Name="nextSiblingNamespace" Value="http://www.example.org/ns/intorder"/>
        <Property Name="nextSibling" Value="item"/>
        <Property Name="minOccurs" Value="1"/>
        <Property Name="maxOccurs" Value="1"/>
        <Property Name="LABEL" Value="In Stock"/>
        <Property Name="LeafElement_hint" Value="LeafElement_no_attribute"/>
        <Property Name="nillable" Value="false"/>
        <Property Name="originalName" Value="inStock"/>
        <Property Name="targetNamespace" Value="http://www.example.org/ns/intorder"/>
        <Property Name="type" Value="java.lang.Boolean"/>
      </CustomProperties>
    </Properties>
  </Attribute>
  <AccessorAttribute id="item" IsCollection="true" BeanClass="ApprovalTaskForm_ManualApproval.itemType"
                     CollectionBeanClass="ApprovalTaskForm_ManualApproval.itemType_item_Operations">
    <Properties>
      <Property Name="minOccurs" Value="1"/>
      <Property Name="maxOccurs" Value="2147483640"/>
      <Property Name="LABEL" Value="Item"/>
      <Property Name="nillable" Value="false"/>
      <Property Name="originalName" Value="item"/>
      <Property Name="targetNamespace" Value="http://www.example.org/ns/intorder"/>
    </Properties>
  </AccessorAttribute>
</JavaBean>
