<?xml version="1.0" encoding="UTF-8" ?>
<JavaBean xmlns="http://xmlns.oracle.com/adfm/beanmodel" version="12.1.3.10.8" id="itemType"
          Package="ApprovalTaskForm_ManualApproval" BeanClass="ApprovalTaskForm_ManualApproval.itemType"
          isJavaBased="false">
  <Attribute Name="prodId" Type="java.lang.String">
    <Properties>
      <CustomProperties>
        <Property Name="nextSiblingNamespace" Value="http://www.example.org/ns/intorder"/>
        <Property Name="nextSibling" Value="prodName"/>
        <Property Name="minOccurs" Value="1"/>
        <Property Name="maxOccurs" Value="1"/>
        <Property Name="LABEL" Value="Prod Id"/>
        <Property Name="LeafElement_hint" Value="LeafElement_no_attribute"/>
        <Property Name="nillable" Value="false"/>
        <Property Name="originalName" Value="prodId"/>
        <Property Name="targetNamespace" Value="http://www.example.org/ns/intorder"/>
        <Property Name="type" Value="java.lang.String"/>
      </CustomProperties>
    </Properties>
  </Attribute>
  <Attribute Name="prodName" Type="java.lang.String">
    <Properties>
      <CustomProperties>
        <Property Name="nextSiblingNamespace" Value="http://www.example.org/ns/intorder"/>
        <Property Name="nextSibling" Value="price"/>
        <Property Name="minOccurs" Value="1"/>
        <Property Name="maxOccurs" Value="1"/>
        <Property Name="LABEL" Value="Prod Name"/>
        <Property Name="LeafElement_hint" Value="LeafElement_no_attribute"/>
        <Property Name="nillable" Value="false"/>
        <Property Name="originalName" Value="prodName"/>
        <Property Name="targetNamespace" Value="http://www.example.org/ns/intorder"/>
        <Property Name="type" Value="java.lang.String"/>
      </CustomProperties>
    </Properties>
  </Attribute>
  <Attribute Name="price" Type="java.math.BigDecimal">
    <Properties>
      <CustomProperties>
        <Property Name="nextSiblingNamespace" Value="http://www.example.org/ns/intorder"/>
        <Property Name="nextSibling" Value="qty"/>
        <Property Name="minOccurs" Value="1"/>
        <Property Name="maxOccurs" Value="1"/>
        <Property Name="LABEL" Value="Price"/>
        <Property Name="LeafElement_hint" Value="LeafElement_no_attribute"/>
        <Property Name="nillable" Value="false"/>
        <Property Name="originalName" Value="price"/>
        <Property Name="targetNamespace" Value="http://www.example.org/ns/intorder"/>
        <Property Name="type" Value="java.lang.BigDecimal"/>
      </CustomProperties>
    </Properties>
  </Attribute>
  <Attribute Name="qty" Type="java.lang.Integer">
    <Properties>
      <CustomProperties>
        <Property Name="minInclusive" Value="-2147483648"/>
        <Property Name="originalName" Value="qty"/>
        <Property Name="LeafElement_hint" Value="LeafElement_no_attribute"/>
        <Property Name="nextSiblingNamespace" Value="http://www.example.org/ns/intorder"/>
        <Property Name="nextSibling" Value="itemTotal"/>
        <Property Name="pattern" Value="[^//.]+"/>
        <Property Name="fractionDigits" Value="0"/>
        <Property Name="LABEL" Value="Qty"/>
        <Property Name="nillable" Value="false"/>
        <Property Name="maxOccurs" Value="1"/>
        <Property Name="maxInclusive" Value="2147483647"/>
        <Property Name="type" Value="java.lang.Integer"/>
        <Property Name="targetNamespace" Value="http://www.example.org/ns/intorder"/>
        <Property Name="minOccurs" Value="1"/>
      </CustomProperties>
    </Properties>
  </Attribute>
  <Attribute Name="itemTotal" Type="java.math.BigDecimal">
    <Properties>
      <CustomProperties>
        <Property Name="minOccurs" Value="1"/>
        <Property Name="maxOccurs" Value="1"/>
        <Property Name="LABEL" Value="Item Total"/>
        <Property Name="LeafElement_hint" Value="LeafElement_no_attribute"/>
        <Property Name="nillable" Value="false"/>
        <Property Name="originalName" Value="itemTotal"/>
        <Property Name="targetNamespace" Value="http://www.example.org/ns/intorder"/>
        <Property Name="type" Value="java.lang.BigDecimal"/>
      </CustomProperties>
    </Properties>
  </Attribute>
</JavaBean>
