<?xml version="1.0" encoding="UTF-8" ?>
<JavaBean xmlns="http://xmlns.oracle.com/adfm/beanmodel" version="12.1.3.10.8" id="ManualApprovalPayloadType"
          Package="ApprovalTaskForm_ManualApproval"
          BeanClass="ApprovalTaskForm_ManualApproval.ManualApprovalPayloadType" isJavaBased="false">
  <AccessorAttribute id="order" IsCollection="true" BeanClass="ApprovalTaskForm_ManualApproval.orderType"
                     CollectionBeanClass="ApprovalTaskForm_ManualApproval.orderType_order_Operations">
    <Properties>
      <Property Name="minOccurs" Value="1"/>
      <Property Name="maxOccurs" Value="1"/>
      <Property Name="LABEL" Value="Order"/>
      <Property Name="nillable" Value="false"/>
      <Property Name="originalName" Value="order"/>
      <Property Name="targetNamespace" Value="http://www.example.org/ns/intorder"/>
    </Properties>
  </AccessorAttribute>
</JavaBean>
