<?xml version="1.0" encoding="UTF-8" ?>
<JavaBean xmlns="http://xmlns.oracle.com/adfm/beanmodel" version="12.1.3.10.8" id="orderType"
          Package="ApprovalTaskForm_ManualApproval" BeanClass="ApprovalTaskForm_ManualApproval.orderType"
          isJavaBased="false">
  <Attribute Name="customerId" Type="java.lang.String">
    <Properties>
      <CustomProperties>
        <Property Name="nextSiblingNamespace" Value="http://www.example.org/ns/intorder"/>
        <Property Name="nextSibling" Value="orderId"/>
        <Property Name="minOccurs" Value="1"/>
        <Property Name="maxOccurs" Value="1"/>
        <Property Name="LABEL" Value="Customer Id"/>
        <Property Name="LeafElement_hint" Value="LeafElement_no_attribute"/>
        <Property Name="nillable" Value="false"/>
        <Property Name="originalName" Value="customerId"/>
        <Property Name="targetNamespace" Value="http://www.example.org/ns/intorder"/>
        <Property Name="type" Value="java.lang.String"/>
      </CustomProperties>
    </Properties>
  </Attribute>
  <Attribute Name="orderId" Type="java.lang.String">
    <Properties>
      <CustomProperties>
        <Property Name="nextSiblingNamespace" Value="http://www.example.org/ns/intorder"/>
        <Property Name="nextSibling" Value="payMethod"/>
        <Property Name="minOccurs" Value="1"/>
        <Property Name="maxOccurs" Value="1"/>
        <Property Name="LABEL" Value="Order Id"/>
        <Property Name="LeafElement_hint" Value="LeafElement_no_attribute"/>
        <Property Name="nillable" Value="false"/>
        <Property Name="originalName" Value="orderId"/>
        <Property Name="targetNamespace" Value="http://www.example.org/ns/intorder"/>
        <Property Name="type" Value="java.lang.String"/>
      </CustomProperties>
    </Properties>
  </Attribute>
  <Attribute Name="payMethod" Type="java.lang.String">
    <Properties>
      <CustomProperties>
        <Property Name="nextSiblingNamespace" Value="http://www.example.org/ns/intorder"/>
        <Property Name="nextSibling" Value="shipMethod"/>
        <Property Name="minOccurs" Value="1"/>
        <Property Name="maxOccurs" Value="1"/>
        <Property Name="LABEL" Value="Pay Method"/>
        <Property Name="LeafElement_hint" Value="LeafElement_no_attribute"/>
        <Property Name="nillable" Value="false"/>
        <Property Name="originalName" Value="payMethod"/>
        <Property Name="targetNamespace" Value="http://www.example.org/ns/intorder"/>
        <Property Name="type" Value="java.lang.String"/>
        <Property Name="enumeration" Value="[credit, onlinep]"/>
      </CustomProperties>
    </Properties>
  </Attribute>
  <Attribute Name="shipMethod" Type="java.lang.String">
    <Properties>
      <CustomProperties>
        <Property Name="nextSiblingNamespace" Value="http://www.example.org/ns/intorder"/>
        <Property Name="nextSibling" Value="orderTotal"/>
        <Property Name="minOccurs" Value="1"/>
        <Property Name="maxOccurs" Value="1"/>
        <Property Name="LABEL" Value="Ship Method"/>
        <Property Name="LeafElement_hint" Value="LeafElement_no_attribute"/>
        <Property Name="nillable" Value="false"/>
        <Property Name="originalName" Value="shipMethod"/>
        <Property Name="targetNamespace" Value="http://www.example.org/ns/intorder"/>
        <Property Name="type" Value="java.lang.String"/>
        <Property Name="enumeration" Value="[next_day, two_day, five_day, international]"/>
      </CustomProperties>
    </Properties>
  </Attribute>
  <Attribute Name="orderTotal" Type="java.math.BigDecimal">
    <Properties>
      <CustomProperties>
        <Property Name="nextSiblingNamespace" Value="http://www.example.org/ns/intorder"/>
        <Property Name="nextSibling" Value="status"/>
        <Property Name="minOccurs" Value="1"/>
        <Property Name="maxOccurs" Value="1"/>
        <Property Name="LABEL" Value="Order Total"/>
        <Property Name="LeafElement_hint" Value="LeafElement_no_attribute"/>
        <Property Name="nillable" Value="false"/>
        <Property Name="originalName" Value="orderTotal"/>
        <Property Name="targetNamespace" Value="http://www.example.org/ns/intorder"/>
        <Property Name="type" Value="java.lang.BigDecimal"/>
      </CustomProperties>
    </Properties>
  </Attribute>
  <Attribute Name="status" Type="java.lang.String">
    <Properties>
      <CustomProperties>
        <Property Name="nextSiblingNamespace" Value="http://www.example.org/ns/intorder"/>
        <Property Name="nextSibling" Value="creditCard"/>
        <Property Name="minOccurs" Value="1"/>
        <Property Name="maxOccurs" Value="1"/>
        <Property Name="LABEL" Value="Status"/>
        <Property Name="LeafElement_hint" Value="LeafElement_no_attribute"/>
        <Property Name="nillable" Value="false"/>
        <Property Name="originalName" Value="status"/>
        <Property Name="targetNamespace" Value="http://www.example.org/ns/intorder"/>
        <Property Name="type" Value="java.lang.String"/>
      </CustomProperties>
    </Properties>
  </Attribute>
  <AccessorAttribute id="creditCard" IsCollection="true" BeanClass="ApprovalTaskForm_ManualApproval.ccInfoType"
                     CollectionBeanClass="ApprovalTaskForm_ManualApproval.ccInfoType_creditCard_Operations">
    <Properties>
      <Property Name="nextSiblingNamespace" Value="http://www.example.org/ns/intorder"/>
      <Property Name="nextSibling" Value="items"/>
      <Property Name="minOccurs" Value="0"/>
      <Property Name="maxOccurs" Value="1"/>
      <Property Name="LABEL" Value="Credit Card"/>
      <Property Name="nillable" Value="false"/>
      <Property Name="originalName" Value="creditCard"/>
      <Property Name="targetNamespace" Value="http://www.example.org/ns/intorder"/>
    </Properties>
  </AccessorAttribute>
  <AccessorAttribute id="items" IsCollection="true" BeanClass="ApprovalTaskForm_ManualApproval.items"
                     CollectionBeanClass="ApprovalTaskForm_ManualApproval.items_items_Operations">
    <Properties>
      <Property Name="minOccurs" Value="1"/>
      <Property Name="maxOccurs" Value="1"/>
      <Property Name="LABEL" Value="Items"/>
      <Property Name="nillable" Value="false"/>
      <Property Name="originalName" Value="items"/>
      <Property Name="targetNamespace" Value="http://www.example.org/ns/intorder"/>
    </Properties>
  </AccessorAttribute>
</JavaBean>
