<?xml version="1.0" encoding="UTF-8" ?>
<JavaBean xmlns="http://xmlns.oracle.com/adfm/beanmodel" version="12.1.3.10.8" id="preActionUserStepsType"
          Package="ApprovalTaskForm_ManualApproval" BeanClass="ApprovalTaskForm_ManualApproval.preActionUserStepsType"
          isJavaBased="false">
  <AccessorAttribute id="preActionUserStep" IsCollection="true"
                     BeanClass="ApprovalTaskForm_ManualApproval.preActionUserStepType"
                     CollectionBeanClass="ApprovalTaskForm_ManualApproval.preActionUserStepType_preActionUserStep_Operations">
    <Properties>
      <Property Name="minOccurs" Value="0"/>
      <Property Name="maxOccurs" Value="2147483640"/>
      <Property Name="LABEL" Value="Pre Action User Step"/>
      <Property Name="nillable" Value="false"/>
      <Property Name="originalName" Value="preActionUserStep"/>
      <Property Name="targetNamespace" Value="http://xmlns.oracle.com/bpel/workflow/task"/>
    </Properties>
  </AccessorAttribute>
</JavaBean>
