<References xmlns="http://xmlns.oracle.com/adf/jndi">
  <Reference name="soademoconn" className="oracle.jdeveloper.db.adapter.DatabaseProvider"
             credentialStoreKey="soademoconn" xmlns="">
    <Factory className="oracle.jdevimpl.db.adapter.DatabaseProviderFactory1212"/>
    <RefAddresses>
      <StringRefAddr addrType="sid">
        <Contents>orcl</Contents>
      </StringRefAddr>
      <StringRefAddr addrType="subtype">
        <Contents>oraJDBC</Contents>
      </StringRefAddr>
      <StringRefAddr addrType="user">
        <Contents>soademo</Contents>
      </StringRefAddr>
      <StringRefAddr addrType="hostname">
        <Contents>host02.example.com</Contents>
      </StringRefAddr>
      <StringRefAddr addrType="port">
        <Contents>1521</Contents>
      </StringRefAddr>
      <SecureRefAddr addrType="password"/>
      <StringRefAddr addrType="oraDriverType">
        <Contents>thin</Contents>
      </StringRefAddr>
    </RefAddresses>
  </Reference>
  <Reference name="soademo" className="oracle.jdeveloper.db.adapter.DatabaseProvider" credentialStoreKey="soademo"
             xmlns="">
    <Factory className="oracle.jdevimpl.db.adapter.DatabaseProviderFactory1212"/>
    <RefAddresses>
      <StringRefAddr addrType="sid">
        <Contents>orcl</Contents>
      </StringRefAddr>
      <StringRefAddr addrType="subtype">
        <Contents>oraJDBC</Contents>
      </StringRefAddr>
      <StringRefAddr addrType="user">
        <Contents>soademo</Contents>
      </StringRefAddr>
      <StringRefAddr addrType="hostname">
        <Contents>host02.example.com</Contents>
      </StringRefAddr>
      <StringRefAddr addrType="port">
        <Contents>1521</Contents>
      </StringRefAddr>
      <SecureRefAddr addrType="password"/>
      <StringRefAddr addrType="oraDriverType">
        <Contents>thin</Contents>
      </StringRefAddr>
    </RefAddresses>
  </Reference>
</References>