<application-mbeans
   xmlns:xsi="http://www.w3.org/2001/XMLSchema-instance"
   xsi:noNamespaceSchemaLocation="http://xmlns.oracle.com/oracleas/schema/11/application-mbeans-11_1.xsd"
   schema-major-version="11"
   schema-minor-version="1">
    <config-mbeans>
        <jmx-config-mbean objectname="com.oracle.igf:type=Xml,name=CarmlConfig_IDXUserRole"
              class="com.oracle.igf.config.CarmlConfigImpl"
              management-interface="com.oracle.igf.config.CarmlConfig">
              <config-file path="../carml/idxuserrole.xml" />
              <persistence-manager class="oracle.as.config.persistence.jaxb.JAXBXmlPersistenceManagerImpl" >
                  <property key="oracle.as.config.persistence.jaxb.contextpath" value="com.oracle.igf.config.carmljaxb"/>
              </persistence-manager>
        </jmx-config-mbean>

        <jmx-config-mbean objectname="com.oracle.igf:type=Xml,name=MappingConfig_IDXUserRole"
              class="com.oracle.igf.config.MappingConfigImpl"
              management-interface="com.oracle.igf.config.MappingConfig">
              <config-file path="../arisidprovider/conf/igf-map-config-IDXUserRole.xml" />
              <persistence-manager class="oracle.as.config.persistence.jaxb.JAXBXmlPersistenceManagerImpl" >
                  <property key="oracle.as.config.persistence.jaxb.contextpath" value="com.oracle.igf.config.mappingjaxb"/>
              </persistence-manager>
        </jmx-config-mbean>

        <!--jmx-config-mbean objectname="com.oracle.igf:type=Xml,name=EntityConfig_idxuserrole"
              class="com.oracle.igf.config.EntityConfigMXBeanImpl"
              management-interface="com.oracle.igf.config.EntityConfigMXBean">
              <config-file path="../carml/idxuserrole-entities.xml" />
              <persistence-manager class="oracle.as.config.persistence.jaxb.JAXBXmlPersistenceManagerImpl" >
                  <property key="oracle.as.config.persistence.jaxb.contextpath" value="com.oracle.igf.config.entityjaxb"/>
              </persistence-manager>
        </jmx-config-mbean-->

    </config-mbeans>

</application-mbeans>
