<?xml version="1.0" encoding="UTF-8" standalone="yes" ?>

<!-- 
 Copyright (c) 2008, 2012, Oracle and/or its affiliates. All rights reserved. 

   NAME
     jps_mbeans.xml - <one-line expansion of the name>

   DESCRIPTION
     <short description of component this file declares/defines>

   NOTES
     <other useful comments, qualifications, etc.>

   MODIFIED   (MM/DD/YY)
   skalyana    03/05/12 - Add audit mbean
   msambojh    01/29/09 - add support for activation
   msambojh    10/05/08 - decommission idstore mbeans
   pmothuku    08/21/08 - 
   msambojh    08/20/08 - 
   pmothuku    07/28/08 - Creation

-->
<application-mbeans xmlns:xsi="http://www.w3.org/2001/XMLSchema-instance" xsi:noNamespaceSchemaLocation="http://xmlns.oracle.com/oracleas/schema/11/application-mbeans-11_1.xsd" schema-major-version="11" schema-minor-version="1">
    <config-mbeans>
        <jmx-config-mbean management-interface="oracle.security.jps.mas.mgmt.jmx.config.JpsConfigMXBean" class="oracle.security.jps.mas.mgmt.jmx.config.JpsConfigBeanImpl" objectname="com.oracle.jps:type=JpsConfig">
           <config-file path="../jps-config.xml"/>
        </jmx-config-mbean>
        <jmx-config-mbean management-interface="oracle.security.jps.mas.mgmt.jmx.credstore.JpsCredentialMXBean" class="oracle.security.jps.mas.mgmt.jmx.credstore.JpsCredentialBeanImpl" objectname="com.oracle.jps:type=JpsCredentialStore">
            <property value="Farm" key="Scope" />
            <config-file path="../cwallet.sso"/>
        </jmx-config-mbean>
        <jmx-config-mbean management-interface="oracle.security.jps.mas.mgmt.jmx.keystore.JpsKeyStoreMXBean" class="oracle.security.jps.mas.mgmt.jmx.keystore.JpsKeyStoreBeanImpl" objectname="com.oracle.jps:type=JpsKeyStore">
            <property value="Farm" key="Scope" />
        </jmx-config-mbean>
        <jmx-config-mbean management-interface="oracle.security.jps.mas.mgmt.jmx.policy.JpsGlobalPolicyStoreMXBean" class="oracle.security.jps.mas.mgmt.jmx.policy.JpsGlobalPolicyStoreImpl" objectname="com.oracle.jps:type=JpsGlobalPolicyStore">
            <property value="Farm" key="Scope" />
            <config-file path="../system-jazn-data.xml"/>
        </jmx-config-mbean>
        <jmx-config-mbean management-interface="oracle.security.jps.mas.mgmt.jmx.policy.JpsAdminRoleMXBean" class="oracle.security.jps.mas.mgmt.jmx.policy.JpsAdminRoleImpl" objectname="com.oracle.jps:type=JpsAdminPolicyStore">
            <property value="Farm" key="Scope" />
        </jmx-config-mbean>
        <jmx-config-mbean management-interface="oracle.security.jps.mas.mgmt.jmx.policy.JpsApplicationPolicyStoreMXBean" class="oracle.security.jps.mas.mgmt.jmx.policy.JpsApplicationPolicyStoreImpl" objectname="com.oracle.jps:type=JpsApplicationPolicyStore">
            <property value="Farm" key="Scope" />
        </jmx-config-mbean>
        <jmx-config-mbean management-interface="oracle.security.jps.mas.mgmt.jmx.audit.JpsAuditMXBean" class="oracle.security.jps.mas.mgmt.jmx.audit.JpsAuditBeanImpl" objectname="com.oracle.jps:type=JpsAudit">
            <config-file path="../jps-config.xml"/>
        </jmx-config-mbean> 
    </config-mbeans>
</application-mbeans>
