<?xml version = '1.0' encoding = 'UTF-8' standalone='yes'?>
<application-mbeans
   xmlns:xsi="http://www.w3.org/2001/XMLSchema-instance"
   xsi:noNamespaceSchemaLocation="http://xmlns.oracle.com/oracleas/schema/11/application-mbeans-11_1.xsd"
   schema-major-version="11"
   schema-minor-version="1"
>
    <config-mbeans>
        <jmx-config-mbean objectname="com.oracle:type=OVD,context=ids,name=AdaptersConfig"
              class="oracle.iam.management.ovd.config.mbeans.adapters.AdaptersConfigMXBeanImpl"
              management-interface="oracle.iam.management.ovd.config.mbeans.adapters.AdaptersConfigMXBean">
              <config-file path="../ovd/ids/adapters.os_xml" />

              <persistence-manager class="oracle.as.config.persistence.jaxb.JAXBXmlPersistenceManagerImpl" >
                  <property key="oracle.as.config.persistence.jaxb.contextpath" value="oracle.iam.management.ovd.config.jaxb.adapters"/>
              </persistence-manager>
        </jmx-config-mbean>

        <jmx-config-mbean objectname="com.oracle:type=OVD,context=ids,name=ServerConfig"
              class="oracle.iam.management.ovd.config.mbeans.server.ServerConfigMXBeanImpl"
              management-interface="oracle.iam.management.ovd.config.mbeans.server.ServerConfigMXBean">
              <config-file path="../ovd/ids/server.os_xml" />

              <persistence-manager class="oracle.as.config.persistence.jaxb.JAXBXmlPersistenceManagerImpl" >
                  <property key="oracle.as.config.persistence.jaxb.contextpath" value="oracle.iam.management.ovd.config.jaxb.server"/>
              </persistence-manager>
        </jmx-config-mbean>

        <jmx-config-mbean objectname="com.oracle:type=OVD,context=ids,name=MappersConfig"
              class="oracle.iam.management.ovd.config.mbeans.mapper.MappingsMXBeanImpl"
              management-interface="oracle.iam.management.ovd.config.mbeans.mapper.MappingsMXBean">
              <config-file path="../ovd/ids/mappings.os_xml" />

              <persistence-manager class="oracle.as.config.persistence.jaxb.JAXBXmlPersistenceManagerImpl" >
                  <property key="oracle.as.config.persistence.jaxb.contextpath" value="oracle.iam.management.ovd.config.jaxb.mapper"/>
              </persistence-manager>
        </jmx-config-mbean>
    </config-mbeans>
</application-mbeans>
