<?xml version = '1.0' encoding = 'UTF-8' standalone='yes'?>
<application-mbeans xmlns:xsi="http://www.w3.org/2001/XMLSchema-instance"
  xsi:noNamespaceSchemaLocation="http://xmlns.oracle.com/oracleas/schema/11/application-mbeans-11_1.xsd"
  schema-major-version="11"
  schema-minor-version="1"
>
 <runtime-mbeans location="${soa.oracle.home}/soa/modules/oracle.soa.fabric_11.1.1/fabric-runtime.jar">
  <jmx-runtime-mbean 
     objectname="oracle.soa.config:j2eeType=CompositeStore,name=offline"
     class="oracle.fabric.management.compositestore.mbean.CompositeStoreMXBeanImpl"
     management-interface="oracle.fabric.management.compositestore.mbean.CompositeStoreMXBean">
   <description>SOA Composite Store Domain Runtime MBean</description>
  </jmx-runtime-mbean>

  <jmx-runtime-mbean 
     objectname="oracle.soa.config:j2eeType=ServerProfile,name=offline"
     class="oracle.fabric.management.runtime.mbean.ServerProfile"
     management-interface="oracle.fabric.management.runtime.mbean.ServerProfileMXBean">
   <description>SOA Profile Runtime MBean</description>
  </jmx-runtime-mbean>

  
 </runtime-mbeans>
  <config-mbeans location="${soa.oracle.home}/soa/modules/oracle.soa.fabric_11.1.1/fabric-runtime.jar">
    <jmx-config-mbean
      objectname="oracle.soa.config:j2eeType=URLResolver,name=offline"
      class="oracle.fabric.management.urlresolver.mbean.URLResolverMXBeanImpl"
      management-interface="oracle.fabric.management.urlresolver.mbean.URLResolverMXBean">

      <description>SOA URL Resolver Domain Runtime MBean</description>
      <config-file path="../mdm-url-resolver.xml" />
      <persistence-manager class="oracle.fabric.management.urlresolver.mbean.URLResolverPersistenceManager" />
    </jmx-config-mbean>

    <jmx-config-mbean
      objectname="oracle.soa.config:j2eeType=ServerProfileConfig,name=offline"
      class="oracle.fabric.management.profiles.mbean.ServerProfileConfig"
      management-interface="oracle.fabric.management.profiles.mbean.ServerProfileConfigMXBean">

      <description>SOA ServerProfile Configuration MBean</description>
      <config-file path="../server-profile-mbean-config.xml" />
      <persistence-manager class="oracle.fabric.management.urlresolver.mbean.URLResolverPersistenceManager" />
    </jmx-config-mbean>

    <jmx-config-mbean
      objectname="oracle.soa.config:j2eeType=SOAWorkManagerConfig,name=offline"
      class="oracle.integration.platform.workmanager.mbean.SOAWorkManagerConfigMXBeanImpl"
      management-interface="oracle.integration.platform.workmanager.mbean.SOAWorkManagerConfigMXBean">

      <description>SOA WorkManager Configuration MBean</description>
      <property key="appName" value="soa-infra"/>
    </jmx-config-mbean>
  </config-mbeans>
</application-mbeans>

