<?xml version = '1.0' encoding = 'UTF-8' standalone='yes'?>

<!--  $Header: pcbpel/install/weblogic_10/templates/oracle.soa_template/config/fmwconfig/mbeans/soa-ccw-mbeans.xml /main/1 2013/01/09 21:03:46 riyanu Exp $ -->

<!-- 
 Copyright (c) 2012, 2013, Oracle and/or its affiliates. All rights reserved. 

   NAME
     soa-ccw-mbeans.xml - <one-line expansion of the name>

   DESCRIPTION
     <short description of component this file declares/defines>

   NOTES
     <other useful comments, qualifications, etc.>

   MODIFIED   (MM/DD/YY)
   riyanu      12/12/12 - Creation

-->
<application-mbeans xmlns:xsi="http://www.w3.org/2001/XMLSchema-instance"
  xsi:noNamespaceSchemaLocation="http://xmlns.oracle.com/oracleas/schema/11/application-mbeans-11_1.xsd"
  schema-major-version="11"
  schema-minor-version="1"
>
    <config-mbeans location="${soa.oracle.home}/soa/modules/oracle.soa.fabric_11.1.1/fabric-runtime.jar">

    <jmx-config-mbean
      objectname="oracle.soa.config:j2eeType=SoaCcwConfiguration,name=SoaCcwConfiguration"
      class="oracle.fabric.management.ccw.mbean.SoaCcwConfigMXBeanImpl"
      management-interface="oracle.fabric.management.ccw.mbean.SoaCcwConfigMXBean">
      <description>SOA's CCW configuration Domain Runtime MBean</description>
    </jmx-config-mbean>

    <jmx-config-mbean
      objectname="oracle.soa.config:j2eeType=EssCcwConfiguration,name=EssCcwRewiring"
      class="oracle.fabric.management.ccw.mbean.EssCcwRewiringMXBeanImpl"
      management-interface="oracle.fabric.management.ccw.mbean.EssCcwRewiringMXBean">
      <description>ESS's soa side CCW rewiring MBean</description>
    </jmx-config-mbean>

  </config-mbeans>
</application-mbeans>



