<?xml version="1.0"?>
<!-- Copyright (c) 2009, 2013, Oracle and/or its affiliates. 
All rights reserved. -->
<application-mbeans xmlns:xsi="http://www.w3.org/2001/XMLSchema-instance"
  xsi:noNamespaceSchemaLocation="http://xmlns.oracle.com/oracleas/schema/11/application-mbeans-11_1.xsd"
  schema-major-version="11" schema-minor-version="1">

  <config-mbeans>
    <jmx-config-mbean
      objectname="com.oracle.sdp.messaging:type=SDPMessagingServerConfig,name=BusinessRuleTerms"
      class="oracle.sdpinternal.messaging.management.config.BusinessRuleTermsMXBeanImpl"
      management-interface="oracle.sdpinternal.messaging.management.config.BusinessRuleTermsMXBean">
      <description>SDP Messaging Userprefs Business Rule Term Definitions</description>
      <config-file path="../ums-userprefs-businessterms.xml"/>

      <persistence-manager class="oracle.as.config.persistence.jaxb.JAXBXmlPersistenceManagerImpl">
        <property key="oracle.as.config.persistence.jaxb.contextpath" value="oracle.sdpinternal.messaging.management.config"/>
      </persistence-manager>
    </jmx-config-mbean>

    <jmx-config-mbean
      objectname="com.oracle.sdp.messaging:type=SDPMessagingServerConfig,name=Profiles"
      class="oracle.sdpinternal.messaging.management.config.ProfilesMXBeanImpl"
      management-interface="oracle.sdpinternal.messaging.management.config.ProfilesMXBean">
      <description>SDP Messaging Application Partitioning Profiles</description>
      <config-file path="../ums-userprefs-profiles.xml"/>

      <persistence-manager class="oracle.as.config.persistence.jaxb.JAXBXmlPersistenceManagerImpl">
        <property key="oracle.as.config.persistence.jaxb.contextpath" value="oracle.sdpinternal.messaging.management.config"/>
      </persistence-manager>
    </jmx-config-mbean>

  </config-mbeans>

</application-mbeans>

