<?xml version="1.0"?>
<!-- Copyright (c) 2009, 2012, Oracle and/or its affiliates. 
All rights reserved. -->
<application-mbeans xmlns:xsi="http://www.w3.org/2001/XMLSchema-instance"
  xsi:noNamespaceSchemaLocation="http://xmlns.oracle.com/oracleas/schema/11/application-mbeans-11_1.xsd"
  schema-major-version="11" schema-minor-version="1">

  <config-mbeans>
    <jmx-config-mbean
      objectname="oracle.ucs.messaging:type=UmsDomainConfig,name=UmsDomainConfiguration"
      class="oracle.ucsinternal.messaging.config.MessagingConfigMXBeanImpl"
      management-interface="oracle.ucsinternal.messaging.config.MessagingConfigMXBean"
      edit-session="false">
      <description>User Messaging Service Domain Config MBean</description>
      <config-file path="../usermessagingconfig.xml" />
      <persistence-manager
        class="oracle.as.config.persistence.jaxb.JAXBXmlPersistenceManagerImpl">
        <property key="oracle.as.config.persistence.jaxb.contextpath"
          value="oracle.ucsinternal.messaging.config" />
      </persistence-manager>
    </jmx-config-mbean>

  </config-mbeans>

</application-mbeans>

