<?xml version = '1.0' encoding = 'UTF-8' standalone='yes'?>
<application-mbeans
    xmlns:xsi="http://www.w3.org/2001/XMLSchema-instance"
    xsi:noNamespaceSchemaLocation="http://xmlns.oracle.com/oracleas/schema/11/application-mbeans-11_1.xsd"
    schema-major-version="11"
    schema-minor-version="1"> 
    <config-mbeans>
        <jmx-config-mbean
            objectname="oracle.wsm.ccw:type=PolicyAccess,name=ClientConfigurationMBean"
            class="oracle.wsm.policyaccess.ccw.mbean.impl.ClientConfigurationMBeanImpl"
            management-interface="oracle.wsm.policyaccess.ccw.mbean.IClientConfigurationMBean">
            <description>OWSM Client Configuration MBean</description>
            <config-file path="../wsm-ccw-config.xml" />
            <persistence-manager class="oracle.as.config.persistence.jaxb.JAXBXmlPersistenceManagerImpl" >
                <property key="oracle.as.config.persistence.jaxb.contextpath" 
                          value="oracle.wsm.resmgmt.schema"/>
            </persistence-manager>
        </jmx-config-mbean>
    </config-mbeans>
</application-mbeans>


