<?xml version="1.0" encoding="UTF-8"?>
<logging_configuration>
  <log_handlers>

   <log_handler name='console-handler' class='oracle.core.ojdl.logging.ConsoleHandler' formatter='oracle.core.ojdl.weblogic.ConsoleFormatter' level='WARNING:32'/>

   <log_handler name='odl-handler' class='oracle.core.ojdl.logging.ODLHandlerFactory' filter='oracle.dfw.incident.IncidentDetectionLogFilter'>
    <property name='path' value='${domain.home}/servers/${weblogic.Name}/logs/${weblogic.Name}-diagnostic.log'/>
    <property name='maxFileSize' value='10485760'/>
    <property name='maxLogSize' value='104857600'/>
    <property name='encoding' value='UTF-8'/>
    <property name='useThreadName' value='true'/>
    <property name='supplementalAttributes'
       value='DSID,J2EE_APP.name,J2EE_MODULE.name,WEBSERVICE.name,WEBSERVICE_PORT.name,oracle.soa.tracking.FlowId,oracle.soa.tracking.InstanceId,oracle.soa.tracking.SCAEntityId,oracle.soa.tracking.FaultId,oracle.soa.tracking.RetryCount,composite_name'/> 
   </log_handler>

   <log_handler name='wls-domain' class='oracle.core.ojdl.weblogic.DomainLogHandler' level="WARNING"/>

   <log_handler name='owsm-message-handler' class='oracle.core.ojdl.logging.ODLHandlerFactory'>
      <property name='path' value='${domain.home}/servers/${weblogic.Name}/logs/owsm/msglogging/diagnostic.log'/>
      <property name='maxFileSize' value='10485760'/>
      <property name='maxLogSize' value='104857600'/>
      <property name='encoding' value='UTF-8'/>
      <property name='supplementalAttributes' value='J2EE_APP.name,J2EE_MODULE.name,WEBSERVICE.name,WEBSERVICE_PORT.name'/>
   </log_handler>
  
   <log_handler name='em-log-handler' level='NOTIFICATION:32' class='oracle.core.ojdl.logging.ODLHandlerFactory' filter='oracle.dfw.incident.IncidentDetectionLogFilter'>
     <property name='logreader:' value='off'/>
     <property name='path' value='${domain.home}/servers/${weblogic.Name}/sysman/log/emoms.log'/>
     <property name='format' value='ODL-Text'/>
     <property name='useThreadName' value='true'/>
     <property name='maxFileSize' value='5242880'/>
     <property name='maxLogSize' value='52428800'/>
     <property name='encoding' value='UTF-8'/>
   </log_handler>

   <log_handler name='em-trc-handler' level='TRACE:32' class='oracle.core.ojdl.logging.ODLHandlerFactory'>
     <property name='path' value='${domain.home}/servers/${weblogic.Name}/sysman/log/emoms.trc'/>
     <property name='format' value='ODL-Text'/>
     <property name='useThreadName' value='true'/>
     <property name='locale' value='en'/>
     <property name='maxFileSize' value='5242880'/>
     <property name='maxLogSize' value='52428800'/>
     <property name='encoding' value='UTF-8'/>
   </log_handler>

   <log_handler name='quicktrace-handler' level='TRACE:32' class='oracle.core.ojdl.logging.QuickTraceHandlerFactory'>
     <property name='mode' value='objRef'/>
     <property name='bufferSize' value='5242880'/>
     <property name='maxFieldLength' value='240'/>
     <property name='useLoggingContext' value='false'/>
     <property name='useThreadName' value='false'/>
     <property name='useSourceClassandMethod' value='false'/>
     <property name='encoding' value='UTF-8'/>
   </log_handler>

  </log_handlers>

  <loggers>

    <logger name="" level="WARNING:1">
      <handler name="odl-handler"/>
      <handler name="wls-domain"/>
      <handler name="console-handler"/>
    </logger>

    <logger name="oracle" level="NOTIFICATION:1"/>

    <logger name="oracle.adf"/>
    <logger name="oracle.adf.desktopintegration"/>
    <logger name="oracle.adf.faces"/>
    <logger name="oracle.adf.controller"/>
    <logger name="oracle.adfinternal"/>
    <logger name="oracle.adfinternal.controller"/>
    <logger name="oracle.jbo"/>
    <logger name="oracle.adfdt"/>
    <logger name="oracle.adfdtinternal"/>

    <logger name="oracle.wsm"/>

    <logger name="oracle.wsm.msg.logging" level="NOTIFICATION:1" useParentHandlers="false">
      <handler name="owsm-message-handler"/>
      <handler name="wls-domain"/>
    </logger>

    <logger name='oracle.sysman' level='NOTIFICATION:32' useParentHandlers='false'>
      <handler name='em-log-handler'/>
      <handler name='em-trc-handler'/>
    </logger>

  </loggers>
</logging_configuration>
