<?xml version="1.0" encoding="UTF-8" standalone="yes"?>

<!--
     The domain-level Profile Definition File.

     This file represents a read-only repository of SOA Profile Definitions.  Any changes to this file must be approved by SOA Product Management.

 -->

<soa-profiles>
    <profile>
        <name>BPM BASIC</name>

        <description>SOA-550000</description>

        <required-install-templates>
            <required-install-template>Oracle BPM Suite</required-install-template>
            <required-install-template>Oracle SOA Suite</required-install-template>
        </required-install-templates>

        <fabric-spring-profiles>
            <fabric-spring-profile>core</fabric-spring-profile>
            <fabric-spring-profile>bpel</fabric-spring-profile>
            <fabric-spring-profile>bpmn</fabric-spring-profile>
            <fabric-spring-profile>cm</fabric-spring-profile>
            <fabric-spring-profile>workflow</fabric-spring-profile>
            <fabric-spring-profile>rules</fabric-spring-profile>

            <!-- remove the mediator and b2b Spring profiles from BPM BASIC once the BPM MATS QA tests are updated.  -->
            <fabric-spring-profile>mediator</fabric-spring-profile>
            <fabric-spring-profile>b2b</fabric-spring-profile>

        </fabric-spring-profiles>

        <soa-apps>
            <!-- Core applications -->
            <soa-app>soa-infra</soa-app>
            <soa-app>soa-webapps</soa-app>

            <!-- BPM applications -->
            <soa-app>BPMComposer</soa-app>
            <soa-app>OracleBPMBACServerApp</soa-app>
            <soa-app>OracleBPMWorkspace</soa-app>
            <soa-app>OracleBPMComposerRolesApp</soa-app>
            <soa-app>OracleBPMProcessRolesApp</soa-app>
            <soa-app>frevvo</soa-app>
            <soa-app>OAAPredictionService</soa-app>

            <!-- Workflow applications -->
            <soa-app>SimpleApprovalTaskFlow</soa-app>
            <soa-app>DefaultToDoTaskFlow</soa-app>

            <!-- re-introducing the worklistapp into BPM BASIC, to workaround some issues with the CCW scripting/templates in the SOA install -->
            <soa-app>worklistapp</soa-app>

            <!-- B2B applications -->
            <soa-app>b2bui</soa-app>

            <!-- UMS applications, removed per Raj and Aninda's suggestion
            <soa-app>usermessagingdriver-email</soa-app>
            <soa-app>usermessagingdriver-extension</soa-app>
            <soa-app>usermessagingdriver-smpp</soa-app>
            <soa-app>usermessagingserver</soa-app>
            -->
        </soa-apps>

        <!-- ALL should include all EJB/Web modules in the default SOA Platform. -->
        <soa-infra-modules>
            <!-- BPEL EJB module -->
            <soa-infra-module>ejb_ob_engine_wls.jar</soa-infra-module>

            <!-- Fabric EJB Module -->
            <soa-infra-module>fabric-ejb.jar</soa-infra-module>

            <!-- Fabric Web Module -->
            <!-- fabric-wls.war -->
            <soa-infra-module>/soa-infra</soa-infra-module>


            <!-- BPMN EJB Modules -->
            <soa-infra-module>oracle.bpm.runtime.bpmn-engine-ejb.jar</soa-infra-module>
            <soa-infra-module>oracle.bpm.analytics.ejb.jar</soa-infra-module>
            <soa-infra-module>oracle.bpm.bpm-services.ejb.jar</soa-infra-module>
            <soa-infra-module>oracle.bpm.casemgmt.ejb.jar</soa-infra-module>
            <soa-infra-module>oracle.bpm.analytics.actions.jar</soa-infra-module>
            <soa-infra-module>oracle.bpm.hwfanalytics.ejb.jar</soa-infra-module>

            <!-- BPMN Web Modules -->
            <!-- oracle.bpm.casemgmt.web.war -->
            <soa-infra-module>/bpm/casemgmt</soa-infra-module>

            <!-- oracle.bpm.analytics.actions.war -->
            <soa-infra-module>cubeaction</soa-infra-module>


            <!-- Workflow EJB Modules -->
            <soa-infra-module>hw_services_wls_ejb.jar</soa-infra-module>
            <soa-infra-module>decision_services_ejb.jar</soa-infra-module>

            <!-- Workflow Web Modules -->
            <!-- hw_services.war -->
            <soa-infra-module>/integration/services</soa-infra-module>

            <!-- taskservice.war -->
            <soa-infra-module>/integration/services/TaskService</soa-infra-module>

            <!-- taskmetadataservice.war -->
            <soa-infra-module>/integration/services/TaskMetadataService</soa-infra-module>

            <!-- taskqueryservice.war -->
            <soa-infra-module>/integration/services/TaskQueryService</soa-infra-module>

            <!-- taskreportservice.war -->
            <soa-infra-module>/integration/services/TaskReportService</soa-infra-module>


            <!-- IdentityService.war -->
            <soa-infra-module>/integration/services/IdentityService</soa-infra-module>

            <!-- usermetadataservice.war -->
            <soa-infra-module>/integration/services/UserMetadataService</soa-infra-module>

            <!-- runtimeconfigservice.war -->
            <soa-infra-module>/integration/services/RuntimeConfigService</soa-infra-module>

            <!-- taskevidenceservice.war -->
            <soa-infra-module>/integration/services/TaskEvidenceService</soa-infra-module>

            <!-- HWFDiagnosticService.war -->
            <soa-infra-module>/integration/services/DiagnosticService</soa-infra-module>

            <!-- bpm-services.war provides REST API support for Workflow -->
            <soa-infra-module>/bpm/services</soa-infra-module>

            <!-- agmetadataservice.war -->
            <soa-infra-module>/integration/services/AGMetadataService</soa-infra-module>

            <!-- agqueryservice.war -->
            <soa-infra-module>/integration/services/AGQueryService</soa-infra-module>

            <!-- agadminservice.war -->
            <soa-infra-module>/integration/services/AGAdminService</soa-infra-module>

            <soa-infra-module>soa-job-ejb.jar</soa-infra-module>

            <!-- B2B EJB Module -->
            <soa-infra-module>b2b_engine_wls.jar</soa-infra-module>

            <!-- B2B Web Modules -->
            <!-- b2bws.war -->
            <soa-infra-module>/integration/services/b2b</soa-infra-module>

            <!-- b2b_starter_wls.war -->
            <soa-infra-module>/b2b</soa-infra-module>

        </soa-infra-modules>

        <adapter-set-reference>LIMITED</adapter-set-reference>

    </profile>


    <profile>
        <name>BPM CLASSIC</name>

        <description>SOA-550008</description>

        <required-install-templates>
            <required-install-template>Oracle BPM Suite</required-install-template>
            <required-install-template>Oracle SOA Suite</required-install-template>
        </required-install-templates>

        <fabric-spring-profiles>
            <fabric-spring-profile>all</fabric-spring-profile>
        </fabric-spring-profiles>

        <soa-apps>
            <!-- Core applications -->
            <soa-app>soa-infra</soa-app>
            <soa-app>soa-webapps</soa-app>

            <!-- BPM applications -->
            <soa-app>BPMComposer</soa-app>
            <soa-app>OracleBPMBACServerApp</soa-app>
            <soa-app>OracleBPMWorkspace</soa-app>
            <soa-app>OracleBPMComposerRolesApp</soa-app>
            <soa-app>OracleBPMProcessRolesApp</soa-app>
            <soa-app>frevvo</soa-app>
            <soa-app>OAAPredictionService</soa-app>

            <!-- Workflow applications -->
            <soa-app>SimpleApprovalTaskFlow</soa-app>
            <soa-app>DefaultToDoTaskFlow</soa-app>
            <soa-app>worklistapp</soa-app>

            <!-- UMS applications, removed per Raj and Aninda's suggestion
            <soa-app>usermessagingdriver-email</soa-app>
            <soa-app>usermessagingdriver-extension</soa-app>
            <soa-app>usermessagingdriver-smpp</soa-app>
            <soa-app>usermessagingserver</soa-app>
            -->

            <!-- B2B applications -->
            <soa-app>b2bui</soa-app>

        </soa-apps>

        <!-- ALL should include all EJB/Web modules in the default SOA Platform. -->
        <soa-infra-modules>
            <!-- BPEL EJB module -->
            <soa-infra-module>ejb_ob_engine_wls.jar</soa-infra-module>

            <!-- Fabric EJB Module -->
            <soa-infra-module>fabric-ejb.jar</soa-infra-module>

            <!-- Fabric Web Module -->
            <!-- fabric-wls.war -->
            <soa-infra-module>/soa-infra</soa-infra-module>


            <!-- BPMN EJB Modules -->
            <soa-infra-module>oracle.bpm.runtime.bpmn-engine-ejb.jar</soa-infra-module>
            <soa-infra-module>oracle.bpm.analytics.ejb.jar</soa-infra-module>
            <soa-infra-module>oracle.bpm.bpm-services.ejb.jar</soa-infra-module>
            <soa-infra-module>oracle.bpm.casemgmt.ejb.jar</soa-infra-module>
            <soa-infra-module>oracle.bpm.analytics.actions.jar</soa-infra-module>
            <soa-infra-module>oracle.bpm.hwfanalytics.ejb.jar</soa-infra-module>

            <!-- BPMN Web Modules -->
            <!-- oracle.bpm.casemgmt.web.war -->
            <soa-infra-module>/bpm/casemgmt</soa-infra-module>

            <!-- oracle.bpm.analytics.actions.war -->
            <soa-infra-module>cubeaction</soa-infra-module>


            <!-- Workflow EJB Modules -->
            <soa-infra-module>hw_services_wls_ejb.jar</soa-infra-module>
            <soa-infra-module>decision_services_ejb.jar</soa-infra-module>

            <!-- Workflow Web Modules -->
            <!-- hw_services.war -->
            <soa-infra-module>/integration/services</soa-infra-module>

            <!-- taskservice.war -->
            <soa-infra-module>/integration/services/TaskService</soa-infra-module>

            <!-- taskmetadataservice.war -->
            <soa-infra-module>/integration/services/TaskMetadataService</soa-infra-module>

            <!-- taskqueryservice.war -->
            <soa-infra-module>/integration/services/TaskQueryService</soa-infra-module>

            <!-- taskreportservice.war -->
            <soa-infra-module>/integration/services/TaskReportService</soa-infra-module>


            <!-- IdentityService.war -->
            <soa-infra-module>/integration/services/IdentityService</soa-infra-module>

            <!-- usermetadataservice.war -->
            <soa-infra-module>/integration/services/UserMetadataService</soa-infra-module>

            <!-- runtimeconfigservice.war -->
            <soa-infra-module>/integration/services/RuntimeConfigService</soa-infra-module>

            <!-- taskevidenceservice.war -->
            <soa-infra-module>/integration/services/TaskEvidenceService</soa-infra-module>

            <!-- HWFDiagnosticService.war -->
            <soa-infra-module>/integration/services/DiagnosticService</soa-infra-module>

            <!-- bpm-services.war provides REST API support for Workflow -->
            <soa-infra-module>/bpm/services</soa-infra-module>

            <!-- B2B EJB Module -->
            <soa-infra-module>b2b_engine_wls.jar</soa-infra-module>

            <!-- B2B Web Modules -->
            <!-- b2bws.war -->
            <soa-infra-module>/integration/services/b2b</soa-infra-module>

            <!-- b2b_starter_wls.war -->
            <soa-infra-module>/b2b</soa-infra-module>

            <!-- agmetadataservice.war -->
            <soa-infra-module>/integration/services/AGMetadataService</soa-infra-module>

            <!-- agqueryservice.war -->
            <soa-infra-module>/integration/services/AGQueryService</soa-infra-module>

            <!-- agadminservice.war -->
            <soa-infra-module>/integration/services/AGAdminService</soa-infra-module>
            <soa-infra-module>soa-job-ejb.jar</soa-infra-module>

        </soa-infra-modules>

        <adapter-set-reference>FULL</adapter-set-reference>

    </profile>


    <profile>
        <name>SOA CLASSIC</name>

        <description>SOA-550009</description>

        <required-install-templates>
            <required-install-template>Oracle SOA Suite</required-install-template>
        </required-install-templates>

        <fabric-spring-profiles>
            <fabric-spring-profile>all</fabric-spring-profile>
        </fabric-spring-profiles>

        <soa-apps>
            <!-- Core applications -->
            <soa-app>soa-infra</soa-app>
            <soa-app>soa-webapps</soa-app>

            <!-- Workflow applications -->
            <soa-app>DefaultToDoTaskFlow</soa-app>
            <soa-app>worklistapp</soa-app>

            <!-- UMS applications, removed per Raj and Aninda's suggestion
            <soa-app>usermessagingdriver-email</soa-app>
            <soa-app>usermessagingdriver-extension</soa-app>
            <soa-app>usermessagingdriver-smpp</soa-app>
            <soa-app>usermessagingserver</soa-app>
            -->

            <!-- B2B applications -->
            <soa-app>b2bui</soa-app>

        </soa-apps>

        <!-- ALL should include all EJB/Web modules in the default SOA Platform. -->
        <soa-infra-modules>
            <!-- BPEL EJB module -->
            <soa-infra-module>ejb_ob_engine_wls.jar</soa-infra-module>

            <!-- Fabric EJB Module -->
            <soa-infra-module>fabric-ejb.jar</soa-infra-module>

            <!-- Fabric Web Module -->
            <!-- fabric-wls.war -->
            <soa-infra-module>/soa-infra</soa-infra-module>


            <!-- BPMN EJB Modules -->
            <soa-infra-module>oracle.bpm.runtime.bpmn-engine-ejb.jar</soa-infra-module>
            <soa-infra-module>oracle.bpm.analytics.ejb.jar</soa-infra-module>
            <soa-infra-module>oracle.bpm.bpm-services.ejb.jar</soa-infra-module>
            <soa-infra-module>oracle.bpm.casemgmt.ejb.jar</soa-infra-module>
            <soa-infra-module>oracle.bpm.analytics.actions.jar</soa-infra-module>
            <soa-infra-module>oracle.bpm.hwfanalytics.ejb.jar</soa-infra-module>

            <!-- BPMN Web Modules -->
            <!-- oracle.bpm.casemgmt.web.war -->
            <soa-infra-module>/bpm/casemgmt</soa-infra-module>

            <!-- oracle.bpm.analytics.actions.war -->
            <soa-infra-module>cubeaction</soa-infra-module>


            <!-- Workflow EJB Modules -->
            <soa-infra-module>hw_services_wls_ejb.jar</soa-infra-module>
            <soa-infra-module>decision_services_ejb.jar</soa-infra-module>

            <!-- Workflow Web Modules -->
            <!-- hw_services.war -->
            <soa-infra-module>/integration/services</soa-infra-module>

            <!-- taskservice.war -->
            <soa-infra-module>/integration/services/TaskService</soa-infra-module>

            <!-- taskmetadataservice.war -->
            <soa-infra-module>/integration/services/TaskMetadataService</soa-infra-module>

            <!-- taskqueryservice.war -->
            <soa-infra-module>/integration/services/TaskQueryService</soa-infra-module>

            <!-- taskreportservice.war -->
            <soa-infra-module>/integration/services/TaskReportService</soa-infra-module>


            <!-- IdentityService.war -->
            <soa-infra-module>/integration/services/IdentityService</soa-infra-module>

            <!-- usermetadataservice.war -->
            <soa-infra-module>/integration/services/UserMetadataService</soa-infra-module>

            <!-- runtimeconfigservice.war -->
            <soa-infra-module>/integration/services/RuntimeConfigService</soa-infra-module>

            <!-- taskevidenceservice.war -->
            <soa-infra-module>/integration/services/TaskEvidenceService</soa-infra-module>

            <!-- HWFDiagnosticService.war -->
            <soa-infra-module>/integration/services/DiagnosticService</soa-infra-module>

            <!-- bpm-services.war provides REST API support for Workflow -->
            <soa-infra-module>/bpm/services</soa-infra-module>

            <!-- B2B EJB Module -->
            <soa-infra-module>b2b_engine_wls.jar</soa-infra-module>

            <!-- B2B Web Modules -->
            <!-- b2bws.war -->
            <soa-infra-module>/integration/services/b2b</soa-infra-module>

            <!-- b2b_starter_wls.war -->
            <soa-infra-module>/b2b</soa-infra-module>

            <!-- agmetadataservice.war -->
            <soa-infra-module>/integration/services/AGMetadataService</soa-infra-module>

            <!-- agqueryservice.war -->
            <soa-infra-module>/integration/services/AGQueryService</soa-infra-module>
<!-- agadminservice.war -->
            <soa-infra-module>/integration/services/AGAdminService</soa-infra-module>
            <soa-infra-module>soa-job-ejb.jar</soa-infra-module>

        </soa-infra-modules>

        <adapter-set-reference>FULL</adapter-set-reference>

    </profile>


    <profile>
        <name>BPM ENTERPRISE</name>

        <description>SOA-550004</description>

        <required-install-templates>
            <required-install-template>Oracle BPM Suite</required-install-template>
            <required-install-template>Oracle SOA Suite</required-install-template>
        </required-install-templates>

        <fabric-spring-profiles>
            <fabric-spring-profile>core</fabric-spring-profile>
            <fabric-spring-profile>bpel</fabric-spring-profile>
            <fabric-spring-profile>bpmn</fabric-spring-profile>
            <fabric-spring-profile>cm</fabric-spring-profile>
            <fabric-spring-profile>workflow</fabric-spring-profile>
            <fabric-spring-profile>mediator</fabric-spring-profile>
            <fabric-spring-profile>rules</fabric-spring-profile>
        </fabric-spring-profiles>

        <soa-apps>
            <!-- Core applications -->
            <soa-app>soa-infra</soa-app>
            <soa-app>soa-webapps</soa-app>

            <!-- BPM applications -->
            <soa-app>BPMComposer</soa-app>
            <soa-app>OracleBPMBACServerApp</soa-app>
            <soa-app>OracleBPMWorkspace</soa-app>
            <soa-app>OracleBPMComposerRolesApp</soa-app>
            <soa-app>OracleBPMProcessRolesApp</soa-app>
            <soa-app>frevvo</soa-app>
            <soa-app>OAAPredictionService</soa-app>

            <!-- Workflow applications -->
            <soa-app>SimpleApprovalTaskFlow</soa-app>
            <soa-app>DefaultToDoTaskFlow</soa-app>

            <!-- UMS applications, removed per Raj and Aninda's suggestion
            <soa-app>usermessagingdriver-email</soa-app>
            <soa-app>usermessagingdriver-extension</soa-app>
            <soa-app>usermessagingdriver-smpp</soa-app>
            <soa-app>usermessagingserver</soa-app>
            -->
        </soa-apps>

        <!-- ALL should include all EJB/Web modules in the default SOA Platform. -->
        <soa-infra-modules>
            <!-- BPEL EJB module -->
            <soa-infra-module>ejb_ob_engine_wls.jar</soa-infra-module>

            <!-- Fabric EJB Module -->
            <soa-infra-module>fabric-ejb.jar</soa-infra-module>

            <!-- Fabric Web Module -->
            <!-- fabric-wls.war -->
            <soa-infra-module>/soa-infra</soa-infra-module>


            <!-- BPMN EJB Modules -->
            <soa-infra-module>oracle.bpm.runtime.bpmn-engine-ejb.jar</soa-infra-module>
            <soa-infra-module>oracle.bpm.analytics.ejb.jar</soa-infra-module>
            <soa-infra-module>oracle.bpm.bpm-services.ejb.jar</soa-infra-module>
            <soa-infra-module>oracle.bpm.casemgmt.ejb.jar</soa-infra-module>
            <soa-infra-module>oracle.bpm.analytics.actions.jar</soa-infra-module>
            <soa-infra-module>oracle.bpm.hwfanalytics.ejb.jar</soa-infra-module>

            <!-- BPMN Web Modules -->
            <!-- oracle.bpm.casemgmt.web.war -->
            <soa-infra-module>/bpm/casemgmt</soa-infra-module>

            <!-- oracle.bpm.analytics.actions.war -->
            <soa-infra-module>cubeaction</soa-infra-module>


            <!-- Workflow EJB Modules -->
            <soa-infra-module>hw_services_wls_ejb.jar</soa-infra-module>
            <soa-infra-module>decision_services_ejb.jar</soa-infra-module>

            <!-- Workflow Web Modules -->
            <!-- hw_services.war -->
            <soa-infra-module>/integration/services</soa-infra-module>

            <!-- taskservice.war -->
            <soa-infra-module>/integration/services/TaskService</soa-infra-module>

            <!-- taskmetadataservice.war -->
            <soa-infra-module>/integration/services/TaskMetadataService</soa-infra-module>

            <!-- taskqueryservice.war -->
            <soa-infra-module>/integration/services/TaskQueryService</soa-infra-module>

            <!-- taskreportservice.war -->
            <soa-infra-module>/integration/services/TaskReportService</soa-infra-module>


            <!-- IdentityService.war -->
            <soa-infra-module>/integration/services/IdentityService</soa-infra-module>

            <!-- usermetadataservice.war -->
            <soa-infra-module>/integration/services/UserMetadataService</soa-infra-module>

            <!-- runtimeconfigservice.war -->
            <soa-infra-module>/integration/services/RuntimeConfigService</soa-infra-module>

            <!-- taskevidenceservice.war -->
            <soa-infra-module>/integration/services/TaskEvidenceService</soa-infra-module>

            <!-- HWFDiagnosticService.war -->
            <soa-infra-module>/integration/services/DiagnosticService</soa-infra-module>

            <!-- bpm-services.war provides REST API support for Workflow -->
            <soa-infra-module>/bpm/services</soa-infra-module>

            <!-- agmetadataservice.war -->
            <soa-infra-module>/integration/services/AGMetadataService</soa-infra-module>

            <!-- agqueryservice.war -->
            <soa-infra-module>/integration/services/AGQueryService</soa-infra-module>

            <!-- agadminservice.war -->
            <soa-infra-module>/integration/services/AGAdminService</soa-infra-module>
            <soa-infra-module>soa-job-ejb.jar</soa-infra-module>

        </soa-infra-modules>

        <adapter-set-reference>FULL</adapter-set-reference>

    </profile>

    <profile>

        <name>BPEL-ONLY</name>

        <description>SOA-550002</description>

        <required-install-templates>
            <required-install-template>Oracle SOA Suite</required-install-template>
        </required-install-templates>

        <fabric-spring-profiles>
            <fabric-spring-profile>core</fabric-spring-profile>
            <fabric-spring-profile>bpel</fabric-spring-profile>
        </fabric-spring-profiles>


        <soa-apps>
            <!-- Core applications -->
            <soa-app>soa-infra</soa-app>
            <soa-app>soa-webapps</soa-app>

            <!-- UMS applications, removed per Raj and Aninda's suggestion
            <soa-app>usermessagingdriver-email</soa-app>
            <soa-app>usermessagingdriver-extension</soa-app>
            <soa-app>usermessagingdriver-smpp</soa-app>
            <soa-app>usermessagingserver</soa-app>
            -->

       </soa-apps>

        <!-- BPEL-ONLY should only include BPEL and Fabric EJB/Web modules. -->
        <soa-infra-modules>
            <!-- BPEL EJB module -->
            <soa-infra-module>ejb_ob_engine_wls.jar</soa-infra-module>

            <!-- Fabric EJB Module -->
            <soa-infra-module>fabric-ejb.jar</soa-infra-module>

            <!-- Fabric Web Module -->
            <!-- fabric-wls.war -->
            <soa-infra-module>/soa-infra</soa-infra-module>

            <!-- SOA Scheduler -->
            <soa-infra-module>soa-job-ejb.jar</soa-infra-module>
        </soa-infra-modules>

        <adapter-set-reference>LIMITED</adapter-set-reference>

    </profile>


    <profile>
        <name>SOA FOUNDATION</name>

        <description>SOA-550001</description>

        <required-install-templates>
            <required-install-template>Oracle SOA Suite</required-install-template>
        </required-install-templates>

        <fabric-spring-profiles>
            <fabric-spring-profile>core</fabric-spring-profile>
            <fabric-spring-profile>bpel</fabric-spring-profile>
            <fabric-spring-profile>workflow</fabric-spring-profile>
            <fabric-spring-profile>mediator</fabric-spring-profile>
            <fabric-spring-profile>rules</fabric-spring-profile>
        </fabric-spring-profiles>

        <soa-apps>
            <!-- Core applications -->
            <soa-app>soa-infra</soa-app>
            <soa-app>soa-webapps</soa-app>

          <!-- Workflow applications -->
            <soa-app>DefaultToDoTaskFlow</soa-app>
            <soa-app>worklistapp</soa-app>

            <!-- UMS applications, removed per Raj and Aninda's suggestion
            <soa-app>usermessagingdriver-email</soa-app>
            <soa-app>usermessagingdriver-extension</soa-app>
            <soa-app>usermessagingdriver-smpp</soa-app>
            <soa-app>usermessagingserver</soa-app>
            -->
        </soa-apps>

        <!-- SOA FOUNDATION should include all EJB/Web modules in the default SOA Platform. -->
        <soa-infra-modules>
            <!-- BPEL EJB module -->
            <soa-infra-module>ejb_ob_engine_wls.jar</soa-infra-module>

            <!-- Fabric EJB Module -->
            <soa-infra-module>fabric-ejb.jar</soa-infra-module>

            <!-- Fabric Web Module -->
            <!-- fabric-wls.war -->
            <soa-infra-module>/soa-infra</soa-infra-module>

            <!-- Workflow EJB Modules -->
            <soa-infra-module>hw_services_wls_ejb.jar</soa-infra-module>
            <soa-infra-module>decision_services_ejb.jar</soa-infra-module>

            <!-- Workflow Web Modules -->
            <!-- hw_services.war -->
            <soa-infra-module>/integration/services</soa-infra-module>

            <!-- taskservice.war -->
            <soa-infra-module>/integration/services/TaskService</soa-infra-module>

            <!-- taskmetadataservice.war -->
            <soa-infra-module>/integration/services/TaskMetadataService</soa-infra-module>

            <!-- taskqueryservice.war -->
            <soa-infra-module>/integration/services/TaskQueryService</soa-infra-module>

            <!-- taskreportservice.war -->
            <soa-infra-module>/integration/services/TaskReportService</soa-infra-module>


            <!-- IdentityService.war -->
            <soa-infra-module>/integration/services/IdentityService</soa-infra-module>

            <!-- usermetadataservice.war -->
            <soa-infra-module>/integration/services/UserMetadataService</soa-infra-module>

            <!-- runtimeconfigservice.war -->
            <soa-infra-module>/integration/services/RuntimeConfigService</soa-infra-module>

            <!-- taskevidenceservice.war -->
            <soa-infra-module>/integration/services/TaskEvidenceService</soa-infra-module>

            <!-- HWFDiagnosticService.war -->
            <soa-infra-module>/integration/services/DiagnosticService</soa-infra-module>

            <!-- bpm-services.war -->
            <soa-infra-module>/bpm/services</soa-infra-module>

            <!-- SOA Scheduler -->
            <soa-infra-module>soa-job-ejb.jar</soa-infra-module>

        </soa-infra-modules>

        <adapter-set-reference>LIMITED</adapter-set-reference>

    </profile>


    <profile>
        <name>SOA FOUNDATION ENTERPRISE</name>

        <description>SOA-550005</description>

        <required-install-templates>
            <required-install-template>Oracle SOA Suite</required-install-template>
        </required-install-templates>

        <fabric-spring-profiles>
            <fabric-spring-profile>core</fabric-spring-profile>
            <fabric-spring-profile>bpel</fabric-spring-profile>
            <fabric-spring-profile>workflow</fabric-spring-profile>
            <fabric-spring-profile>mediator</fabric-spring-profile>
            <fabric-spring-profile>rules</fabric-spring-profile>
        </fabric-spring-profiles>

        <soa-apps>
            <!-- Core applications -->
            <soa-app>soa-infra</soa-app>
            <soa-app>soa-webapps</soa-app>

            <!-- Workflow applications -->
            <soa-app>DefaultToDoTaskFlow</soa-app>
            <soa-app>worklistapp</soa-app>

            <!-- UMS applications, removed per Raj and Aninda's suggestion
            <soa-app>usermessagingdriver-email</soa-app>
            <soa-app>usermessagingdriver-extension</soa-app>
            <soa-app>usermessagingdriver-smpp</soa-app>
            <soa-app>usermessagingserver</soa-app>
            -->
        </soa-apps>

        <!-- SOA FOUNDATION ENTERPRISE should include all EJB/Web modules in the default SOA Platform. -->
        <soa-infra-modules>
            <!-- BPEL EJB module -->
            <soa-infra-module>ejb_ob_engine_wls.jar</soa-infra-module>

            <!-- Fabric EJB Module -->
            <soa-infra-module>fabric-ejb.jar</soa-infra-module>

            <!-- Fabric Web Module -->
            <!-- fabric-wls.war -->
            <soa-infra-module>/soa-infra</soa-infra-module>

            <!-- Workflow EJB Modules -->
            <soa-infra-module>hw_services_wls_ejb.jar</soa-infra-module>
            <soa-infra-module>decision_services_ejb.jar</soa-infra-module>

            <!-- Workflow Web Modules -->
            <!-- hw_services.war -->
            <soa-infra-module>/integration/services</soa-infra-module>

            <!-- taskservice.war -->
            <soa-infra-module>/integration/services/TaskService</soa-infra-module>

            <!-- taskmetadataservice.war -->
            <soa-infra-module>/integration/services/TaskMetadataService</soa-infra-module>

            <!-- taskqueryservice.war -->
            <soa-infra-module>/integration/services/TaskQueryService</soa-infra-module>

            <!-- taskreportservice.war -->
            <soa-infra-module>/integration/services/TaskReportService</soa-infra-module>


            <!-- IdentityService.war -->
            <soa-infra-module>/integration/services/IdentityService</soa-infra-module>

            <!-- usermetadataservice.war -->
            <soa-infra-module>/integration/services/UserMetadataService</soa-infra-module>

            <!-- runtimeconfigservice.war -->
            <soa-infra-module>/integration/services/RuntimeConfigService</soa-infra-module>

            <!-- taskevidenceservice.war -->
            <soa-infra-module>/integration/services/TaskEvidenceService</soa-infra-module>

            <!-- HWFDiagnosticService.war -->
            <soa-infra-module>/integration/services/DiagnosticService</soa-infra-module>

            <!-- bpm-services.war -->
            <soa-infra-module>/bpm/services</soa-infra-module>

            <!-- SOA Scheduler -->
            <soa-infra-module>soa-job-ejb.jar</soa-infra-module>

        </soa-infra-modules>

        <adapter-set-reference>FULL</adapter-set-reference>

    </profile>


    <profile>
        <name>SOA FOUNDATION WITH B2B</name>

        <description>SOA-550006</description>

        <required-install-templates>
            <required-install-template>Oracle SOA Suite</required-install-template>
        </required-install-templates>

        <fabric-spring-profiles>
            <fabric-spring-profile>core</fabric-spring-profile>
            <fabric-spring-profile>bpel</fabric-spring-profile>
            <fabric-spring-profile>workflow</fabric-spring-profile>
            <fabric-spring-profile>mediator</fabric-spring-profile>
            <fabric-spring-profile>rules</fabric-spring-profile>
            <fabric-spring-profile>b2b</fabric-spring-profile>
        </fabric-spring-profiles>

        <soa-apps>
            <!-- Core applications -->
            <soa-app>soa-infra</soa-app>
            <soa-app>soa-webapps</soa-app>

            <!-- Workflow applications -->
            <soa-app>DefaultToDoTaskFlow</soa-app>
            <soa-app>worklistapp</soa-app>

            <!-- B2B applications -->
            <soa-app>b2bui</soa-app>

            <!-- UMS applications, removed per Raj and Aninda's suggestion
            <soa-app>usermessagingdriver-email</soa-app>
            <soa-app>usermessagingdriver-extension</soa-app>
            <soa-app>usermessagingdriver-smpp</soa-app>
            <soa-app>usermessagingserver</soa-app>
            -->
        </soa-apps>

        <!-- SOA FOUNDATION WITH B2B should include all EJB/Web modules in the default SOA Platform. -->
        <soa-infra-modules>
            <!-- BPEL EJB module -->
            <soa-infra-module>ejb_ob_engine_wls.jar</soa-infra-module>

            <!-- Fabric EJB Module -->
            <soa-infra-module>fabric-ejb.jar</soa-infra-module>

            <!-- Fabric Web Module -->
            <!-- fabric-wls.war -->
            <soa-infra-module>/soa-infra</soa-infra-module>

            <!-- Workflow EJB Modules -->
            <soa-infra-module>hw_services_wls_ejb.jar</soa-infra-module>
            <soa-infra-module>decision_services_ejb.jar</soa-infra-module>

            <!-- Workflow Web Modules -->
            <!-- hw_services.war -->
            <soa-infra-module>/integration/services</soa-infra-module>

            <!-- taskservice.war -->
            <soa-infra-module>/integration/services/TaskService</soa-infra-module>

            <!-- taskmetadataservice.war -->
            <soa-infra-module>/integration/services/TaskMetadataService</soa-infra-module>

            <!-- taskqueryservice.war -->
            <soa-infra-module>/integration/services/TaskQueryService</soa-infra-module>

            <!-- taskreportservice.war -->
            <soa-infra-module>/integration/services/TaskReportService</soa-infra-module>


            <!-- IdentityService.war -->
            <soa-infra-module>/integration/services/IdentityService</soa-infra-module>

            <!-- usermetadataservice.war -->
            <soa-infra-module>/integration/services/UserMetadataService</soa-infra-module>

            <!-- runtimeconfigservice.war -->
            <soa-infra-module>/integration/services/RuntimeConfigService</soa-infra-module>

            <!-- taskevidenceservice.war -->
            <soa-infra-module>/integration/services/TaskEvidenceService</soa-infra-module>

            <!-- HWFDiagnosticService.war -->
            <soa-infra-module>/integration/services/DiagnosticService</soa-infra-module>

            <!-- bpm-services.war -->
            <soa-infra-module>/bpm/services</soa-infra-module>

            <!-- B2B EJB Module -->
            <soa-infra-module>b2b_engine_wls.jar</soa-infra-module>

            <!-- B2B Web Modules -->
            <!-- b2bws.war -->
            <soa-infra-module>/integration/services/b2b</soa-infra-module>

            <!-- b2b_starter_wls.war -->
            <soa-infra-module>/b2b</soa-infra-module>

            <!-- SOA Scheduler -->
            <soa-infra-module>soa-job-ejb.jar</soa-infra-module>

        </soa-infra-modules>

        <adapter-set-reference>FULL</adapter-set-reference>

    </profile>

    <profile>
        <name>ORCHESTRATION</name>

        <description>SOA-550003</description>

        <required-install-templates>
            <required-install-template>Oracle SOA Suite</required-install-template>
        </required-install-templates>

        <fabric-spring-profiles>
            <fabric-spring-profile>core</fabric-spring-profile>
            <fabric-spring-profile>bpel</fabric-spring-profile>
            <fabric-spring-profile>workflow</fabric-spring-profile>
        </fabric-spring-profiles>

        <soa-apps>
            <!-- Core applications -->
            <soa-app>soa-infra</soa-app>
            <soa-app>soa-webapps</soa-app>

            <!-- Workflow applications -->
            <soa-app>DefaultToDoTaskFlow</soa-app>
            <soa-app>worklistapp</soa-app>

            <!-- UMS applications, removed per Raj and Aninda's suggestion
            <soa-app>usermessagingdriver-email</soa-app>
            <soa-app>usermessagingdriver-extension</soa-app>
            <soa-app>usermessagingdriver-smpp</soa-app>
            <soa-app>usermessagingserver</soa-app>
            -->
        </soa-apps>

        <!-- ORCHESTRATION should include all EJB/Web modules for BPEL and WORKFLOW in the SOA Platform. -->
        <soa-infra-modules>
            <!-- BPEL EJB module -->
            <soa-infra-module>ejb_ob_engine_wls.jar</soa-infra-module>

            <!-- Fabric EJB Module -->
            <soa-infra-module>fabric-ejb.jar</soa-infra-module>

            <!-- Fabric Web Module -->
            <!-- fabric-wls.war -->
            <soa-infra-module>/soa-infra</soa-infra-module>

            <!-- Workflow EJB Modules -->
            <soa-infra-module>hw_services_wls_ejb.jar</soa-infra-module>

            <!-- Workflow Web Modules -->
            <!-- hw_services.war -->
            <soa-infra-module>/integration/services</soa-infra-module>

            <!-- taskservice.war -->
            <soa-infra-module>/integration/services/TaskService</soa-infra-module>

            <!-- taskmetadataservice.war -->
            <soa-infra-module>/integration/services/TaskMetadataService</soa-infra-module>

            <!-- taskqueryservice.war -->
            <soa-infra-module>/integration/services/TaskQueryService</soa-infra-module>

            <!-- taskreportservice.war -->
            <soa-infra-module>/integration/services/TaskReportService</soa-infra-module>

            <!-- IdentityService.war -->
            <soa-infra-module>/integration/services/IdentityService</soa-infra-module>

            <!-- usermetadataservice.war -->
            <soa-infra-module>/integration/services/UserMetadataService</soa-infra-module>

            <!-- runtimeconfigservice.war -->
            <soa-infra-module>/integration/services/RuntimeConfigService</soa-infra-module>

            <!-- taskevidenceservice.war -->
            <soa-infra-module>/integration/services/TaskEvidenceService</soa-infra-module>

            <!-- HWFDiagnosticService.war -->
            <soa-infra-module>/integration/services/DiagnosticService</soa-infra-module>

            <!-- bpm-services.war -->
            <soa-infra-module>/bpm/services</soa-infra-module>

            <!-- SOA Scheduler -->
            <soa-infra-module>soa-job-ejb.jar</soa-infra-module>

        </soa-infra-modules>

        <adapter-set-reference>LIMITED</adapter-set-reference>

    </profile>


    <profile>
        <name>SOA FOUNDATION WITH HEALTHCARE</name>

        <description>SOA-550007</description>

        <required-install-templates>
            <required-install-template>Oracle SOA Suite</required-install-template>
            <required-install-template>Oracle SOA Suite for healthcare integration</required-install-template>
        </required-install-templates>

        <fabric-spring-profiles>
            <fabric-spring-profile>core</fabric-spring-profile>
            <fabric-spring-profile>bpel</fabric-spring-profile>
            <fabric-spring-profile>workflow</fabric-spring-profile>
            <fabric-spring-profile>mediator</fabric-spring-profile>
            <fabric-spring-profile>rules</fabric-spring-profile>
            <fabric-spring-profile>b2b</fabric-spring-profile>
        </fabric-spring-profiles>

        <soa-apps>
            <!-- Core applications -->
            <soa-app>soa-infra</soa-app>
            <soa-app>soa-webapps</soa-app>

            <!-- Workflow applications -->
            <soa-app>DefaultToDoTaskFlow</soa-app>
            <soa-app>worklistapp</soa-app>

            <!-- B2B applications -->
            <soa-app>b2bui</soa-app>

            <!-- UMS applications, removed per Raj and Aninda's suggestion
            <soa-app>usermessagingdriver-email</soa-app>
            <soa-app>usermessagingdriver-extension</soa-app>
            <soa-app>usermessagingdriver-smpp</soa-app>
            <soa-app>usermessagingserver</soa-app>
            -->
            <!-- Healthcare applications -->
            <soa-app>Healthcare UI</soa-app>

        </soa-apps>

        <!-- SOA FOUNDATION WITH HEALTHCARE should include all EJB/Web modules in the default SOA Platform. -->
        <soa-infra-modules>
            <!-- BPEL EJB module -->
            <soa-infra-module>ejb_ob_engine_wls.jar</soa-infra-module>

            <!-- Fabric EJB Module -->
            <soa-infra-module>fabric-ejb.jar</soa-infra-module>

            <!-- Fabric Web Module -->
            <!-- fabric-wls.war -->
            <soa-infra-module>/soa-infra</soa-infra-module>

            <!-- Workflow EJB Modules -->
            <soa-infra-module>hw_services_wls_ejb.jar</soa-infra-module>
            <soa-infra-module>decision_services_ejb.jar</soa-infra-module>

            <!-- Workflow Web Modules -->
            <!-- hw_services.war -->
            <soa-infra-module>/integration/services</soa-infra-module>

            <!-- taskservice.war -->
            <soa-infra-module>/integration/services/TaskService</soa-infra-module>

            <!-- taskmetadataservice.war -->
            <soa-infra-module>/integration/services/TaskMetadataService</soa-infra-module>

            <!-- taskqueryservice.war -->
            <soa-infra-module>/integration/services/TaskQueryService</soa-infra-module>

            <!-- taskreportservice.war -->
            <soa-infra-module>/integration/services/TaskReportService</soa-infra-module>


            <!-- IdentityService.war -->
            <soa-infra-module>/integration/services/IdentityService</soa-infra-module>

            <!-- usermetadataservice.war -->
            <soa-infra-module>/integration/services/UserMetadataService</soa-infra-module>

            <!-- runtimeconfigservice.war -->
            <soa-infra-module>/integration/services/RuntimeConfigService</soa-infra-module>

            <!-- taskevidenceservice.war -->
            <soa-infra-module>/integration/services/TaskEvidenceService</soa-infra-module>

            <!-- HWFDiagnosticService.war -->
            <soa-infra-module>/integration/services/DiagnosticService</soa-infra-module>

            <!-- bpm-services.war -->
            <soa-infra-module>/bpm/services</soa-infra-module>

            <!-- B2B EJB Module -->
            <soa-infra-module>b2b_engine_wls.jar</soa-infra-module>

            <!-- B2B Web Modules -->
            <!-- b2bws.war -->
            <soa-infra-module>/integration/services/b2b</soa-infra-module>

            <!-- b2b_starter_wls.war -->
            <soa-infra-module>/b2b</soa-infra-module>

            <!-- SOA Scheduler -->
            <soa-infra-module>soa-job-ejb.jar</soa-infra-module>

        </soa-infra-modules>

        <adapter-set-reference>FULL</adapter-set-reference>

    </profile>


    <profile>
        <name>ALL INTERNAL</name>

        <description>This is a SOA-internal profile used to track all known SOA components. This is not intended for customer use.</description>

        <fabric-spring-profiles>
            <fabric-spring-profile>all</fabric-spring-profile>
        </fabric-spring-profiles>

        <soa-apps>
            <!-- Core applications -->
            <soa-app>soa-infra</soa-app>
            <soa-app>soa-webapps</soa-app>
            <!-- the following 3 apps were listed in every single profile previously and removed as bug - 17938256 because it is not useful to configure-->
            <!--
            <soa-app>wsil-wls#12.1.3.0.0</soa-app>
            <soa-app>wsm-pm</soa-app>
            <soa-app>oracle.adf.desktopintegration.model#1.0@12.1.3.0.0</soa-app>
            -->

            <!-- BPM applications -->
            <soa-app>BPMComposer</soa-app>
            <soa-app>OracleBPMBACServerApp</soa-app>
            <soa-app>OracleBPMWorkspace</soa-app>
            <soa-app>OracleBPMComposerRolesApp</soa-app>
            <soa-app>OracleBPMProcessRolesApp</soa-app>
            <soa-app>frevvo</soa-app>
            <soa-app>OAAPredictionService</soa-app>

            <!-- Workflow applications -->
            <soa-app>SimpleApprovalTaskFlow</soa-app>
            <soa-app>DefaultToDoTaskFlow</soa-app>
            <soa-app>worklistapp</soa-app>

            <!-- UMS applications, removed per Raj and Aninda's suggestion
            <soa-app>usermessagingdriver-email</soa-app>
            <soa-app>usermessagingdriver-extension</soa-app>
            <soa-app>usermessagingdriver-smpp</soa-app>
            <soa-app>usermessagingdriver-twitter</soa-app>
            <soa-app>usermessagingdriver-xmpp</soa-app>
            <soa-app>usermessagingserver</soa-app>
            -->
            <!-- B2B applications -->
            <soa-app>b2bui</soa-app>

            <!-- Healthcare Apps -->
            <soa-app>Healthcare UI</soa-app>

            <!-- Miscellaneous, the following 3 apps were listed in every single profile previously and removed as bug - 17938256 -->
            <!--
            <soa-app>oracle.bi.jbips#11.1.1@0.1</soa-app>
            <soa-app>oracle.bi.adf.model.slib#1.0@12.1.3.0.0</soa-app>
            <soa-app>adf.oracle.domain#1.0@12.1.3.0.0</soa-app>
            -->
        </soa-apps>

        <!-- ALL should include all EJB/Web modules in the default SOA Platform. -->
        <soa-infra-modules>
            <!-- BPEL EJB module -->
            <soa-infra-module>ejb_ob_engine_wls.jar</soa-infra-module>

            <!-- Fabric EJB Module -->
            <soa-infra-module>fabric-ejb.jar</soa-infra-module>

            <!-- Fabric Web Module -->
            <!-- fabric-wls.war -->
            <soa-infra-module>/soa-infra</soa-infra-module>


            <!-- BPMN EJB Modules -->
            <soa-infra-module>oracle.bpm.runtime.bpmn-engine-ejb.jar</soa-infra-module>
            <soa-infra-module>oracle.bpm.analytics.ejb.jar</soa-infra-module>
            <soa-infra-module>oracle.bpm.bpm-services.ejb.jar</soa-infra-module>
            <soa-infra-module>oracle.bpm.casemgmt.ejb.jar</soa-infra-module>
            <soa-infra-module>oracle.bpm.analytics.actions.jar</soa-infra-module>
            <soa-infra-module>oracle.bpm.hwfanalytics.ejb.jar</soa-infra-module>

            <!-- BPMN Web Modules -->
            <!-- oracle.bpm.casemgmt.web.war -->
            <soa-infra-module>/bpm/casemgmt</soa-infra-module>

            <!-- oracle.bpm.analytics.actions.war -->
            <soa-infra-module>cubeaction</soa-infra-module>


            <!-- Workflow EJB Modules -->
            <soa-infra-module>hw_services_wls_ejb.jar</soa-infra-module>
            <soa-infra-module>decision_services_ejb.jar</soa-infra-module>

            <!-- Workflow Web Modules -->
            <!-- hw_services.war -->
            <soa-infra-module>/integration/services</soa-infra-module>

            <!-- taskservice.war -->
            <soa-infra-module>/integration/services/TaskService</soa-infra-module>

            <!-- taskmetadataservice.war -->
            <soa-infra-module>/integration/services/TaskMetadataService</soa-infra-module>

            <!-- taskqueryservice.war -->
            <soa-infra-module>/integration/services/TaskQueryService</soa-infra-module>

            <!-- taskreportservice.war -->
            <soa-infra-module>/integration/services/TaskReportService</soa-infra-module>


            <!-- IdentityService.war -->
            <soa-infra-module>/integration/services/IdentityService</soa-infra-module>

            <!-- usermetadataservice.war -->
            <soa-infra-module>/integration/services/UserMetadataService</soa-infra-module>

            <!-- runtimeconfigservice.war -->
            <soa-infra-module>/integration/services/RuntimeConfigService</soa-infra-module>

            <!-- taskevidenceservice.war -->
            <soa-infra-module>/integration/services/TaskEvidenceService</soa-infra-module>

            <!-- HWFDiagnosticService.war -->
            <soa-infra-module>/integration/services/DiagnosticService</soa-infra-module>

            <!-- bpm-services.war -->
            <soa-infra-module>/bpm/services</soa-infra-module>

            <!-- B2B EJB Module -->
            <soa-infra-module>b2b_engine_wls.jar</soa-infra-module>

            <!-- B2B Web Modules -->
            <!-- b2bws.war -->
            <soa-infra-module>/integration/services/b2b</soa-infra-module>

            <!-- b2b_starter_wls.war -->
            <soa-infra-module>/b2b</soa-infra-module>

            <!-- agmetadataservice.war -->
            <soa-infra-module>/integration/services/AGMetadataService</soa-infra-module>

            <!-- agqueryservice.war -->
            <soa-infra-module>/integration/services/AGQueryService</soa-infra-module>

            <!-- agadminservice.war -->
            <soa-infra-module>/integration/services/AGAdminService</soa-infra-module>
            <soa-infra-module>soa-job-ejb.jar</soa-infra-module>

        </soa-infra-modules>

        <adapter-set-reference>FULL</adapter-set-reference>

    </profile>


    <!-- Definition of Adapter Sets, to be referenced by Profiles -->

    <!-- LIMITED Adapter Set, Default in most non-ENTERPRISE profiles -->
    <adapter-set>
        <name>LIMITED</name>
        <adapter>FileAdapter</adapter>
        <adapter>FtpAdapter</adapter>
        <adapter>DbAdapter</adapter>
        <adapter>JmsAdapter</adapter>
        <adapter>AqAdapter</adapter>
        <adapter>MQSeriesAdapter</adapter>
        <adapter>OracleAppsAdapter</adapter>
        <adapter>UMSAdapter</adapter>
    </adapter-set>


    <!-- FULL Adapter Set, included in most ENTERPRISE profiles -->
    <adapter-set>
        <name>FULL</name>
        <!-- adapters from LIMITED included here -->
        <adapter>FileAdapter</adapter>
        <adapter>FtpAdapter</adapter>
        <adapter>DbAdapter</adapter>
        <adapter>JmsAdapter</adapter>
        <adapter>AqAdapter</adapter>
        <adapter>MQSeriesAdapter</adapter>
        <adapter>OracleAppsAdapter</adapter>
        <adapter>UMSAdapter</adapter>

        <!-- extended set of adapters -->

        <adapter>SocketAdapter</adapter>
        <adapter>LdapAdapter</adapter>
        <adapter>CoherenceAdapter</adapter>
        <adapter>MSMQAdapter</adapter>
        <adapter>JDEWorldAdapter</adapter>

    </adapter-set>

</soa-profiles>
