<?xml version="1.0" encoding="UTF-8" standalone="yes"?>

<!-- Copyright (c) 2009, 2012, Oracle and/or its affiliates. 
All rights reserved. -->

<!-- User Communication Preferences Application Profiles -->

<Profiles defaultProfile="defaultId" xmlns="http://www.oracle.com/sdp/messaging/config/site">
  <Profile id="defaultId" name="Default" localeSource="browser"
  		idmChannel="true" userChannel="true"
   		messagingFilter="true" voicecallFilter="false"
   		description="This profile is also applied if no id is specified">
    <BusinessTerm term="Priority"/>
    <BusinessTerm term="Application"/>
    <BusinessTerm term="Application Type"/>
    <BusinessTerm term="Expiration Date"/>
    <BusinessTerm term="From"/>
    <BusinessTerm term="To"/>
    <BusinessTerm term="Subject"/>
    <BusinessTerm term="Organization"/>
    <BusinessTerm term="Customer Name"/>
    <BusinessTerm term="Customer Type"/>
    <BusinessTerm term="Status"/>
    <BusinessTerm term="Amount"/>
    <BusinessTerm term="Due Date"/>
    <BusinessTerm term="Process Type"/>
    <BusinessTerm term="Expense Type"/>
    <BusinessTerm term="Total Cost"/>
    <BusinessTerm term="Processing Time"/>
    <BusinessTerm term="Order Type"/>
    <BusinessTerm term="Service Request Type"/>
    <BusinessTerm term="Group Name"/>
    <BusinessTerm term="Source"/>
    <BusinessTerm term="Classification"/>
    <BusinessTerm term="Duration"/>
    <BusinessTerm term="User"/>
    <BusinessTerm term="Role"/>
    <BusinessTerm term="Service Name"/>
    <BusinessTerm term="Process Name"/>
    <BusinessTerm term="System Code"/>
    <BusinessTerm term="Error Code"/>
    <BusinessTerm term="Occurrence Count"/>
  </Profile>
  <Profile id="soa" name="SOA" localeSource="identity"
  		userChannel="false" voicecallFilter="false"
  		description="This profile should be used for SOA applications">
    <BusinessTerm term="Priority"/>
    <BusinessTerm term="Application"/>
    <BusinessTerm term="Application Type"/>
    <BusinessTerm term="Expiration Date"/>
    <BusinessTerm term="From"/>
    <BusinessTerm term="To"/>
    <BusinessTerm term="Subject"/>
    <BusinessTerm term="Organization"/>
    <BusinessTerm term="Customer Name"/>
    <BusinessTerm term="Customer Type"/>
    <BusinessTerm term="Status"/>
    <BusinessTerm term="Amount"/>
    <BusinessTerm term="Due Date"/>
    <BusinessTerm term="Process Type"/>
    <BusinessTerm term="Expense Type"/>
    <BusinessTerm term="Total Cost"/>
    <BusinessTerm term="Processing Time"/>
    <BusinessTerm term="Order Type"/>
    <BusinessTerm term="Service Request Type"/>
    <BusinessTerm term="Group Name"/>
    <BusinessTerm term="Source"/>
    <BusinessTerm term="Classification"/>
    <BusinessTerm term="Duration"/>
    <BusinessTerm term="User"/>
    <BusinessTerm term="Role"/>
    <BusinessTerm term="Service Name"/>
    <BusinessTerm term="Process Name"/>
    <BusinessTerm term="System Code"/>
    <BusinessTerm term="Error Code"/>
    <BusinessTerm term="Occurrence Count"/>
  </Profile>
  <Profile id="webcenter" name="WebCenter" voicecallFilter="false"
  		description="This profile should be used for WebCenter applications">
    <BusinessTerm term="From"/>
    <BusinessTerm term="To"/>
    <BusinessTerm term="Subject"/>
  </Profile>
  <Profile id="applcore" name="ApplCore" voicecallFilter="false"
  		description="This profile should be used for ApplCore applications">
    <BusinessTerm term="Priority"/>
    <BusinessTerm term="Application"/>
    <BusinessTerm term="Application Type"/>
    <BusinessTerm term="Expiration Date"/>
    <BusinessTerm term="From"/>
    <BusinessTerm term="To"/>
    <BusinessTerm term="Subject"/>
    <BusinessTerm term="Organization"/>
    <BusinessTerm term="Customer Name"/>
    <BusinessTerm term="Customer Type"/>
    <BusinessTerm term="Status"/>
    <BusinessTerm term="Amount"/>
    <BusinessTerm term="Due Date"/>
    <BusinessTerm term="Process Type"/>
    <BusinessTerm term="Expense Type"/>
    <BusinessTerm term="Total Cost"/>
    <BusinessTerm term="Processing Time"/>
    <BusinessTerm term="Order Type"/>
    <BusinessTerm term="Service Request Type"/>
    <BusinessTerm term="Group Name"/>
    <BusinessTerm term="Source"/>
    <BusinessTerm term="Classification"/>
    <BusinessTerm term="Duration"/>
    <BusinessTerm term="User"/>
    <BusinessTerm term="Role"/>
    <BusinessTerm term="Service Name"/>
    <BusinessTerm term="Process Name"/>
    <BusinessTerm term="System Code"/>
    <BusinessTerm term="Error Code"/>
    <BusinessTerm term="Occurrence Count"/>
  </Profile>
</Profiles>
