<?xml version="1.0" encoding="UTF-8" standalone="yes"?>

<!-- Copyright (c) 2009, 2010, Oracle and/or its affiliates. 
All rights reserved. -->

<!-- User Communication Preferences Business Terms -->

<BusinessRuleTerms xmlns="http://www.oracle.com/sdp/messaging/config/site">
  <businessRuleMap>
    <businessRuleMapEntry term="Priority" termtype="String" termdescription="Priority" termresourcebundle="oracle.ucsinternal.userprefs.messages.BusinessTermsCatalog" mediatypes="MESSAGING" />
    <businessRuleMapEntry term="Application" termtype="String" termdescription="Application" termresourcebundle="oracle.ucsinternal.userprefs.messages.BusinessTermsCatalog" mediatypes="MESSAGING, VOICE_CALL"/>
    <businessRuleMapEntry term="Application Type" termtype="String" termdescription="Application_Type" termresourcebundle="oracle.ucsinternal.userprefs.messages.BusinessTermsCatalog"   mediatypes="MESSAGING, VOICE_CALL" />
    <businessRuleMapEntry term="Expiration Date" termtype="Date" termdescription="Expiration_Date" termresourcebundle="oracle.ucsinternal.userprefs.messages.BusinessTermsCatalog" mediatypes="MESSAGING" />
    <businessRuleMapEntry term="From" termtype="String" termdescription="From" termresourcebundle="oracle.ucsinternal.userprefs.messages.BusinessTermsCatalog" mediatypes="MESSAGING, VOICE_CALL" />
    <businessRuleMapEntry term="To" termtype="String" termdescription="To" termresourcebundle="oracle.ucsinternal.userprefs.messages.BusinessTermsCatalog" mediatypes="MESSAGING, VOICE_CALL" />
    <businessRuleMapEntry term="Subject" termtype="String" termdescription="Subject" termresourcebundle="oracle.ucsinternal.userprefs.messages.BusinessTermsCatalog"  mediatypes="MESSAGING" />
    <businessRuleMapEntry term="Organization" termtype="String" termdescription="Organization" termresourcebundle="oracle.ucsinternal.userprefs.messages.BusinessTermsCatalog"  mediatypes="MESSAGING, VOICE_CALL" />
    <businessRuleMapEntry term="Customer Name" termtype="String" termdescription="Customer_Name" termresourcebundle="oracle.ucsinternal.userprefs.messages.BusinessTermsCatalog"  mediatypes="MESSAGING, VOICE_CALL"/>
    <businessRuleMapEntry term="Customer Type" termtype="String" termdescription="Customer_Type" termresourcebundle="oracle.ucsinternal.userprefs.messages.BusinessTermsCatalog"  mediatypes="MESSAGING, VOICE_CALL" />
    <businessRuleMapEntry term="Status" termtype="String" termdescription="Status" termresourcebundle="oracle.ucsinternal.userprefs.messages.BusinessTermsCatalog"  mediatypes="MESSAGING" />
    <businessRuleMapEntry term="Amount" termtype="Decimal" termdescription="Amount" termresourcebundle="oracle.ucsinternal.userprefs.messages.BusinessTermsCatalog"  mediatypes="MESSAGING" />
    <businessRuleMapEntry term="Due Date" termtype="Date" termdescription="Due_Date" termresourcebundle="oracle.ucsinternal.userprefs.messages.BusinessTermsCatalog"  mediatypes="MESSAGING" />
    <businessRuleMapEntry term="Process Type" termtype="String" termdescription="Process_Type" termresourcebundle="oracle.ucsinternal.userprefs.messages.BusinessTermsCatalog"  mediatypes="MESSAGING" />
    <businessRuleMapEntry term="Expense Type" termtype="String" termdescription="Expense_Type" termresourcebundle="oracle.ucsinternal.userprefs.messages.BusinessTermsCatalog"  mediatypes="MESSAGING" />
    <businessRuleMapEntry term="Total Cost" termtype="Decimal" termdescription="Total_Cost" termresourcebundle="oracle.ucsinternal.userprefs.messages.BusinessTermsCatalog"  mediatypes="MESSAGING" />
    <businessRuleMapEntry term="Processing Time" termtype="Decimal" termdescription="Processing_Time" termresourcebundle="oracle.ucsinternal.userprefs.messages.BusinessTermsCatalog"  mediatypes="MESSAGING" />
    <businessRuleMapEntry term="Order Type" termtype="String" termdescription="OrderType" termresourcebundle="oracle.ucsinternal.userprefs.messages.BusinessTermsCatalog"  mediatypes="MESSAGING"/>
    <businessRuleMapEntry term="Service Request Type" termtype="String" termdescription="Service_Request_Type" termresourcebundle="oracle.ucsinternal.userprefs.messages.BusinessTermsCatalog"  mediatypes="MESSAGING" />
    <businessRuleMapEntry term="Group Name" termtype="String" termdescription="Group_Name" termresourcebundle="oracle.ucsinternal.userprefs.messages.BusinessTermsCatalog"  mediatypes="MESSAGING" />
    <businessRuleMapEntry term="Source" termtype="String" termdescription="Source" termresourcebundle="oracle.ucsinternal.userprefs.messages.BusinessTermsCatalog"  mediatypes="MESSAGING" />
    <businessRuleMapEntry term="Classification" termtype="String" termdescription="Classification" termresourcebundle="oracle.ucsinternal.userprefs.messages.BusinessTermsCatalog"  mediatypes="MESSAGING" />
    <businessRuleMapEntry term="Duration" termtype="Decimal" termdescription="Duration" termresourcebundle="oracle.ucsinternal.userprefs.messages.BusinessTermsCatalog"  mediatypes="MESSAGING"/>
    <businessRuleMapEntry term="User" termtype="String" termdescription="User" termresourcebundle="oracle.ucsinternal.userprefs.messages.BusinessTermsCatalog"  mediatypes="MESSAGING, VOICE_CALL" />
    <businessRuleMapEntry term="Role" termtype="String" termdescription="Role" termresourcebundle="oracle.ucsinternal.userprefs.messages.BusinessTermsCatalog"  mediatypes="MESSAGING, VOICE_CALL"/>
    <businessRuleMapEntry term="Service Name" termtype="String" termdescription="Service Name" termresourcebundle="oracle.ucsinternal.userprefs.messages.BusinessTermsCatalog"  mediatypes="MESSAGING"/>
    <businessRuleMapEntry term="Process Name" termtype="String" termdescription="Process Name" termresourcebundle="oracle.ucsinternal.userprefs.messages.BusinessTermsCatalog"  mediatypes="MESSAGING"/>
    <businessRuleMapEntry term="System Code" termtype="String" termdescription="System Code" termresourcebundle="oracle.ucsinternal.userprefs.messages.BusinessTermsCatalog"  mediatypes="MESSAGING"/>
    <businessRuleMapEntry term="Error Code" termtype="String" termdescription="Error Code" termresourcebundle="oracle.ucsinternal.userprefs.messages.BusinessTermsCatalog"  mediatypes="MESSAGING"/>
    <businessRuleMapEntry term="Occurrence Count" termtype="Decimal" termdescription="Occurrence Count" termresourcebundle="oracle.ucsinternal.userprefs.messages.BusinessTermsCatalog"  mediatypes="MESSAGING"/>

<!-- @End_Default_BusinessTerms@ -->

  </businessRuleMap>
</BusinessRuleTerms>
