<?xml version="1.0" encoding="UTF-8" standalone="no"?>
<orares:properties xmlns:orares="http://xmlns.oracle.com/wsm/resources" xmlns:ns0="http://www.w3.org/ns/ws-policy" xmlns:ns1="http://schemas.oracle.com/ws/2006/01/policy" orares:resource="/" orares:type="INVENTORY">
<orares:property orares:category="CCWConfig" orares:name="pm.url.t3">
      <orares:value>t3://soavh01.example.com:8001,soavh02.example.com:8001</orares:value>
</orares:property>
<orares:property orares:category="CCWConfig" orares:name="pm.url.t3s">
      <orares:value>pm.url.t3s-emptyvalue</orares:value>
</orares:property>
<orares:property orares:category="CCWConfig" orares:name="pm.url.http">
      <orares:value>http://soa.example.com:8080/wsm-pmrest</orares:value>
</orares:property>
<orares:property orares:category="CCWConfig" orares:name="pm.url.https">
      <orares:value>https://soa.example.com:4443/wsm-pmrest</orares:value>
</orares:property>
</orares:properties>
