<?xml version = '1.0' encoding = 'UTF-8'?>
<Faults>
   <Fault>
      <severity>warning</severity>
      <loc/>
      <line/>
      <col/>
      <file>HumanTasks/ManualApproval.task</file>
      <name>HumanTasks/ManualApproval.task</name>
      <fix/>
      <msg>Task owner not specified</msg>
   </Fault>
   <Fault>
      <severity>warning</severity>
      <loc/>
      <line/>
      <col/>
      <file>HumanTasks/ManualApproval.task</file>
      <name>HumanTasks/ManualApproval.task</name>
      <fix/>
      <msg>Error assignee not specified</msg>
   </Fault>
   <Fault>
      <severity>warning</severity>
      <loc/>
      <line>225</line>
      <col/>
      <file>BPEL/Approval.bpel</file>
      <name>BPEL/Approval.bpel</name>
      <fix>Add a predicate to select an element from the sequence.</fix>
      <msg>The XPath segment "child::ns4:Customers" selects a sequence of elements - a predicate MAY be needed to correctly select an element.</msg>
   </Fault>
</Faults>
