<?xml version="1.0"?>
<CarmlOvdMapping>

    <entities>

        <!--*****************************************************
                            User entity mapping 
            *****************************************************-->

        <entity name="User" type="user">
            <searchBase>dc=oracle,dc=com</searchBase>

            <createBase>dc=oracle,dc=com</createBase>

            <rdnAttribute>cn</rdnAttribute>

            <objectclasses>
                <objectclass>orclidxperson</objectclass>
            </objectclasses>

            <filterObjectclasses>
                <objectclass>inetorgperson</objectclass>
            </filterObjectclasses>

            <passwordAttributes/>

            <multiLanguageAttributes>
                <multiLanguageAttribute>description</multiLanguageAttribute>
                <multiLanguageAttribute>displayname</multiLanguageAttribute>
            </multiLanguageAttributes>

            <attributes>
                <attribute carmlname="activeenddate" targetname="orclactiveenddate"
                           description="Active End Date"/>

                <attribute carmlname="activestartdate" targetname="orclactivestartdate"
                           description="Active Start Date"/>

                <attribute carmlname="country" targetname="c"
                           description="Business Country"/>

                <attribute carmlname="department" targetname="departmentnumber"
                           description="Department"/>

                <attribute carmlname="description" targetname="description"
                           description="Description"/>

                <attribute carmlname="displayname" targetname="displayname"
                           description="Display Name"/>

                <attribute carmlname="employeenumber" targetname="employeenumber"
                           description="Employee Number"/>

                <attribute carmlname="employeetype" targetname="employeetype"
                           description="Employee Type"/>

                <attribute carmlname="fax" targetname="facsimileTelephoneNumber"
                           description="Business Fax Number"/>

                <attribute carmlname="firstname" targetname="givenName"
                           description="Employee First Name"/>

                <attribute carmlname="generationqualifier" targetname="orclgenerationqualifier"
                           description="Name strings that are typically the suffix part of the person name (e.g. III, 3rd, Jr.)"/>

                <attribute carmlname="guid" targetname="orclguid"
                           description="Global Unique ID in repository"/>

                <attribute carmlname="hiredate" targetname="orclhiredate"
                           description="Hire Date"/>

                <attribute carmlname="homeaddress" targetname="homepostaladdress"
                           description="Home Address"/>

                <attribute carmlname="homephone" targetname="homephone"
                           description="Home Phone"/>

                <attribute carmlname="initials" targetname="initials"
                           description="Employee Initials"/>

                <attribute carmlname="lastname" targetname="sn"
                           description="Employee Last Name"/>

                <attribute carmlname="localityname" targetname="l"
                           description="Locality Name"/>

                <attribute carmlname="loginid" targetname="uid"
                           description="User Login ID"/>

                <attribute carmlname="mail" targetname="mail"
                           description="Email ID"/>

                <attribute carmlname="manager" targetname="manager"
                           description="Manager"/>

                <attribute carmlname="middlename" targetname="middlename"
                           description="Employee Middle Name"/>

                <attribute carmlname="mobile" targetname="mobile"
                           description="Business Mobile"/>

                <attribute carmlname="name" targetname="cn"
                           description="Name"/>

                <attribute carmlname="commonname" targetname="cn"
                           description="Common Name"/>

                <attribute carmlname="org" targetname="o"
                           description="Organization"/>

                <attribute carmlname="orgunit" targetname="ou"
                           description="Organizational Unit"/>

                <attribute carmlname="pager" targetname="pager"
                           description="Business Pager"/>

                <attribute carmlname="pobox" targetname="postofficebox"
                           description="Business Post Office Box"/>

                <attribute carmlname="postaladdress" targetname="postaladdress"
                           description="Business Postal Address"/>

                <attribute carmlname="postalcode" targetname="postalcode"
                           description="Business Postal Code"/>

                <attribute carmlname="preferredlanguage" targetname="preferredlanguage"
                           description="Preferred Language"/>

                <attribute carmlname="state" targetname="st"
                           description="Business State"/>

                <attribute carmlname="street" targetname="street"
                           description="Business Street"/>

                <attribute carmlname="telephone" targetname="telephoneNumber"
                           description="Business Telephone"/>

                <attribute carmlname="timezone" targetname="orcltimezone"
                           description="Timezone"/>

                <attribute carmlname="title" targetname="title"
                           description="Employee Title"/>

                <attribute carmlname="uid" targetname="uid"
                           description="Unique User ID"/>

                <attribute carmlname="uniquename" targetname="orclguid"
                           description="Unique name of the subject"/>

                <attribute carmlname="accessibilitymode" targetname="orclAccessibilityMode"
                           description="Accessibility mode - default, screenReader, inaccessible, etc."/>

                <attribute carmlname="colorcontrast" targetname="orclColorContrast"
                           description="Color contrast preference - standard, high, etc."/>

                <attribute carmlname="fontsize" targetname="orclFontSize"
                           description="Fond size preference - large, medium, etc."/>

                <attribute carmlname="numberformat" targetname="orclNumberFormat"
                           description="Number format preference"/>

                <attribute carmlname="currency" targetname="orclCurrency"
                           description="Currency preference"/>

                <attribute carmlname="dateformat" targetname="orclDateFormat"
                           description="Date format preference"/>

                <attribute carmlname="timeformat" targetname="orclTimeFormat"
                           description="Time format preference"/>

                <attribute carmlname="embeddedhelp" targetname="orclEmbeddedHelp"
                           description="Embedded help preference - boolean value to turn on/off help popup"/>

                <attribute carmlname="fusionapplanguage" targetname="orclFALanguage"
                           description="Fusion applications - user preferred language"/>

                <attribute carmlname="fusionappterritory" targetname="orclFATerritory"
                           description="Fusion applications - user preferred territory"/>

                <attribute carmlname="fusiondisplaynamelangpref" targetname="orclDisplayNameLanguagePreference"
                           description="Fusion applications - preferred language for Display Name"/>

                <attribute carmlname="tenantguid" targetname="orclMTTenantGUID"
                           description="Tenant Global Unique Id"/>

                <attribute carmlname="tenantuniquename" targetname="orclMTTenantUName"
                           description="Tenant Unique Name"/>

                <attribute carmlname="tenantuid" targetname="orclMTUid"
                           description="Tenant Unique ID"/>

                <attribute carmlname="fusionappuserid" targetname="orclFAUserID"
                           description="Fusion applications - User ID"/>

                <attribute carmlname="fusionapppersonid" targetname="orclFAPersonID"
                           description="Fusion applications - Person ID"/>

                <attribute carmlname="fusionapppartyid" targetname="orclFAPartyID"
                           description="Fusion application - Party ID"/>

                <attribute carmlname="impersonationgrantee" targetname="orclImpersonationGrantee"
                           description="Impersonation Grantee"/>

                <attribute carmlname="impersonationgranter" targetname="orclImpersonationGranter"
                           description="Impersonation Granter"/>

                <attribute carmlname="visible" targetname="orclisvisible"
                           description="Is Visible (for system/app id users/groups visible value is false)"/>

            </attributes>

            <predicates>
                <!-- targetname - <target attr >:<true values separated by '|'>:
                                  <false values separated by '|'>:<default> -->
                <predicate carmlname="isActive" targetname="orclaccountenabled:1:0:true"
                           description="Is User Active?"/>

            </predicates>

        </entity>

        
        <!--*****************************************************
                            Role entity mapping 
            *****************************************************-->

        <entity name="Role" type="group">
            <searchBase>cn=groups,dc=oracle,dc=com</searchBase>

            <createBase>cn=groups,dc=oracle,dc=com</createBase>

            <rdnAttribute>cn</rdnAttribute>

            <objectclasses>
                <objectclass>orclidxgroup</objectclass>
            </objectclasses>

            <filterObjectclasses>
                <objectclass>groupofUniqueNames</objectclass>
            </filterObjectclasses>

            <passwordAttributes/>

            <multiLanguageAttributes>
                <multiLanguageAttribute>description</multiLanguageAttribute>
                <multiLanguageAttribute>displayname</multiLanguageAttribute>
            </multiLanguageAttributes>

            <attributes>
                <attribute carmlname="description" targetname="description"
                           description="Description"/>

                <attribute carmlname="displayname" targetname="displayname"
                           description="Display Name"/>

                <attribute carmlname="guid" targetname="orclguid"
                           description="Global Unique ID in repository"/>

                <attribute carmlname="mail" targetname="mail"
                           description="Email ID"/>

                <attribute carmlname="member" targetname="uniqueMember"
                           description="Unique Member"/>

                <attribute carmlname="name" targetname="cn"
                           description="Name"/>

                <attribute carmlname="commonname" targetname="cn"
                           description="Common Name"/>

                <attribute carmlname="org" targetname="o"
                           description="Organization"/>

                <attribute carmlname="orgunit" targetname="ou"
                           description="Organizational Unit"/>

                <attribute carmlname="owner" targetname="owner"
                           description="Owner"/>

                <attribute carmlname="rolecategory" targetname="businessCategory"
                           description="Role Category"/>

                <attribute carmlname="seealso" targetname="seealso"
                           description="See Also"/>

                <attribute carmlname="uniquename" targetname="orclguid"
                           description="Unique name of the subject"/>

                <attribute carmlname="tenantguid" targetname="orclMTTenantGUID"
                           description="Tenant Global Unique Id"/>

                <attribute carmlname="tenantuniquename" targetname="orclMTTenantUName"
                           description="Tenant Unique Name"/>

                <attribute carmlname="tenantuid" targetname="orclMTUid"
                           description="Tenant Unique ID"/>

                <attribute carmlname="visible" targetname="orclisvisible"
                           description="Is Visible (for system/app id users/groups visible value is false)"/>

            </attributes>

            <predicates>
            </predicates>

        </entity>

    </entities>

    <privacyControl critical="false" />

    <paging enabled="true" />

    <ovdconfig context="default" />

</CarmlOvdMapping>
