<?xml version = '1.0' encoding = 'UTF-8'?>
<hwTaskFlows xmlns="http://xmlns.oracle.com/bpel/workflow/hwTaskFlowProperties">
   <ApplicationName>worklist</ApplicationName>
   <LookupType>LOCAL</LookupType>
   <TaskFlowDeploy>false</TaskFlowDeploy>
   <TaskFlowServer>
      <hostName/>
      <httpPort/>
      <httpsPort/>
   </TaskFlowServer>
<hwTaskFlow><WorkflowName>ApprovePOHumanTask</WorkflowName><TaskDefinitionNamespace>http://xmlns.oracle.com/lesson10/ApprovePOComposite/ApprovePOHumanTask</TaskDefinitionNamespace><TaskFlowId>ApprovePOHumanTask_TaskFlow</TaskFlowId><TaskFlowFileName>WEB-INF/ApprovePOHumanTask_TaskFlow.xml</TaskFlowFileName></hwTaskFlow></hwTaskFlows>
