<?xml version="1.0" encoding="UTF-8"?>
<object-persistence xmlns="http://www.eclipse.org/eclipselink/xsds/persistence" xmlns:xsd="http://www.w3.org/2001/XMLSchema" xmlns:eclipselink="http://www.eclipse.org/eclipselink/xsds/persistence" xmlns:xsi="http://www.w3.org/2001/XMLSchema-instance" version="Eclipse Persistence Services - 2.5.2.v20140319-9ad6abd">
   <name>CustomerLookup-OR</name>
   <class-mapping-descriptors>
      <class-mapping-descriptor xsi:type="object-relational-class-mapping-descriptor">
         <class>CustomerLookup.Customers</class>
         <alias>SOADEMO.CUSTOMERS</alias>
         <primary-key>
            <field table="CUSTOMERS" name="CUST_ID" xsi:type="column"/>
         </primary-key>
         <events/>
         <querying>
            <queries>
               <query name="CustomerLookupSelect" xsi:type="read-all-query">
                  <criteria operator="equal" xsi:type="relation-expression">
                     <left name="custId" xsi:type="query-key-expression">
                        <base xsi:type="base-expression"/>
                     </left>
                     <right xsi:type="parameter-expression">
                        <parameter name="custNum" xsi:type="column"/>
                     </right>
                  </criteria>
                  <arguments>
                     <argument name="custNum">
                        <type>java.lang.String</type>
                     </argument>
                  </arguments>
                  <reference-class>CustomerLookup.Customers</reference-class>
                  <container xsi:type="list-container-policy">
                     <collection-type>java.util.Vector</collection-type>
                  </container>
               </query>
            </queries>
         </querying>
         <attribute-mappings>
            <attribute-mapping xsi:type="direct-mapping">
               <attribute-name>custId</attribute-name>
               <field table="CUSTOMERS" name="CUST_ID" xsi:type="column"/>
               <attribute-classification>java.lang.Integer</attribute-classification>
            </attribute-mapping>
            <attribute-mapping xsi:type="direct-mapping">
               <attribute-name>firstName</attribute-name>
               <field table="CUSTOMERS" name="FIRST_NAME" xsi:type="column"/>
               <attribute-classification>java.lang.String</attribute-classification>
            </attribute-mapping>
            <attribute-mapping xsi:type="direct-mapping">
               <attribute-name>lastName</attribute-name>
               <field table="CUSTOMERS" name="LAST_NAME" xsi:type="column"/>
               <attribute-classification>java.lang.String</attribute-classification>
            </attribute-mapping>
            <attribute-mapping xsi:type="direct-mapping">
               <attribute-name>email</attribute-name>
               <field table="CUSTOMERS" name="EMAIL" xsi:type="column"/>
               <attribute-classification>java.lang.String</attribute-classification>
            </attribute-mapping>
            <attribute-mapping xsi:type="direct-mapping">
               <attribute-name>username</attribute-name>
               <properties>
                  <property name="enabled">
                     <value>false</value>
                  </property>
               </properties>
               <field table="CUSTOMERS" name="USERNAME" xsi:type="column"/>
               <attribute-classification>java.lang.String</attribute-classification>
            </attribute-mapping>
            <attribute-mapping xsi:type="direct-mapping">
               <attribute-name>passwrd</attribute-name>
               <properties>
                  <property name="enabled">
                     <value>false</value>
                  </property>
               </properties>
               <field table="CUSTOMERS" name="PASSWRD" xsi:type="column"/>
               <attribute-classification>java.lang.String</attribute-classification>
            </attribute-mapping>
            <attribute-mapping xsi:type="direct-mapping">
               <attribute-name>status</attribute-name>
               <properties>
                  <property name="enabled">
                     <value>false</value>
                  </property>
               </properties>
               <field table="CUSTOMERS" name="STATUS" xsi:type="column"/>
               <attribute-classification>java.lang.String</attribute-classification>
            </attribute-mapping>
         </attribute-mappings>
         <descriptor-type>independent</descriptor-type>
         <caching>
            <cache-type>weak-reference</cache-type>
            <cache-size>-1</cache-size>
            <always-refresh>true</always-refresh>
         </caching>
         <remote-caching>
            <cache-type>weak-reference</cache-type>
            <cache-size>-1</cache-size>
         </remote-caching>
         <instantiation/>
         <copying xsi:type="instantiation-copy-policy"/>
         <tables>
            <table name="SOADEMO.CUSTOMERS"/>
         </tables>
         <structure>structureName</structure>
      </class-mapping-descriptor>
   </class-mapping-descriptors>
   <login xsi:type="database-login">
      <platform-class>org.eclipse.persistence.platform.database.oracle.Oracle9Platform</platform-class>
      <connection-url></connection-url>
   </login>
</object-persistence>
