<?xml version = '1.0' encoding = 'UTF-8'?>
<!DOCTYPE properties SYSTEM "http://java.sun.com/dtd/properties.dtd">
<properties>
   <entry key="SOADEMO.CUSTOMERS:db_column_3">EMAIL</entry>
   <entry key="SOADEMO.CUSTOMERS.PASSWRD:db_column_not_null">true</entry>
   <entry key="SOADEMO.CUSTOMERS:db_column_2">LAST_NAME</entry>
   <entry key="SOADEMO.CUSTOMERS:db_column_1">FIRST_NAME</entry>
   <entry key="SOADEMO.CUSTOMERS.CUST_ID:db_column_type">NUMBER</entry>
   <entry key="SOADEMO.CUSTOMERS.USERNAME:db_column_type">VARCHAR2</entry>
   <entry key="SOADEMO.CUSTOMERS:db_column_0">CUST_ID</entry>
   <entry key="SOADEMO.CUSTOMERS.EMAIL:db_column_size">40</entry>
   <entry key="SOADEMO.CUSTOMERS.USERNAME:db_column_not_null">true</entry>
   <entry key="SOADEMO.CUSTOMERS.CUST_ID:db_column_scale">0</entry>
   <entry key="SOADEMO.CUSTOMERS.PASSWRD:db_column_size">40</entry>
   <entry key="SOADEMO.CUSTOMERS.FIRST_NAME:db_column_not_null">true</entry>
   <entry key="SOADEMO.CUSTOMERS.FIRST_NAME:db_column_type">VARCHAR2</entry>
   <entry key="SOADEMO.CUSTOMERS.LAST_NAME:db_column_type">VARCHAR2</entry>
   <entry key="SOADEMO.CUSTOMERS.CUST_ID:db_column_precision">6</entry>
   <entry key="SOADEMO.CUSTOMERS.CUST_ID:db_column_not_null">true</entry>
   <entry key="SOADEMO.CUSTOMERS.USERNAME:db_column_size">40</entry>
   <entry key="return_single_result_set">false</entry>
   <entry key="SOADEMO.CUSTOMERS.STATUS:db_column_type">VARCHAR2</entry>
   <entry key="SOADEMO.CUSTOMERS.FIRST_NAME:db_column_size">40</entry>
   <entry key="SOADEMO.CUSTOMERS.LAST_NAME:db_column_size">40</entry>
   <entry key="SOADEMO.CUSTOMERS.EMAIL:db_column_type">VARCHAR2</entry>
   <entry key="SOADEMO.CUSTOMERS.STATUS:db_column_not_null">true</entry>
   <entry key="root_descriptor_alias">SOADEMO.CUSTOMERS</entry>
   <entry key="SOADEMO.CUSTOMERS.PASSWRD:db_column_type">VARCHAR2</entry>
   <entry key="SOADEMO.CUSTOMERS.LAST_NAME:db_column_not_null">true</entry>
   <entry key="SOADEMO.CUSTOMERS.STATUS:db_column_size">20</entry>
   <entry key="SOADEMO.CUSTOMERS:db_table_type">TABLE</entry>
   <entry key="SOADEMO.CUSTOMERS:db_column_6">STATUS</entry>
   <entry key="SOADEMO.CUSTOMERS:db_column_5">PASSWRD</entry>
   <entry key="SOADEMO.CUSTOMERS.EMAIL:db_column_not_null">true</entry>
   <entry key="SOADEMO.CUSTOMERS:db_column_4">USERNAME</entry>
</properties>