<?xml version="1.0" encoding="UTF-8" ?>
<!-- Generated by Oracle SOA Modeler version 1.0 at [7/28/10 6:49 PM]. -->
<composite name="ApprovePOComposite"
           revision="1.0"
           label="2010-07-28_18-49-38_468"
           mode="active"
           state="on"
           xmlns="http://xmlns.oracle.com/sca/1.0"
           xmlns:xs="http://www.w3.org/2001/XMLSchema"
           xmlns:wsp="http://schemas.xmlsoap.org/ws/2004/09/policy"
           xmlns:orawsp="http://schemas.oracle.com/ws/2006/01/policy"
           xmlns:ui="http://xmlns.oracle.com/soa/designer/">
  <import namespace="http://xmlns.oracle.com/pcbpel/adapter/file/lesson10/ApprovePOComposite/ApprovePOFileService"
          location="ApprovePOFileService.wsdl" importType="wsdl"/>
  <import namespace="http://xmlns.oracle.com/bpel/workflow/taskService"
          location="oramds:/soa/shared/workflow/TaskServiceInterface.wsdl"
          importType="wsdl"/>
  <import namespace="http://xmlns.oracle.com/pcbpel/adapter/file/lesson10/ApprovePOComposite/ApprovePOLogFileService"
          location="ApprovePOLogFileService.wsdl" importType="wsdl"/>
  <import namespace="http://oracle.com/sca/soapservice/lesson10/ApprovePOComposite/ApprovePOBPEL"
          location="ApprovePOBPELRef.wsdl" importType="wsdl"/>
  <service name="ApprovePOFileService"
           ui:wsdlLocation="ApprovePOFileService.wsdl">
    <interface.wsdl interface="http://xmlns.oracle.com/pcbpel/adapter/file/lesson10/ApprovePOComposite/ApprovePOFileService#wsdl.interface(Read_ptt)"/>
    <binding.jca config="ApprovePOFileService_file.jca"/>
    <property name="po_dir" type="xs:string" many="false" override="may">/practices/lesson12</property>
  </service>
  <service name="ApprovePOMediator_ep"
           ui:wsdlLocation="ApprovePOFileService.wsdl">
    <interface.wsdl interface="http://xmlns.oracle.com/pcbpel/adapter/file/lesson10/ApprovePOComposite/ApprovePOFileService#wsdl.interface(Read_ptt)"/>
    <binding.ws port="http://xmlns.oracle.com/pcbpel/adapter/file/lesson10/ApprovePOComposite/ApprovePOFileService#wsdl.endpoint(ApprovePOMediator_ep/Read_pt)"/>
  </service>
  <property name="originalProductVersion" type="xs:string" many="false">11.0.0.0.0</property>
  <property name="productVersion" type="xs:string" many="false">12.1.3.0.0</property>
  <property name="compositeID" type="xs:string" many="false">05e91d8e-8ed8-4221-a432-a82cc9167ca6</property>
  <component name="ApprovePOBPEL">
    <implementation.bpel src="ApprovePOBPEL.bpel"/>
    <componentType xmlns="http://xmlns.oracle.com/sca/1.0" xmlns:xs="http://www.w3.org/2001/XMLSchema"
                   xmlns:ui="http://xmlns.oracle.com/soa/designer/">
      <service name="approvepobel_client" ui:wsdlLocation="ApprovePOBPELRef.wsdl">
        <interface.wsdl interface="http://oracle.com/sca/soapservice/lesson10/ApprovePOComposite/ApprovePOBPEL#wsdl.interface(process_ptt)"/>
      </service>
      <reference name="ApprovePOHumanTask.TaskService"
                 ui:wsdlLocation="oramds:/soa/shared/workflow/TaskServiceInterface.wsdl">
        <interface.wsdl interface="http://xmlns.oracle.com/bpel/workflow/taskService#wsdl.interface(TaskService)"
                        callbackInterface="http://xmlns.oracle.com/bpel/workflow/taskService#wsdl.interface(TaskServiceCallback)"/>
      </reference>
      <reference name="ApprovePOLogFileService" ui:wsdlLocation="ApprovePOLogFileService.wsdl">
        <interface.wsdl interface="http://xmlns.oracle.com/pcbpel/adapter/file/lesson10/ApprovePOComposite/ApprovePOLogFileService#wsdl.interface(Write_ptt)"/>
      </reference>
    </componentType>
    <property name="bpel.preference.approvalLimit">2000.0</property>
  </component>
  <component name="ApprovePOHumanTask">
    <implementation.workflow src="ApprovePOHumanTask.task"/>
    <componentType xmlns="http://xmlns.oracle.com/sca/1.0" xmlns:xs="http://www.w3.org/2001/XMLSchema"
                   xmlns:ui="http://xmlns.oracle.com/soa/designer/">
      <service name="TaskService" ui:wsdlLocation="oramds:/soa/shared/workflow/TaskServiceInterface.wsdl">
        <interface.wsdl interface="http://xmlns.oracle.com/bpel/workflow/taskService#wsdl.interface(TaskService)"
                        callbackInterface="http://xmlns.oracle.com/bpel/workflow/taskService#wsdl.interface(TaskServiceCallback)"/>
      </service>
    </componentType>
  </component>
  <component name="ApprovePOMediator">
    <implementation.mediator src="ApprovePOMediator.mplan"/>
    <componentType xmlns="http://xmlns.oracle.com/sca/1.0" xmlns:xs="http://www.w3.org/2001/XMLSchema"
                   xmlns:ui="http://xmlns.oracle.com/soa/designer/">
      <service name="ApprovePOMediator" ui:wsdlLocation="ApprovePOFileService.wsdl">
        <interface.wsdl interface="http://xmlns.oracle.com/pcbpel/adapter/file/lesson10/ApprovePOComposite/ApprovePOFileService#wsdl.interface(Read_ptt)"/>
      </service>
      <reference name="ApprovePOBPEL.approvepobel_client" ui:wsdlLocation="ApprovePOBPELRef.wsdl">
        <interface.wsdl interface="http://oracle.com/sca/soapservice/lesson10/ApprovePOComposite/ApprovePOBPEL#wsdl.interface(process_ptt)"/>
      </reference>
    </componentType>
  </component>
  <reference name="ApprovePOLogFileService"
             ui:wsdlLocation="ApprovePOLogFileService.wsdl">
    <interface.wsdl interface="http://xmlns.oracle.com/pcbpel/adapter/file/lesson10/ApprovePOComposite/ApprovePOLogFileService#wsdl.interface(Write_ptt)"/>
    <binding.jca config="ApprovePOLogFileService_file.jca"/>
    <property name="log_dir" type="xs:string" many="false" override="may">D:\labs\lesson11</property>
  </reference>
  <wire>
    <source.uri>ApprovePOBPEL/ApprovePOHumanTask.TaskService</source.uri>
    <target.uri>ApprovePOHumanTask/TaskService</target.uri>
  </wire>
  <wire>
    <source.uri>ApprovePOBPEL/ApprovePOLogFileService</source.uri>
    <target.uri>ApprovePOLogFileService</target.uri>
  </wire>
  <wire>
    <source.uri>ApprovePOMediator_ep</source.uri>
    <target.uri>ApprovePOMediator/ApprovePOMediator</target.uri>
  </wire>
  <wire>
    <source.uri>ApprovePOFileService</source.uri>
    <target.uri>ApprovePOMediator/ApprovePOMediator</target.uri>
  </wire>
  <wire>
    <source.uri>ApprovePOMediator/ApprovePOBPEL.approvepobel_client</source.uri>
    <target.uri>ApprovePOBPEL/approvepobel_client</target.uri>
  </wire>
</composite>
