<?xml version="1.0" encoding="UTF-8" ?>
<JavaBean xmlns="http://xmlns.oracle.com/adfm/beanmodel" version="11.1.1.56.60"
          id="ApprovePOHumanTaskPayloadType"
          Package="ApprovePO_UI_ApprovePOHumanTask"
          BeanClass="ApprovePO_UI_ApprovePOHumanTask.ApprovePOHumanTaskPayloadType"
          isJavaBased="false">
  <AccessorAttribute id="order" IsCollection="true"
                     BeanClass="ApprovePO_UI_ApprovePOHumanTask.orderType"
                     CollectionBeanClass="ApprovePO_UI_ApprovePOHumanTask.orderType_order_Operations">
    <Properties>
      <Property Name="minOccurs" Value="1"/>
      <Property Name="maxOccurs" Value="1"/>
      <Property Name="LABEL" Value="Order"/>
      <Property Name="nillable" Value="false"/>
      <Property Name="originalName" Value="order"/>
      <Property Name="targetNamespace"
                Value="http://www.example.org/ns/intorder"/>
    </Properties>
  </AccessorAttribute>
</JavaBean>
