<?xml version="1.0" encoding="UTF-8" ?>
<JavaBean xmlns="http://xmlns.oracle.com/adfm/beanmodel" version="11.1.1.56.60"
          id="ccInfoType" Package="ApprovePO_UI_ApprovePOHumanTask"
          BeanClass="ApprovePO_UI_ApprovePOHumanTask.ccInfoType"
          isJavaBased="false">
  <Attribute Name="cardType" Type="java.lang.String">
    <Properties>
      <CustomProperties>
        <Property Name="nextSiblingNamespace"
                  Value="http://www.example.org/ns/intorder"/>
        <Property Name="nextSibling" Value="cardNumber"/>
        <Property Name="minOccurs" Value="1"/>
        <Property Name="maxOccurs" Value="1"/>
        <Property Name="LABEL" Value="Card Type"/>
        <Property Name="LeafElement_hint" Value="LeafElement_no_attribute"/>
        <Property Name="nillable" Value="false"/>
        <Property Name="originalName" Value="cardType"/>
        <Property Name="targetNamespace"
                  Value="http://www.example.org/ns/intorder"/>
        <Property Name="type" Value="java.lang.String"/>
      </CustomProperties>
    </Properties>
  </Attribute>
  <Attribute Name="cardNumber" Type="java.lang.String">
    <Properties>
      <CustomProperties>
        <Property Name="minOccurs" Value="1"/>
        <Property Name="maxOccurs" Value="1"/>
        <Property Name="LABEL" Value="Card Number"/>
        <Property Name="LeafElement_hint" Value="LeafElement_no_attribute"/>
        <Property Name="nillable" Value="false"/>
        <Property Name="originalName" Value="cardNumber"/>
        <Property Name="targetNamespace"
                  Value="http://www.example.org/ns/intorder"/>
        <Property Name="type" Value="java.lang.String"/>
      </CustomProperties>
    </Properties>
  </Attribute>
</JavaBean>
