<?xml version="1.0" encoding="UTF-8" ?>
<JavaBean xmlns="http://xmlns.oracle.com/adfm/beanmodel" version="11.1.1.56.60"
          id="preActionUserStepsType" Package="ApprovePO_UI_ApprovePOHumanTask"
          BeanClass="ApprovePO_UI_ApprovePOHumanTask.preActionUserStepsType"
          isJavaBased="false">
  <AccessorAttribute id="preActionUserStep" IsCollection="true"
                     BeanClass="ApprovePO_UI_ApprovePOHumanTask.preActionUserStepType"
                     CollectionBeanClass="ApprovePO_UI_ApprovePOHumanTask.preActionUserStepType_preActionUserStep_Operations">
    <Properties>
      <Property Name="minOccurs" Value="0"/>
      <Property Name="maxOccurs" Value="2147483640"/>
      <Property Name="LABEL" Value="Pre Action User Step"/>
      <Property Name="nillable" Value="false"/>
      <Property Name="originalName" Value="preActionUserStep"/>
      <Property Name="targetNamespace"
                Value="http://xmlns.oracle.com/bpel/workflow/task"/>
    </Properties>
  </AccessorAttribute>
</JavaBean>
