<?xml version="1.0" encoding="UTF-8"?>
<dgm:gDiagram xmlns:dgm="http://xmlns.oracle.com/sca/soadgm">
    <dgm:gService name="approval_client_ep">
        <dgm:body borderWidth="2" arcRad="20" X="21" Y="153" width="137" height="96">
            <dgm:borderColor r="153" g="153" b="153"/>
            <dgm:bgColor r="255" g="255" b="255"/>
        </dgm:body>
        <dgm:shadow arcRad="20" X="11" Y="146" width="156" height="110">
            <dgm:bgColor r="196" g="228" b="240"/>
        </dgm:shadow>
        <dgm:outputPort name="approval_client_ep" X="127" Y="0" diameter="20" imageURI="oracle/tip/tools/ide/fabric/resource/image/visuals_rd1/servicereference.png" interface="http://xmlns.oracle.com/BPELProjects/Approval/Approval#wsdl.interface(Approval)" callbackInterface="http://xmlns.oracle.com/BPELProjects/Approval/Approval#wsdl.interface(ApprovalCallback)"/>
        <dgm:nodeIcon URI="/oracle/tip/tools/ide/adapters/designtime/adapter/images/soap_service_20x20.png" X="20" Y="4" width="20" height="20"/>
        <dgm:operations>
            <dgm:item>process</dgm:item>
            <dgm:item>processResponse</dgm:item>
        </dgm:operations>
    </dgm:gService>
    <dgm:gReference name="CustomerLookup">
        <dgm:body borderWidth="2" arcRad="20" X="638" Y="26" width="136" height="84">
            <dgm:borderColor r="153" g="153" b="153"/>
            <dgm:bgColor r="255" g="255" b="255"/>
        </dgm:body>
        <dgm:shadow arcRad="20" X="628" Y="19" width="156" height="98">
            <dgm:bgColor r="196" g="228" b="240"/>
        </dgm:shadow>
        <dgm:inputPort name="CustomerLookup" X="-10" Y="0" diameter="20" imageURI="oracle/tip/tools/ide/fabric/resource/image/visuals_rd1/servicereference.png" interface="http://xmlns.oracle.com/pcbpel/adapter/db/BPELProjects/Approval/CustomerLookup#wsdl.interface(CustomerLookup_ptt)"/>
        <dgm:nodeIcon URI="/oracle/tip/tools/ide/adapters/designtime/adapter/images/db_adapter_20x20.png" X="27" Y="4" width="20" height="20"/>
        <dgm:operations>
            <dgm:item>CustomerLookupSelect</dgm:item>
        </dgm:operations>
    </dgm:gReference>
    <dgm:gReference name="NotificationService1">
        <dgm:body borderWidth="2" arcRad="20" X="638" Y="144" width="136" height="168">
            <dgm:borderColor r="153" g="153" b="153"/>
            <dgm:bgColor r="255" g="255" b="255"/>
        </dgm:body>
        <dgm:shadow arcRad="20" X="628" Y="137" width="156" height="182">
            <dgm:bgColor r="196" g="228" b="240"/>
        </dgm:shadow>
        <dgm:inputPort name="NotificationService1" X="-10" Y="0" diameter="20" imageURI="oracle/tip/tools/ide/fabric/resource/image/visuals_rd1/servicereference.png" interface="http://xmlns.oracle.com/ias/pcbpel/NotificationService#wsdl.interface(NotificationService)"/>
        <dgm:nodeIcon URI="/oracle/tip/tools/ide/adapters/designtime/adapter/images/soap_service_20x20.png" X="27" Y="4" width="20" height="20"/>
        <dgm:operations>
            <dgm:item>sendIMNotification</dgm:item>
            <dgm:item>sendFaxNotification</dgm:item>
            <dgm:item>sendVoiceNotification</dgm:item>
            <dgm:item>sendSMSNotification</dgm:item>
            <dgm:item>sendPagerNotification</dgm:item>
            <dgm:item>sendURINotification</dgm:item>
            <dgm:item>sendEmailNotification</dgm:item>
            <dgm:item>sendNotificationToUser</dgm:item>
            <dgm:item>sendNotificationToGroup</dgm:item>
        </dgm:operations>
    </dgm:gReference>
    <dgm:gComponent name="ManualApproval">
        <dgm:body borderWidth="2" arcRad="20" X="439" Y="188" width="130" height="61">
            <dgm:borderColor r="109" g="136" b="65"/>
            <dgm:lightBgColor r="201" g="224" b="155"/>
            <dgm:darkBgColor r="157" g="195" b="93"/>
        </dgm:body>
        <dgm:shadow arcRad="20" X="429" Y="181" width="150" height="77">
            <dgm:bgColor r="196" g="228" b="240"/>
        </dgm:shadow>
        <dgm:inputPort name="TaskService" X="-10" Y="15" diameter="20" imageURI="oracle/tip/tools/ide/fabric/resource/image/visuals_rd1/servicereference.png" interface="http://xmlns.oracle.com/bpel/workflow/taskService#wsdl.interface(TaskService)" callbackInterface="http://xmlns.oracle.com/bpel/workflow/taskService#wsdl.interface(TaskServiceCallback)"/>
        <dgm:nodeIcon URI="/oracle/tip/tools/ide/workflow/resources/images/humantask_20x20.png" X="10" Y="4" width="20" height="20"/>
    </dgm:gComponent>
    <dgm:gComponent name="Approval">
        <dgm:body borderWidth="2" arcRad="20" X="226" Y="138" width="130" height="111">
            <dgm:borderColor r="69" g="113" b="140"/>
            <dgm:lightBgColor r="166" g="208" b="230"/>
            <dgm:darkBgColor r="99" g="162" b="201"/>
        </dgm:body>
        <dgm:shadow arcRad="20" X="216" Y="131" width="150" height="127">
            <dgm:bgColor r="196" g="228" b="240"/>
        </dgm:shadow>
        <dgm:inputPort name="approval_client" X="-10" Y="15" diameter="20" imageURI="oracle/tip/tools/ide/fabric/resource/image/visuals_rd1/servicereference.png" interface="http://xmlns.oracle.com/BPELProjects/Approval/Approval#wsdl.interface(Approval)" callbackInterface="http://xmlns.oracle.com/BPELProjects/Approval/Approval#wsdl.interface(ApprovalCallback)"/>
        <dgm:outputPort name="CustomerLookup" X="120" Y="15" diameter="20" imageURI="oracle/tip/tools/ide/fabric/resource/image/visuals_rd1/servicereference.png" interface="http://xmlns.oracle.com/pcbpel/adapter/db/BPELProjects/Approval/CustomerLookup#wsdl.interface(CustomerLookup_ptt)"/>
        <dgm:outputPort name="NotificationService1" X="120" Y="40" diameter="20" imageURI="oracle/tip/tools/ide/fabric/resource/image/visuals_rd1/servicereference.png" interface="http://xmlns.oracle.com/ias/pcbpel/NotificationService#wsdl.interface(NotificationService)"/>
        <dgm:outputPort name="ManualApproval.TaskService_2" X="120" Y="65" diameter="20" imageURI="oracle/tip/tools/ide/fabric/resource/image/visuals_rd1/servicereference.png" interface="http://xmlns.oracle.com/bpel/workflow/taskService#wsdl.interface(TaskService)" callbackInterface="http://xmlns.oracle.com/bpel/workflow/taskService#wsdl.interface(TaskServiceCallback)"/>
        <dgm:nodeIcon URI="/oracle/tip/tools/ide/bpel/shared/plugins/resources/images/soa/process_20x20.png" X="10" Y="4" width="20" height="20"/>
    </dgm:gComponent>
    <dgm:gWireLink source="approval_client_ep" target="Approval/approval_client" width="2">
        <dgm:gSegment X1="168" Y1="163" X2="216" Y2="163"/>
        <dgm:baseColor r="153" g="153" b="153"/>
        <dgm:selectedColor r="49" g="106" b="196"/>
    </dgm:gWireLink>
    <dgm:gWireLink source="Approval/CustomerLookup" target="CustomerLookup" width="2">
        <dgm:gSegment X1="366" Y1="163" X2="390" Y2="163"/>
        <dgm:gSegment X1="390" Y1="163" X2="390" Y2="36"/>
        <dgm:gSegment X1="390" Y1="36" X2="628" Y2="36"/>
        <dgm:baseColor r="153" g="153" b="153"/>
        <dgm:selectedColor r="49" g="106" b="196"/>
    </dgm:gWireLink>
    <dgm:gWireLink source="Approval/NotificationService1" target="NotificationService1" width="2">
        <dgm:gSegment X1="366" Y1="188" X2="405" Y2="188"/>
        <dgm:gSegment X1="405" Y1="188" X2="405" Y2="154"/>
        <dgm:gSegment X1="405" Y1="154" X2="628" Y2="154"/>
        <dgm:baseColor r="153" g="153" b="153"/>
        <dgm:selectedColor r="49" g="106" b="196"/>
    </dgm:gWireLink>
    <dgm:gWireLink source="Approval/ManualApproval.TaskService_2" target="ManualApproval/TaskService" width="2">
        <dgm:gSegment X1="366" Y1="213" X2="429" Y2="213"/>
        <dgm:baseColor r="153" g="153" b="153"/>
        <dgm:selectedColor r="49" g="106" b="196"/>
    </dgm:gWireLink>
</dgm:gDiagram>