<?xml version="1.0" encoding="UTF-8" ?>
<!-- Generated by Oracle SOA Modeler version 12.1.3.0.0 at [9/26/14 4:12 PM]. -->
<composite name="Enroll"
           revision="1.0"
           label="2014-09-26_16-12-23_476"
           mode="active"
           state="on"
           xmlns="http://xmlns.oracle.com/sca/1.0"
           xmlns:xs="http://www.w3.org/2001/XMLSchema"
           xmlns:wsp="http://schemas.xmlsoap.org/ws/2004/09/policy"
           xmlns:orawsp="http://schemas.oracle.com/ws/2006/01/policy"
           xmlns:ui="http://xmlns.oracle.com/soa/designer/"
           xmlns:sca-ext="http://xmlns.oracle.com/sca/1.0-ext">
  <import namespace="http://oracle.com/sca/soapservice/BPELProjects/Enroll/Enroll" location="WSDLs/Enroll.wsdl"
          importType="wsdl"/>
  <import namespace="http://xmlns.oracle.com/BPELProjects/Enroll/EnrollmentProcess"
          location="WSDLs/EnrollmentProcess.wsdl" importType="wsdl"/>
  <import namespace="http://xmlns.oracle.com/Projects/BookingSystem/Booking"
          location="http://soavh02.example.com:8001/soa-infra/services/default/BookingSystem/Booking.wsdl"
          importType="wsdl"/>
  <import namespace="http://xmlns.oracle.com/pcbpel/adapter/file/AdminLabs/Enroll/fileInput"
          location="WSDLs/fileInput.wsdl" importType="wsdl"/>
  <import namespace="http://xmlns.oracle.com/pcbpel/adapter/file/AdminLabs/Enroll/fileOut" location="WSDLs/fileOut.wsdl"
          importType="wsdl"/>
  <import namespace="http://xmlns.oracle.com/AdminLabs/Enroll/EventDefinitions" location="Events/EventDefinitions.edl"
          importType="edl"/>
  <service name="Enroll" ui:wsdlLocation="WSDLs/Enroll.wsdl">
    <interface.wsdl interface="http://oracle.com/sca/soapservice/BPELProjects/Enroll/Enroll#wsdl.interface(execute_ptt)"/>
    <binding.ws port="http://oracle.com/sca/soapservice/BPELProjects/Enroll/Enroll#wsdl.endpoint(Enroll/execute_pt)">
      <property name="weblogic.wsee.wsat.transaction.flowOption" type="xs:string" many="false">NEVER</property>
    </binding.ws>
  </service>
  <service name="fileInput" ui:wsdlLocation="WSDLs/fileInput.wsdl">
    <interface.wsdl interface="http://xmlns.oracle.com/pcbpel/adapter/file/AdminLabs/Enroll/fileInput#wsdl.interface(Read_ptt)"/>
    <binding.jca config="Adapters/fileInput_file.jca">
      <property name="useRejectedMessageRecovery" type="xs:string" many="false" override="may">true</property>
    </binding.jca>
  </service>
  <property name="productVersion" type="xs:string" many="false">12.1.3.0.0</property>
  <property name="compositeID" type="xs:string" many="false">c56f7094-3ba0-47fa-b54d-332f81a05c7f</property>
  <component name="RouteRequest">
    <implementation.mediator src="Mediators/RouteRequest.mplan"/>
    <componentType>
      <service name="RouteRequest" ui:wsdlLocation="WSDLs/Enroll.wsdl">
        <interface.wsdl interface="http://oracle.com/sca/soapservice/BPELProjects/Enroll/Enroll#wsdl.interface(execute_ptt)"/>
      </service>
      <reference name="EnrollmentProcess.enrollmentprocess_client" ui:wsdlLocation="WSDLs/EnrollmentProcess.wsdl">
        <interface.wsdl interface="http://xmlns.oracle.com/BPELProjects/Enroll/EnrollmentProcess#wsdl.interface(EnrollmentProcess)"/>
      </reference>
    </componentType>
  </component>
  <component name="EnrollmentProcess" version="2.0">
    <implementation.bpel src="BPEL/EnrollmentProcess.bpel"/>
    <componentType>
      <service name="enrollmentprocess_client" ui:wsdlLocation="WSDLs/EnrollmentProcess.wsdl">
        <interface.wsdl interface="http://xmlns.oracle.com/BPELProjects/Enroll/EnrollmentProcess#wsdl.interface(EnrollmentProcess)"/>
      </service>
      <reference name="BookingService"
                 ui:wsdlLocation="http://soavh02.example.com:8001/soa-infra/services/default/BookingSystem/Booking.wsdl">
        <interface.wsdl interface="http://xmlns.oracle.com/Projects/BookingSystem/Booking#wsdl.interface(Booking)"/>
      </reference>
    </componentType>
    <property name="bpel.config.transaction" type="xs:string" many="false">required</property>
  </component>
  <component name="Mediator2">
    <implementation.mediator src="Mediators/Mediator2.mplan"/>
    <componentType>
      <service name="Mediator2" ui:wsdlLocation="WSDLs/fileInput.wsdl">
        <interface.wsdl interface="http://xmlns.oracle.com/pcbpel/adapter/file/AdminLabs/Enroll/fileInput#wsdl.interface(Read_ptt)"/>
      </service>
      <reference name="EnrollmentProcess.enrollmentprocess_client" ui:wsdlLocation="WSDLs/EnrollmentProcess.wsdl">
        <interface.wsdl interface="http://xmlns.oracle.com/BPELProjects/Enroll/EnrollmentProcess#wsdl.interface(EnrollmentProcess)"/>
      </reference>
      <reference name="fileOut" ui:wsdlLocation="WSDLs/fileOut.wsdl">
        <interface.wsdl interface="http://xmlns.oracle.com/pcbpel/adapter/file/AdminLabs/Enroll/fileOut#wsdl.interface(Write_ptt)"/>
      </reference>
    </componentType>
    <business-events>
      <publishes xmlns:pub1="http://xmlns.oracle.com/AdminLabs/Enroll/EventDefinitions" name="pub1:EnrollmentResponse"
                 persistent="true" priority="4" timeToLive="0"/>
    </business-events>
  </component>
  <reference name="BookingService"
             ui:wsdlLocation="http://soavh02.example.com:8001/soa-infra/services/default/BookingSystem/Booking.wsdl">
    <interface.wsdl interface="http://xmlns.oracle.com/Projects/BookingSystem/Booking#wsdl.interface(Booking)"/>
    <binding.ws port="http://xmlns.oracle.com/Projects/BookingSystem/Booking#wsdl.endpoint(booking_client_ep/Booking_pt)"
                location="http://soavh02.example.com:8001/soa-infra/services/default/BookingSystem/booking_client_ep?WSDL"
                soapVersion="1.1">
      <property name="weblogic.wsee.wsat.transaction.flowOption" type="xs:string" many="false">WSDLDriven</property>
    </binding.ws>
  </reference>
  <reference name="fileOut" ui:wsdlLocation="WSDLs/fileOut.wsdl">
    <interface.wsdl interface="http://xmlns.oracle.com/pcbpel/adapter/file/AdminLabs/Enroll/fileOut#wsdl.interface(Write_ptt)"/>
    <binding.jca config="Adapters/fileOut_file.jca"/>
  </reference>
  <wire>
    <source.uri>Enroll</source.uri>
    <target.uri>RouteRequest/RouteRequest</target.uri>
  </wire>
  <wire>
    <source.uri>RouteRequest/EnrollmentProcess.enrollmentprocess_client</source.uri>
    <target.uri>EnrollmentProcess/enrollmentprocess_client</target.uri>
  </wire>
  <wire>
    <source.uri>EnrollmentProcess/BookingService</source.uri>
    <target.uri>BookingService</target.uri>
  </wire>
  <wire>
    <source.uri>fileInput</source.uri>
    <target.uri>Mediator2/Mediator2</target.uri>
  </wire>
  <wire>
    <source.uri>Mediator2/EnrollmentProcess.enrollmentprocess_client</source.uri>
    <target.uri>EnrollmentProcess/enrollmentprocess_client</target.uri>
  </wire>
  <wire>
    <source.uri>Mediator2/fileOut</source.uri>
    <target.uri>fileOut</target.uri>
  </wire>
</composite>
