<?xml version='1.0' encoding='UTF-8'?>
<deployment-plan xmlns="http://xmlns.oracle.com/weblogic/deployment-plan" xmlns:xsi="http://www.w3.org/2001/XMLSchema-instance" xsi:schemaLocation="http://xmlns.oracle.com/weblogic/deployment-plan http://xmlns.oracle.com/weblogic/deployment-plan/1.0/deployment-plan.xsd" global-variables="false">
  <application-name>DbAdapter</application-name>
  <variable-definition>
    <variable>
      <name>ConnectionInstance_eis/DB/soademo_JNDIName_14270768736640</name>
      <value>eis/DB/soademo</value>
    </variable>
    <variable>
      <name>ConfigProperty_XADataSourceName_Name_14271288342840</name>
      <value>XADataSourceName</value>
    </variable>
    <variable>
      <name>ConfigProperty_XADataSourceName_Value_14271288342841</name>
      <value>jdbc/soademo</value>
    </variable>
  </variable-definition>
  <module-override>
    <module-name>DbAdapter.rar</module-name>
    <module-type>rar</module-type>
    <module-descriptor external="false">
      <root-element>weblogic-connector</root-element>
      <uri>META-INF/weblogic-ra.xml</uri>
      <variable-assignment>
        <name>ConnectionInstance_eis/DB/soademo_JNDIName_14270768736640</name>
        <xpath>/weblogic-connector/outbound-resource-adapter/connection-definition-group/[connection-factory-interface="javax.resource.cci.ConnectionFactory"]/connection-instance/[jndi-name="eis/DB/soademo"]/jndi-name</xpath>
        <origin>planbased</origin>
      </variable-assignment>
      <variable-assignment>
        <name>ConfigProperty_XADataSourceName_Name_14271288342840</name>
        <xpath>/weblogic-connector/outbound-resource-adapter/connection-definition-group/[connection-factory-interface="javax.resource.cci.ConnectionFactory"]/connection-instance/[jndi-name="eis/DB/soademo"]/connection-properties/properties/property/[name="XADataSourceName"]/name</xpath>
        <origin>planbased</origin>
      </variable-assignment>
      <variable-assignment>
        <name>ConfigProperty_XADataSourceName_Value_14271288342841</name>
        <xpath>/weblogic-connector/outbound-resource-adapter/connection-definition-group/[connection-factory-interface="javax.resource.cci.ConnectionFactory"]/connection-instance/[jndi-name="eis/DB/soademo"]/connection-properties/properties/property/[name="XADataSourceName"]/value</xpath>
        <origin>planbased</origin>
      </variable-assignment>
    </module-descriptor>
    <module-descriptor external="false">
      <root-element>connector</root-element>
      <uri>META-INF/ra.xml</uri>
    </module-descriptor>
    <module-descriptor external="true">
      <root-element>wldf-resource</root-element>
      <uri>META-INF/weblogic-diagnostics.xml</uri>
    </module-descriptor>
  </module-override>
  <config-root>/u01/oracle/product/fmw/soa/soa/connectors/plan</config-root>
</deployment-plan>
