<?xml version="1.0" encoding="UTF-8"?>
<wldf-resource xsi:schemaLocation="http://xmlns.oracle.com/weblogic/weblogic-diagnostics http://xmlns.oracle.com/weblogic/weblogic-diagnostics/1.0/weblogic-diagnostics.xsd" xmlns="http://xmlns.oracle.com/weblogic/weblogic-diagnostics" xmlns:sec="http://xmlns.oracle.com/weblogic/security" xmlns:wls="http://xmlns.oracle.com/weblogic/security/wls" xmlns:xsi="http://www.w3.org/2001/XMLSchema-instance">
  <name>Module-FMWDFW</name>
  <watch-notification>
    <watch>
      <name>UncheckedException</name>
      <enabled>true</enabled>
      <rule-type>Log</rule-type>
      <rule-expression>(SEVERITY = 'Error') AND ((MSGID = 'WL-101020') OR (MSGID = 'WL-101017') OR (MSGID = 'WL-000802') OR (MSGID = 'BEA-101020') OR (MSGID = 'BEA-101017') OR (MSGID = 'BEA-000802'))</rule-expression>
      <alarm-type>AutomaticReset</alarm-type>
      <alarm-reset-period>30000</alarm-reset-period>
      <notification>FMWDFW-notification</notification>
    </watch>
    <watch>
      <name>Deadlock</name>
      <enabled>true</enabled>
      <rule-type>Log</rule-type>
      <rule-expression>((SEVERITY = 'Critical') OR (SEVERITY = 'Info')) AND ((MSGID = 'WL-000394') OR (MSGID = 'BEA-000394'))</rule-expression>
      <alarm-type>AutomaticReset</alarm-type>
      <alarm-reset-period>30000</alarm-reset-period>
      <notification>FMWDFW-notification</notification>
    </watch>
    <watch>
      <name>StuckThread</name>
      <enabled>true</enabled>
      <rule-type>Log</rule-type>
      <rule-expression>(SEVERITY = 'Error') AND ((MSGID = 'WL-000337') OR (MSGID = 'BEA-000337'))</rule-expression>
      <alarm-type>AutomaticReset</alarm-type>
      <alarm-reset-period>600000</alarm-reset-period>
      <notification>FMWDFW-notification</notification>
    </watch>
    <watch>
      <name>HeapSpace</name>
      <enabled>true</enabled>
      <rule-type>Log</rule-type>
      <rule-expression>((SEVERITY = 'Critical') OR (SEVERITY = 'Warning')) AND ((MSGID = 'WL-310003') OR (MSGID = 'BEA-310003'))</rule-expression>
      <alarm-type>AutomaticReset</alarm-type>
      <alarm-reset-period>1800000</alarm-reset-period>
      <notification>FMWDFW-notification</notification>
    </watch>
    <jmx-notification>
      <name>FMWDFW-notification</name>
      <notification-type>oracle.dfw.wldfnotification</notification-type>
    </jmx-notification>
  </watch-notification>
</wldf-resource>