<?xml version="1.0" encoding="windows-1252" ?>
<adfc-config xmlns="http://xmlns.oracle.com/adf/controller" version="1.2">
  <task-flow-definition id="ApprovePOHumanTask_TaskFlow">
    <default-activity id="__110">taskDetails1_jspx</default-activity>
    <data-control-scope id="__194">
      <isolated/>
    </data-control-scope>
    <input-parameter-definition id="__2">
      <name id="__3">bpmWorklistContext</name>
      <value id="__4">#{pageFlowScope.bpmWorklistContext}</value>
      <class id="__1"></class>
    </input-parameter-definition>
    <input-parameter-definition id="__8">
      <name id="__5">bpmWorklistTaskId</name>
      <value id="__6">#{pageFlowScope.bpmWorklistTaskId}</value>
      <class id="__7"></class>
    </input-parameter-definition>
    <input-parameter-definition id="__10">
      <name id="__12">bpmWorklistTaskVersion</name>
      <value id="__11">#{pageFlowScope.bpmWorklistTaskVersion}</value>
      <class id="__9"></class>
    </input-parameter-definition>
    <input-parameter-definition id="__13">
      <name id="__15">bpmWorklistHttpURL</name>
      <value id="__16">#{pageFlowScope.bpmWorklistHttpURL}</value>
      <class id="__14"></class>
    </input-parameter-definition>
    <input-parameter-definition id="__19">
      <name id="__20">parentURL</name>
      <value id="__17">#{pageFlowScope.parentURL}</value>
      <class id="__18"></class>
    </input-parameter-definition>
    <input-parameter-definition id="__21">
      <name id="__24">bpmWorklistHome</name>
      <value id="__23">#{pageFlowScope.bpmWorklistHome}</value>
      <class id="__22"></class>
    </input-parameter-definition>
    <input-parameter-definition id="__27">
      <name id="__25">bpmWorklistLogin</name>
      <value id="__26">#{pageFlowScope.bpmWorklistLogin}</value>
      <class id="__28"></class>
    </input-parameter-definition>
    <input-parameter-definition id="__30">
      <name id="__31">bpmWorklistLogout</name>
      <value id="__32">#{pageFlowScope.bpmWorklistLogout}</value>
      <class id="__29"></class>
    </input-parameter-definition>
    <input-parameter-definition id="__36">
      <name id="__34">bpmWorklistReassign</name>
      <value id="__33">#{pageFlowScope.bpmWorklistReassign}</value>
      <class id="__35"></class>
    </input-parameter-definition>
    <input-parameter-definition id="__40">
      <name id="__38">bpmWorklistHistory</name>
      <value id="__37">#{pageFlowScope.bpmWorklistHistory}</value>
      <class id="__39"></class>
    </input-parameter-definition>
    <input-parameter-definition id="__44">
      <name id="__41">bpmWorklistRequestInfo</name>
      <value id="__43">#{pageFlowScope.bpmWorklistRequestInfo}</value>
      <class id="__42"></class>
    </input-parameter-definition>
    <input-parameter-definition id="__45">
      <name id="__46">bpmWorklistRoute</name>
      <value id="__47">#{pageFlowScope.bpmWorklistRoute}</value>
      <class id="__48"></class>
    </input-parameter-definition>
    <input-parameter-definition id="__50">
      <name id="__51">bpmClientType</name>
      <value id="__49">#{pageFlowScope.bpmClientType}</value>
      <class id="__52"></class>
    </input-parameter-definition>
    <input-parameter-definition id="__54">
      <name id="__56">bpmBrowserWindowStatus</name>
      <value id="__55">#{pageFlowScope.bpmBrowserWindowStatus}</value>
      <class id="__53"></class>
    </input-parameter-definition>
    <input-parameter-definition id="__60">
      <name id="__59">bpmWorklistBackPage</name>
      <value id="__58">#{pageFlowScope.bpmWorklistBackPage}</value>
      <class id="__57"></class>
    </input-parameter-definition>
    <input-parameter-definition id="__64">
      <name id="__61">bpmWorklistSecurity</name>
      <value id="__63">#{pageFlowScope.bpmWorklistSecurity}</value>
      <class id="__62"></class>
    </input-parameter-definition>
    <input-parameter-definition id="__66">
      <name id="__67">bpmWorklistGraphHistory</name>
      <value id="__65">#{pageFlowScope.bpmWorklistGraphSecurity}</value>
      <class id="__68"></class>
    </input-parameter-definition>
    <input-parameter-definition id="__69">
      <name id="__71">lg</name>
      <value id="__70">#{pageFlowScope.lg}</value>
      <class id="__72"></class>
    </input-parameter-definition>
    <input-parameter-definition id="__73">
      <name id="__75">cy</name>
      <value id="__74">#{pageFlowScope.cy}</value>
      <class id="__76"></class>
    </input-parameter-definition>
    <input-parameter-definition id="__77">
      <name id="__79">vr</name>
      <value id="__78">#{pageFlowScope.vr}</value>
      <class id="__80"></class>
    </input-parameter-definition>
    <input-parameter-definition id="__84">
      <name id="__81">tz</name>
      <value id="__83">#{pageFlowScope.tz}</value>
      <class id="__82"></class>
    </input-parameter-definition>
    <input-parameter-definition id="__86">
      <name id="__88">df</name>
      <value id="__87">#{pageFlowScope.df}</value>
      <class id="__85"></class>
    </input-parameter-definition>
    <input-parameter-definition id="__91">
      <name id="__89">tf</name>
      <value id="__90">#{pageFlowScope.tf}</value>
      <class id="__92"></class>
    </input-parameter-definition>
    <input-parameter-definition id="__96">
      <name id="__93">dt</name>
      <value id="__95">#{pageFlowScope.dt}</value>
      <class id="__94"></class>
    </input-parameter-definition>
    <input-parameter-definition id="__100">
      <name id="__99">dateTimePattern</name>
      <value id="__97">#{pageFlowScope.dateTimePattern}</value>
      <class id="__98"></class>
    </input-parameter-definition>
    <input-parameter-definition id="__103">
      <name id="__101">datePattern</name>
      <value id="__104">#{pageFlowScope.datePattern}</value>
      <class id="__102"></class>
    </input-parameter-definition>
    <input-parameter-definition id="__106">
      <name id="__108">timePattern</name>
      <value id="__107">#{pageFlowScope.timePattern}</value>
      <class id="__105"></class>
    </input-parameter-definition>
    <managed-bean id="__121">
      <managed-bean-name id="__120">redirectBean</managed-bean-name>
      <managed-bean-class id="__122">oracle.bpel.services.workflow.worklist.adf.PageRedirectBean</managed-bean-class>
      <managed-bean-scope id="__119">pageFlow</managed-bean-scope>
    </managed-bean>
    <managed-bean id="__124">
      <managed-bean-name id="__126">addCommentBean</managed-bean-name>
      <managed-bean-class id="__123">oracle.bpel.services.workflow.worklist.adf.AddCommentBean</managed-bean-class>
      <managed-bean-scope id="__125">request</managed-bean-scope>
      <managed-property id="__129">
        <property-name id="__128">bindings</property-name>
        <value id="__127">#{bindings}</value>
      </managed-property>
    </managed-bean>
    <managed-bean id="__130">
      <managed-bean-name id="__131">taskDocumentationBean</managed-bean-name>
      <managed-bean-class id="__133">oracle.bpel.services.workflow.worklist.adf.TaskDocumentationBean</managed-bean-class>
      <managed-bean-scope id="__132">pageFlow</managed-bean-scope>
    </managed-bean>
    <managed-bean id="__137">
      <managed-bean-name id="__136">addAttachmentBean</managed-bean-name>
      <managed-bean-class id="__134">oracle.bpel.services.workflow.worklist.adf.AddAttachmentBean</managed-bean-class>
      <managed-bean-scope id="__135">request</managed-bean-scope>
      <managed-property id="__139">
        <property-name id="__140">bindings</property-name>
        <value id="__138">#{bindings}</value>
      </managed-property>
    </managed-bean>
    <managed-bean id="__144">
      <managed-bean-name id="__142">readAttachmentBean</managed-bean-name>
      <managed-bean-class id="__141">oracle.bpel.services.workflow.worklist.adf.ReadAttachmentBean</managed-bean-class>
      <managed-bean-scope id="__143">pageFlow</managed-bean-scope>
    </managed-bean>
    <managed-bean id="__145">
      <managed-bean-name id="__147">addDocumentBean</managed-bean-name>
      <managed-bean-class id="__146">oracle.bpel.services.workflow.worklist.adf.AddDocumentBean</managed-bean-class>
      <managed-bean-scope id="__148">request</managed-bean-scope>
      <managed-property id="__150">
        <property-name id="__151">bindings</property-name>
        <value id="__149">#{bindings}</value>
      </managed-property>
    </managed-bean>
    <managed-bean id="__153">
      <managed-bean-name id="__154">readDocumentBean</managed-bean-name>
      <managed-bean-class id="__155">oracle.bpel.services.workflow.worklist.adf.ReadDocumentBean</managed-bean-class>
      <managed-bean-scope id="__152">pageFlow</managed-bean-scope>
    </managed-bean>
    <managed-bean id="__157">
      <managed-bean-name id="__159">popupBean</managed-bean-name>
      <managed-bean-class id="__158">oracle.bpel.services.workflow.worklist.adf.ADFPopupBean</managed-bean-class>
      <managed-bean-scope id="__156">request</managed-bean-scope>
    </managed-bean>
    <managed-bean id="__161">
      <managed-bean-name id="__160">actionAvailable</managed-bean-name>
      <managed-bean-class id="__163">oracle.bpel.services.workflow.worklist.adf.ActionEnablerBean</managed-bean-class>
      <managed-bean-scope id="__162">request</managed-bean-scope>
      <managed-property id="__165">
        <property-name id="__166">bindings</property-name>
        <value id="__164">#{bindings}</value>
      </managed-property>
    </managed-bean>
    <managed-bean id="__168">
      <managed-bean-name id="__167">invokeActionBean</managed-bean-name>
      <managed-bean-class id="__170">oracle.bpel.services.workflow.worklist.adf.InvokeActionBean</managed-bean-class>
      <managed-bean-scope id="__169">request</managed-bean-scope>
      <managed-property id="__172">
        <property-name id="__171">isReturnActivity</property-name>
        <value id="__173">true</value>
      </managed-property>
    </managed-bean>
    <managed-bean id="__176">
      <managed-bean-name id="__177">aleComponentBean</managed-bean-name>
      <managed-bean-class id="__175">oracle.bpel.services.workflow.worklist.adf.ALEComponentBean</managed-bean-class>
      <managed-bean-scope id="__174">pageFlow</managed-bean-scope>
    </managed-bean>
    <managed-bean id="__181">
      <managed-bean-name id="__180">taskFlowReassignBean</managed-bean-name>
      <managed-bean-class id="__178">oracle.bpel.services.workflow.worklist.adf.TaskFlowReassignBean</managed-bean-class>
      <managed-bean-scope id="__179">pageFlow</managed-bean-scope>
    </managed-bean>
    <managed-bean id="__183">
      <managed-bean-name id="__185">identityBrowserView</managed-bean-name>
      <managed-bean-class id="__184">oracle.bpel.worklistapp.dc.idbrowser.beans.view.IdentityBrowserView</managed-bean-class>
      <managed-bean-scope id="__182">pageFlow</managed-bean-scope>
    </managed-bean>
    <managed-bean id="__186">
      <managed-bean-name id="__189">userPreferencesBean</managed-bean-name>
      <managed-bean-class id="__187">oracle.bpel.worklistapp.userprefs.UserPreferencesBean</managed-bean-class>
      <managed-bean-scope id="__188">pageFlow</managed-bean-scope>
      <managed-property id="__192">
        <property-name id="__191">userPrefs</property-name>
        <value id="__190">#{pageFlowScope.taskFlowReassignBean.userPrefs}</value>
      </managed-property>
    </managed-bean>
    <finalizer id="__111">#{invokeActionBean.invokeScript}</finalizer>
    <view id="taskDetails1_jspx">
      <page id="__109">/taskDetails1.jspx</page>
    </view>
    <task-flow-return id="taskReturn">
      <outcome id="__112">
        <name id="__113">done</name>
      </outcome>
    </task-flow-return>
    <control-flow-rule id="__114">
      <from-activity-id id="__116">*</from-activity-id>
      <control-flow-case id="__115">
        <from-outcome id="__117">closeTaskFlow</from-outcome>
        <to-activity-id id="__118">taskReturn</to-activity-id>
      </control-flow-case>
    </control-flow-rule>
    <visibility id="__193">
      <url-invoke-allowed/>
    </visibility>
  </task-flow-definition>
</adfc-config>
