<?xml version="1.0"?>
<!--  $Header: pcbpel/src/oracle/tip/tools/ide/workflow/taskflow/files/weblogic.xml /main/2 2008/11/07 14:05:38 rsmenon Exp $ -->
<!--
 Copyright (c) 2008, Oracle and/or its affiliates.All rights reserved. 

  NAME
    weblogic.xml - <one-line expansion of the name>

  DESCRIPTION
    <short description of component this file declares/defines>

  NOTES
    <other useful comments, qualifications, etc.>

  MODIFIED   (MM/DD/YY)
  rsmenon     07/28/08 - needed for taskflow deployment on weblogic
  ykuntawa    06/04/08 - Creation

-->
<weblogic-web-app xmlns:xsi="http://www.w3.org/2001/XMLSchema-instance"
                 xsi:schemaLocation="http://www.bea.com/ns/weblogic/weblogic-web-app.xsd"
                 xmlns="http://www.bea.com/ns/weblogic/weblogic-web-app">
  <ejb-reference-description>
     <ejb-ref-name>ejb/bpel/services/workflow/TaskServiceBean</ejb-ref-name>
     <jndi-name>ejb/bpel/services/workflow/TaskServiceBean</jndi-name>
  </ejb-reference-description>
  <ejb-reference-description>
     <ejb-ref-name>ejb/bpel/services/workflow/TaskMetadataServiceBean</ejb-ref-name>
     <jndi-name>ejb/bpel/services/workflow/TaskMetadataServiceBean</jndi-name>
  </ejb-reference-description>
  <ejb-reference-description>
     <ejb-ref-name>TaskReportServiceBean</ejb-ref-name>
     <jndi-name>TaskReportServiceBean</jndi-name>
  </ejb-reference-description>
  <ejb-reference-description>
     <ejb-ref-name>TaskEvidenceServiceBean</ejb-ref-name>
     <jndi-name>TaskEvidenceServiceBean</jndi-name>
  </ejb-reference-description>
  <ejb-reference-description>
     <ejb-ref-name>TaskQueryService</ejb-ref-name>
     <jndi-name>TaskQueryService</jndi-name>
  </ejb-reference-description>
  <ejb-reference-description>
     <ejb-ref-name>RuntimeConfigService</ejb-ref-name>
     <jndi-name>RuntimeConfigService</jndi-name>
  </ejb-reference-description>
  <ejb-reference-description>
     <ejb-ref-name>UserMetadataService</ejb-ref-name>
     <jndi-name>UserMetadataService</jndi-name>
  </ejb-reference-description>
  <session-descriptor>
     <persistent-store-type>replicated_if_clustered</persistent-store-type>
   </session-descriptor>
   <library-ref>
      <library-name>oracle.soa.worklist.webapp</library-name>
   </library-ref>
</weblogic-web-app>
