<?xml version='1.0' encoding='UTF-8'?>
<logs xmlns='http://www.oracle.com/iAS/EMComponent/ojdl'>
 <suppl_attrs>
  <attribute name="J2EE_APP.name" label="J2EE_APP.name@oracle.as.management.logging.messages.Messages" searchType="ADVANCED"/>
  <attribute name="J2EE_MODULE.name" label="J2EE_MODULE.name@oracle.as.management.logging.messages.Messages" searchType="ADVANCED"/>
  <attribute name="WEBSERVICE.name" label="WEBSERVICE.name@oracle.as.management.logging.messages.Messages" searchType="ADVANCED"/>
  <attribute name="WEBSERVICE_NAMESPACE.name" label="WEBSERVICE_NAMESPACE.name@oracle.as.management.logging.messages.Messages" searchType="ADVANCED"/>
  <attribute name="WEBSERVICE_PORT.name" label="WEBSERVICE_PORT.name@oracle.as.management.logging.messages.Messages" searchType="ADVANCED"/>
  <attribute name="oracle.soa.tracking.FlowId" label="oracle.soa.tracking.FlowId@oracle.as.management.logging.messages.Messages" searchType="ADVANCED"/>
  <attribute name="oracle.soa.tracking.InstanceId" label="oracle.soa.tracking.InstanceId@oracle.as.management.logging.messages.Messages" searchType="ADVANCED"/>
  <attribute name="oracle.soa.tracking.SCAEntityId" label="oracle.soa.tracking.SCAEntityId@oracle.as.management.logging.messages.Messages" searchType="ADVANCED"/>
  <attribute name="oracle.soa.tracking.FaultId" label="oracle.soa.tracking.FaultId@oracle.as.management.logging.messages.Messages" searchType="ADVANCED"/>
  <attribute name="oracle.soa.tracking.RetryCount" label="oracle.soa.tracking.RetryCount@oracle.as.management.logging.messages.Messages" searchType="ADVANCED"/>
  <attribute name="composite_name" label="oracle.soa.tracking.RetryCount@oracle.as.management.logging.messages.Messages" searchType="ADVANCED"/>
  <attribute name="activity_name" label="activity_name@oracle.as.management.logging.messages.Messages" searchType="ADVANCED"/>
 </suppl_attrs>
</logs>
