<?xml version="1.0" encoding="UTF-8"?>
<weblogic-jms xmlns="http://xmlns.oracle.com/weblogic/weblogic-jms">
  <quota name="MeasurementQuota">
    <bytes-maximum>800000000</bytes-maximum>
    <messages-maximum>1000000</messages-maximum>
    <policy>FIFO</policy>
    <shared>false</shared>
  </quota>
  <connection-factory name="CubeCommandXAConnectionFactory">
    <default-targeting-enabled>true</default-targeting-enabled>
    <jndi-name>jms/bpm/CubeCommandXAConnectionFactory</jndi-name>
    <default-delivery-params>
      <send-timeout>200000</send-timeout>
    </default-delivery-params>
    <transaction-params>
      <transaction-timeout>3600</transaction-timeout>
      <xa-connection-factory-enabled>true</xa-connection-factory-enabled>
    </transaction-params>
  </connection-factory>
  <connection-factory name="MeasurementTopicConnectionFactory">
    <default-targeting-enabled>true</default-targeting-enabled>
    <jndi-name>jms/bpm/MeasurementTopicConnectionFactory</jndi-name>
    <default-delivery-params>
      <send-timeout>200000</send-timeout>
    </default-delivery-params>
    <transaction-params>
      <xa-connection-factory-enabled>true</xa-connection-factory-enabled>
    </transaction-params>
  </connection-factory>
  <connection-factory name="BeamActionXAConnectionFactory">
    <default-targeting-enabled>true</default-targeting-enabled>
    <jndi-name>jms/bpm/BeamActionXAConnectionFactory</jndi-name>
    <default-delivery-params>
      <send-timeout>200000</send-timeout>
    </default-delivery-params>
    <client-params>
      <client-id-policy>Unrestricted</client-id-policy>
      <subscription-sharing-policy>Sharable</subscription-sharing-policy>
    </client-params>
    <transaction-params>
      <transaction-timeout>3600</transaction-timeout>
      <xa-connection-factory-enabled>true</xa-connection-factory-enabled>
    </transaction-params>
  </connection-factory>
  <connection-factory name="BAMCommandXAConnectionFactory">
    <default-targeting-enabled>true</default-targeting-enabled>
    <jndi-name>jms/bpm/BAMCommandXAConnectionFactory</jndi-name>
    <default-delivery-params>
      <send-timeout>200000</send-timeout>
    </default-delivery-params>
    <transaction-params>
      <transaction-timeout>3600</transaction-timeout>
      <xa-connection-factory-enabled>true</xa-connection-factory-enabled>
    </transaction-params>
  </connection-factory>
  <connection-factory name="PeopleQueryTopicConnectionFactory">
    <default-targeting-enabled>true</default-targeting-enabled>
    <jndi-name>jms/bpm/PeopleQueryTopicConnectionFactory</jndi-name>
    <default-delivery-params>
      <send-timeout>200000</send-timeout>
    </default-delivery-params>
    <transaction-params>
      <xa-connection-factory-enabled>true</xa-connection-factory-enabled>
    </transaction-params>
  </connection-factory>
  <connection-factory name="PeopleQueryConnectionFactory">
    <default-targeting-enabled>true</default-targeting-enabled>
    <jndi-name>jms/bpm/PeopleQueryConnectionFactory</jndi-name>
    <default-delivery-params>
      <send-timeout>200000</send-timeout>
    </default-delivery-params>
    <transaction-params>
      <transaction-timeout>3600</transaction-timeout>
      <xa-connection-factory-enabled>true</xa-connection-factory-enabled>
    </transaction-params>
  </connection-factory>
  <topic name="MeasurementTopic">
    <sub-deployment-name>BPMJMSServer163483514</sub-deployment-name>
    <jndi-name>jms/bpm/MeasurementTopic</jndi-name>
  </topic>
  <topic name="PeopleQueryTopic">
    <sub-deployment-name>BPMJMSServer163483514</sub-deployment-name>
    <jndi-name>jms/bpm/PeopleQueryTopic</jndi-name>
  </topic>
  <uniform-distributed-topic name="dist_MeasurementTopic_auto">
    <sub-deployment-name>BPMJMSServer163483514</sub-deployment-name>
    <jndi-name>jms/bpm/MeasurementTopic</jndi-name>
  </uniform-distributed-topic>
  <uniform-distributed-topic name="dist_PeopleQueryTopic_auto">
    <sub-deployment-name>BPMJMSServer163483514</sub-deployment-name>
    <jndi-name>jms/bpm/PeopleQueryTopic</jndi-name>
  </uniform-distributed-topic>
</weblogic-jms>