<?xml version="1.0" encoding="UTF-8"?>
<weblogic-jms xmlns="http://xmlns.oracle.com/weblogic/weblogic-jms">
  <quota name="EDNQuota">
    <bytes-maximum>9223372036854775807</bytes-maximum>
    <messages-maximum>50000</messages-maximum>
    <policy>FIFO</policy>
    <shared>false</shared>
  </quota>
  <connection-factory name="B2BEventQueueConnectionFactory">
    <default-targeting-enabled>true</default-targeting-enabled>
    <jndi-name>jms/b2b/B2BEventQueueConnectionFactory</jndi-name>
    <transaction-params>
      <xa-connection-factory-enabled>true</xa-connection-factory-enabled>
    </transaction-params>
  </connection-factory>
  <connection-factory name="B2BQueueConnectionFactory">
    <default-targeting-enabled>true</default-targeting-enabled>
    <jndi-name>jms/b2b/B2BQueueConnectionFactory</jndi-name>
    <transaction-params>
      <xa-connection-factory-enabled>true</xa-connection-factory-enabled>
    </transaction-params>
  </connection-factory>
  <connection-factory name="B2BBroadcastTopicConnectionFactory">
    <default-targeting-enabled>true</default-targeting-enabled>
    <jndi-name>jms/b2b/B2BBroadcastTopicConnectionFactory</jndi-name>
    <transaction-params>
      <xa-connection-factory-enabled>true</xa-connection-factory-enabled>
    </transaction-params>
  </connection-factory>
  <connection-factory name="TransportDispatcherQueueConnectionFactory">
    <default-targeting-enabled>true</default-targeting-enabled>
    <jndi-name>jms/b2b/TransportDispatcherQueueConnectionFactory</jndi-name>
    <transaction-params>
      <xa-connection-factory-enabled>true</xa-connection-factory-enabled>
    </transaction-params>
  </connection-factory>
  <connection-factory name="NotificationSenderQueueConnectionFactory">
    <default-targeting-enabled>true</default-targeting-enabled>
    <jndi-name>jms/Queue/NotificationSenderQueueConnectionFactory</jndi-name>
    <transaction-params>
      <xa-connection-factory-enabled>true</xa-connection-factory-enabled>
    </transaction-params>
  </connection-factory>
  <connection-factory name="TestFwkQueueFactory">
    <default-targeting-enabled>true</default-targeting-enabled>
    <jndi-name>jms/testfwk/TestFwkQueueFactory</jndi-name>
    <transaction-params>
      <xa-connection-factory-enabled>true</xa-connection-factory-enabled>
    </transaction-params>
  </connection-factory>
  <connection-factory name="EDNConnectionFactory">
    <default-targeting-enabled>true</default-targeting-enabled>
    <jndi-name>jms/fabric/EDNConnectionFactory</jndi-name>
    <default-delivery-params>
      <send-timeout>10000</send-timeout>
    </default-delivery-params>
    <transaction-params>
      <xa-connection-factory-enabled>false</xa-connection-factory-enabled>
    </transaction-params>
  </connection-factory>
  <connection-factory name="XAEDNConnectionFactory">
    <default-targeting-enabled>true</default-targeting-enabled>
    <jndi-name>jms/fabric/xaEDNConnectionFactory</jndi-name>
    <default-delivery-params>
      <send-timeout>10000</send-timeout>
    </default-delivery-params>
    <transaction-params>
      <xa-connection-factory-enabled>true</xa-connection-factory-enabled>
    </transaction-params>
  </connection-factory>
  <connection-factory name="XmlSchemaChangeNotificationConnectionFactory">
    <default-targeting-enabled>true</default-targeting-enabled>
    <jndi-name>jms/fabric/XmlSchemaChangeNotificationConnectionFactory</jndi-name>
    <transaction-params>
      <xa-connection-factory-enabled>false</xa-connection-factory-enabled>
    </transaction-params>
  </connection-factory>
  <connection-factory name="CaseEventConnectionFactory">
    <default-targeting-enabled>true</default-targeting-enabled>
    <jndi-name>jms/bpm/CaseEventConnectionFactory</jndi-name>
    <transaction-params>
      <xa-connection-factory-enabled>true</xa-connection-factory-enabled>
    </transaction-params>
  </connection-factory>
  <foreign-server name="EDNAQjmsLocalTxForeignServer">
    <default-targeting-enabled>true</default-targeting-enabled>
    <foreign-connection-factory name="EDNAQjmsTopicLocalTxConnectionFactory">
      <local-jndi-name>jms/fabric/EDNAQjmsTopicLocalTxConnectionFactory</local-jndi-name>
      <remote-jndi-name>TopicConnectionFactory</remote-jndi-name>
    </foreign-connection-factory>
    <initial-context-factory>oracle.jms.AQjmsInitialContextFactory</initial-context-factory>
    <jndi-property>
      <key>datasource</key>
      <value>jdbc/EDNLocalTxDataSource</value>
    </jndi-property>
  </foreign-server>
  <foreign-server name="EDNAQjmsForeignServer">
    <default-targeting-enabled>true</default-targeting-enabled>
    <foreign-destination name="EDNAQjmsTopic">
      <local-jndi-name>jms/fabric/EDNAQjmsTopic</local-jndi-name>
      <remote-jndi-name>Topics/EDN_AQJMS_TOPIC</remote-jndi-name>
    </foreign-destination>
    <foreign-connection-factory name="EDNAQjmsXATopicConnectionFactory">
      <local-jndi-name>jms/fabric/EDNAQjmsTopicXAConnectionFactory</local-jndi-name>
      <remote-jndi-name>XATopicConnectionFactory</remote-jndi-name>
    </foreign-connection-factory>
    <initial-context-factory>oracle.jms.AQjmsInitialContextFactory</initial-context-factory>
    <jndi-property>
      <key>datasource</key>
      <value>jdbc/EDNDataSource</value>
    </jndi-property>
  </foreign-server>
  <topic name="B2BBroadcastTopic">
    <sub-deployment-name>SOAJMSServer846050036</sub-deployment-name>
    <jndi-name>jms/b2b/B2BBroadcastTopic</jndi-name>
  </topic>
  <topic name="EDNTopic">
    <sub-deployment-name>SOAJMSServer846050036</sub-deployment-name>
    <jndi-name>jms/fabric/EDNTopic</jndi-name>
  </topic>
  <topic name="XmlSchemaChangeNotificationTopic">
    <sub-deployment-name>SOAJMSServer846050036</sub-deployment-name>
    <jndi-name>jms/fabric/XmlSchemaChangeNotificationTopic</jndi-name>
  </topic>
  <uniform-distributed-queue name="dist_TestFwkQueue_auto">
    <sub-deployment-name>SOAJMSServer846050036</sub-deployment-name>
    <jndi-name>jms/testfwk/TestFwkQueue</jndi-name>
  </uniform-distributed-queue>
  <uniform-distributed-queue name="dist_NotificationSenderQueue_auto">
    <sub-deployment-name>SOAJMSServer846050036</sub-deployment-name>
    <jndi-name>jms/Queue/NotificationSenderQueue</jndi-name>
  </uniform-distributed-queue>
  <uniform-distributed-queue name="dist_B2BEventQueue_auto">
    <sub-deployment-name>SOAJMSServer846050036</sub-deployment-name>
    <jndi-name>jms/b2b/B2BEventQueue</jndi-name>
  </uniform-distributed-queue>
  <uniform-distributed-queue name="dist_TransportDispatcherQueue_auto">
    <sub-deployment-name>SOAJMSServer846050036</sub-deployment-name>
    <jndi-name>jms/b2b/TransportDispatcherQueue</jndi-name>
  </uniform-distributed-queue>
  <uniform-distributed-queue name="dist_B2B_IN_QUEUE_auto">
    <sub-deployment-name>SOAJMSServer846050036</sub-deployment-name>
    <jndi-name>jms/b2b/B2B_IN_QUEUE</jndi-name>
  </uniform-distributed-queue>
  <uniform-distributed-queue name="dist_B2B_OUT_QUEUE_auto">
    <sub-deployment-name>SOAJMSServer846050036</sub-deployment-name>
    <jndi-name>jms/b2b/B2B_OUT_QUEUE</jndi-name>
  </uniform-distributed-queue>
  <uniform-distributed-queue name="dist_EDNQueue_auto">
    <sub-deployment-name>SOAJMSServer846050036</sub-deployment-name>
    <jndi-name>jms/fabric/EDNQueue</jndi-name>
  </uniform-distributed-queue>
  <uniform-distributed-queue name="dist_CaseEventQueue_auto">
    <sub-deployment-name>SOAJMSServer846050036</sub-deployment-name>
    <jndi-name>jms/bpm/CaseEventQueue</jndi-name>
  </uniform-distributed-queue>
  <uniform-distributed-topic name="dist_B2BBroadcastTopic_auto">
    <sub-deployment-name>SOAJMSServer846050036</sub-deployment-name>
    <jndi-name>jms/b2b/B2BBroadcastTopic</jndi-name>
  </uniform-distributed-topic>
  <uniform-distributed-topic name="dist_EDNTopic_auto">
    <sub-deployment-name>SOAJMSServer846050036</sub-deployment-name>
    <jndi-name>jms/fabric/EDNTopic</jndi-name>
  </uniform-distributed-topic>
  <uniform-distributed-topic name="dist_XmlSchemaChangeNotificationTopic_auto">
    <sub-deployment-name>SOAJMSServer846050036</sub-deployment-name>
    <jndi-name>jms/fabric/XmlSchemaChangeNotificationTopic</jndi-name>
  </uniform-distributed-topic>
</weblogic-jms>