<?xml version="1.0" encoding="UTF-8"?>
<weblogic-jms xmlns="http://xmlns.oracle.com/weblogic/weblogic-jms">
  <foreign-server name="UMSAQJMSForeignServer">
    <default-targeting-enabled>true</default-targeting-enabled>
    <foreign-destination name="OraSDPM/Queues/OraSDPMAppDefRcvQ1">
      <local-jndi-name>OraSDPM/Queues/OraSDPMAppDefRcvQ1</local-jndi-name>
      <remote-jndi-name>Queues/OraSDPMAppDefRcvQ1</remote-jndi-name>
    </foreign-destination>
    <foreign-destination name="OraSDPM/Queues/OraSDPMAppDefRcvErrorQ1">
      <local-jndi-name>OraSDPM/Queues/OraSDPMAppDefRcvErrorQ1</local-jndi-name>
      <remote-jndi-name>Queues/AQ$_OraSDPMAppDefRcvT1_E</remote-jndi-name>
    </foreign-destination>
    <foreign-destination name="OraSDPM/Queues/OraSDPMDriverDefSndQ1">
      <local-jndi-name>OraSDPM/Queues/OraSDPMDriverDefSndQ1</local-jndi-name>
      <remote-jndi-name>Queues/OraSDPMDriverDefSndQ1</remote-jndi-name>
    </foreign-destination>
    <foreign-destination name="OraSDPM/Queues/OraSDPMEngineCmdQ">
      <local-jndi-name>OraSDPM/Queues/OraSDPMEngineCmdQ</local-jndi-name>
      <remote-jndi-name>Queues/OraSDPMEngineCmdQ</remote-jndi-name>
    </foreign-destination>
    <foreign-destination name="OraSDPM/Queues/OraSDPMEngineRcvQ1">
      <local-jndi-name>OraSDPM/Queues/OraSDPMEngineRcvQ1</local-jndi-name>
      <remote-jndi-name>Queues/OraSDPMEngineRcvQ1</remote-jndi-name>
    </foreign-destination>
    <foreign-destination name="OraSDPM/Queues/OraSDPMEngineSndQ1">
      <local-jndi-name>OraSDPM/Queues/OraSDPMEngineSndQ1</local-jndi-name>
      <remote-jndi-name>Queues/OraSDPMEngineSndQ1</remote-jndi-name>
    </foreign-destination>
    <foreign-destination name="OraSDPM/Queues/OraSDPMWSRcvQ1">
      <local-jndi-name>OraSDPM/Queues/OraSDPMWSRcvQ1</local-jndi-name>
      <remote-jndi-name>Queues/OraSDPMWSRcvQ1</remote-jndi-name>
    </foreign-destination>
    <foreign-destination name="OraSDPM/Queues/OraSDPMEnginePendingRcvQ">
      <local-jndi-name>OraSDPM/Queues/OraSDPMEnginePendingRcvQ</local-jndi-name>
      <remote-jndi-name>Queues/OraSDPMEnginePendingRcvQ</remote-jndi-name>
    </foreign-destination>
    <foreign-connection-factory name="OraSDPM/QueueConnectionFactory">
      <local-jndi-name>OraSDPM/QueueConnectionFactory</local-jndi-name>
      <remote-jndi-name>XAQueueConnectionFactory</remote-jndi-name>
    </foreign-connection-factory>
    <initial-context-factory>oracle.jms.AQjmsInitialContextFactory</initial-context-factory>
    <jndi-property>
      <key>datasource</key>
      <value>jdbc/OraSDPMDataSource</value>
    </jndi-property>
  </foreign-server>
</weblogic-jms>