<?xml version="1.0" encoding="UTF-8"?>
<weblogic-jms xmlns="http://xmlns.oracle.com/weblogic/weblogic-jms">
  <destination-key name="Priority">
    <property>JMSPriority</property>
    <key-type>Int</key-type>
    <sort-order>Descending</sort-order>
  </destination-key>
  <connection-factory name="OraSDPM/QueueConnectionFactory">
    <default-targeting-enabled>true</default-targeting-enabled>
    <jndi-name>OraSDPM/QueueConnectionFactory</jndi-name>
    <default-delivery-params>
      <default-delivery-mode>Persistent</default-delivery-mode>
      <!--redeliver delay in ms-->
      <default-redelivery-delay>400</default-redelivery-delay>
    </default-delivery-params>
    <transaction-params>
      <xa-connection-factory-enabled>true</xa-connection-factory-enabled>
    </transaction-params>
  </connection-factory>
  <uniform-distributed-queue name="dist_OraSDPM/Queues/OraSDPMEngineCmdQ_auto">
    <sub-deployment-name>UMSJMSServer1796941282</sub-deployment-name>
    <jndi-name>OraSDPM/Queues/OraSDPMEngineCmdQ</jndi-name>
  </uniform-distributed-queue>
  <uniform-distributed-queue name="dist_OraSDPM/Queues/OraSDPMEngineSndQ1_auto">
    <sub-deployment-name>UMSJMSServer1796941282</sub-deployment-name>
    <jndi-name>OraSDPM/Queues/OraSDPMEngineSndQ1</jndi-name>
  </uniform-distributed-queue>
  <uniform-distributed-queue name="dist_OraSDPM/Queues/OraSDPMEngineRcvQ1_auto">
    <sub-deployment-name>UMSJMSServer1796941282</sub-deployment-name>
    <jndi-name>OraSDPM/Queues/OraSDPMEngineRcvQ1</jndi-name>
  </uniform-distributed-queue>
  <uniform-distributed-queue name="dist_OraSDPM/Queues/OraSDPMDriverDefSndQ1_auto">
    <sub-deployment-name>UMSJMSServer1796941282</sub-deployment-name>
    <jndi-name>OraSDPM/Queues/OraSDPMDriverDefSndQ1</jndi-name>
  </uniform-distributed-queue>
  <uniform-distributed-queue name="dist_OraSDPM/Queues/OraSDPMAppDefRcvQ1_auto">
    <sub-deployment-name>UMSJMSServer1796941282</sub-deployment-name>
    <jndi-name>OraSDPM/Queues/OraSDPMAppDefRcvQ1</jndi-name>
  </uniform-distributed-queue>
  <uniform-distributed-queue name="dist_OraSDPM/Queues/OraSDPMAppDefRcvErrorQ1_auto">
    <sub-deployment-name>UMSJMSServer1796941282</sub-deployment-name>
    <jndi-name>OraSDPM/Queues/OraSDPMAppDefRcvErrorQ1</jndi-name>
  </uniform-distributed-queue>
  <uniform-distributed-queue name="dist_OraSDPM/Queues/OraSDPMWSRcvQ1_auto">
    <sub-deployment-name>UMSJMSServer1796941282</sub-deployment-name>
    <jndi-name>OraSDPM/Queues/OraSDPMWSRcvQ1</jndi-name>
  </uniform-distributed-queue>
  <uniform-distributed-queue name="dist_OraSDPM/Queues/OraSDPMEnginePendingRcvQ_auto">
    <sub-deployment-name>UMSJMSServer1796941282</sub-deployment-name>
    <jndi-name>OraSDPM/Queues/OraSDPMEnginePendingRcvQ</jndi-name>
  </uniform-distributed-queue>
</weblogic-jms>