<?xml version = '1.0' encoding = 'UTF-8'?>
<graphics>
   <diagram optimizeLayout="false" fixedWidthSwimlanes="true" roundedPartnerlinks="true" centerZoom="true" validateOnLoad="true" confirmBeforeDelete="true" selectedPartnerLinkColor="49,105,198" swimlaneBackground="240,240,240" swimlaneDividerBackground="218,218,218" graphBackground="255,255,255" selectedBorderBackground="49,105,198" connectedPartnerLinkColor="204,204,255" connectablePartnerLinkColor="0,0,255" unconnectedPartnerLinkColor="192,192,192"/>
   <annotationfile/>
   <iconize/>
   <partnerlink_locations>
      <partnerlink name="approval_client" x="0" y="568" side="left"/>
      <partnerlink name="CustomerLookup" x="0" y="817" side="left"/>
      <partnerlink name="ManualApproval.TaskService_2" x="0" y="18" side="left"/>
      <partnerlink name="NotificationService1" x="994" y="18" side="right"/>
   </partnerlink_locations>
   <graph_layout viewport="0,0,944,463" show_swimlanes="true">
      <layout_item collapsed="false" xpath="/process" type="process" showhandlers="true"/>
      <layout_item collapsed="false" xpath="/process/sequence" type="sequence"/>
      <layout_item collapsed="true" xpath="/process/sequence/scope[1]" type="human task" showhandlers="true"/>
      <layout_item collapsed="false" xpath="/process/sequence/scope[1]/sequence" type="sequence"/>
      <layout_item collapsed="false" xpath="/process/sequence/if/sequence" type="sequence"/>
      <layout_item collapsed="false" xpath="/process/sequence/if/elseif/sequence" type="sequence"/>
      <layout_item collapsed="false" xpath="/process/sequence/if/else/sequence" type="sequence"/>
      <layout_item collapsed="false" xpath="/process/sequence/scope[2]" type="scope" showhandlers="true"/>
      <layout_item collapsed="false" xpath="/process/sequence/scope[2]/sequence" type="sequence"/>
      <layout_item collapsed="true" xpath="/process/sequence/scope[2]/sequence/scope" type="email" showhandlers="true"/>
      <layout_item collapsed="false" xpath="/process/sequence/scope[2]/sequence/scope/sequence" type="sequence"/>
   </graph_layout>
   <bookmarks/>
</graphics>
