<project name="deploy" default="help">
  <!-- This build file was automatically generated at 10:05:29 PM on Jul 14, 2010 by weblogic.BuildXMLGen -->
  <!-- BUILD PROPERTIES ADJUST THESE FOR YOUR ENVIRONMENT -->
  <property name="app.name" value="default-name"/>
  <property name="server.targets" value="soa_server1"/>
  <property name="ear" value="${dist.dir}/${app.name}.ear"/>
  <property name="verbose" value="true"/>
  <property name="adminurl" value="t3://adminvh.example.com:7001"/>
  <!-- Print's out the project help -->
  <path id="weblogic.classpath">
          <fileset dir="/u01/oracle/product/fmw/wlserver/server/lib">
               <include name="weblogic.jar" />
               <include name="*.jar" />
          </fileset>
  </path>

<taskdef name="wldeploy" classname="weblogic.ant.taskdefs.management.WLDeploy">
  <classpath refid="weblogic.classpath"/>
</taskdef>


  <target name="help">
    <java fork="no" classname="org.apache.tools.ant.Main">
      <arg line="-projecthelp"/>
    </java>
  </target>
  <!-- Builds the entire deploy application -->
  <!-- Only compiles deploy application, no appc -->
  <!-- Deletes the dest.dir to clean the build -->
  <!-- Runs weblogic.appc on your application -->
  <!-- Deploys the entire deploy application -->
  <!-- target name="deploy"
          description="Deploys (and redeploys) the entire deploy application">
    <wldeploy user="${user}" password="${password}" adminurl="${adminurl}"
              action="deploy" source="${ear}" name="${app.name}"/>
  </target -->

  <!-- Undeploys the entire deploy application -->
  <target name="undeploy" description="Undeploys the entire deploy application">
    <wldeploy user="${user}" password="${password}" adminurl="${adminurl}"
              action="undeploy" name="${app.name}"/>
  </target>

  <target name="deploy"
          description="Deploys (and redeploys) the entire deploy application">
    <wldeploy action="deploy" name="${app.name}" 
      source="${ear}" library="false"
      user="${user}" password="${password}"
      verbose="false" adminurl="${adminurl}"
      remote="true" upload="true"
      targets="${server.targets}" />
  </target>

  <!-- Undeploys the entire deploy application -->
  <!-- Package a standard J2EE ear for distribution  -->
  <!-- Package a standard exploded J2EE ear for distribution  -->
  <!-- Configure WebLogic Server with resources required by application -->
  <!-- For example you can configure JDBCConnection Pools and Data Sources, and JMS Destinations etc -->
</project>
