<?xml version='1.0' encoding='UTF-8'?>
<webservice-policy-ref xmlns="http://xmlns.oracle.com/weblogic/webservice-policy-ref" xmlns:xsi="http://www.w3.org/2001/XMLSchema-instance" xsi:schemaLocation="http://xmlns.oracle.com/weblogic/webservice-policy-ref http://xmlns.oracle.com/weblogic/webservice-policy-ref/1.1/webservice-policy-ref.xsd">
  <port-policy>
    <port-name>CreditCardValidationPort</port-name>
    <owsm-security-policy>
      <uri>oracle/wss10_saml_token_service_policy</uri>
      <status>enabled</status>
    </owsm-security-policy>
  </port-policy>
</webservice-policy-ref>
