<?xml version="1.0" encoding="UTF-8"?>
<diagnosticsConfiguration xmlns="http://xmlns.oracle.com/DFW/DiagnosticsFrameworkConfiguration" xmlns:xs="http://www.w3.org/2001/XMLSchema-instance">
  <!-- maxTotalIncidentSize configures the maximum total disk space
       allocated to incidents, in megabytes. -->
  <incidentCleanup maxTotalIncidentSize="500"/>
  <incidentCreation
    incidentCreationEnabled="true"
    logDetectionEnabled="true"
    uncaughtExceptionDetectionEnabled="true"
    floodControlEnabled="true"
    floodControlIncidentCount="5"
    floodControlIncidentTimePeriod="60"
    reservedMemoryKB="512"/>
  <threadDump useExternalCommands="false"/>
  <dumpSampling enabled="true">
    <dumpSample
      sampleName="JVMThreadDump"
      diagnosticDumpName="jvm.threads"
      samplingInterval="30"
      rotationCount="20"
      dumpedImplicitly="true"
      toAppend="true"
      syncClock="true">
      <dumpArgument name="progressive" value="true"/>
      <dumpArgument name="depth" value="20"/>
      <dumpArgument name="threshold" value="30000"/>
      <dumpArgument name="timing" value="true"/>
      <dumpArgument name="context" value="true"/>
      <dumpArgument name="event" value="true"/>
    </dumpSample>
    <dumpSample
      sampleName="JavaClassHistogram"
      diagnosticDumpName="jvm.classhistogram"
      samplingInterval="1800"
      rotationCount="5"
      dumpedImplicitly="false"
      toAppend="true">
    </dumpSample>
  </dumpSampling>
</diagnosticsConfiguration>
