<?xml version="1.0" encoding="UTF-8"?>
<dms xmlns="http://xmlns.oracle.com/dms/DMSConfiguration/V2"
     xmlns:xsi="http://www.w3.org/2001/XMLSchema-instance"
     xsi:schemaLocation="http://xmlns.oracle.com/dms/DMSConfiguration/V2">
  <eventConfiguration>
    <destinations>    
      <destination id    = "mbeanCreationDestination"
                   name  = "MBean Creation Destination"
                   class = "oracle.dms.jmx.MetricMBeanFactory"/>
      <destination id    = "HTTPRequestTrackerDestination"
                   name  = "HTTP Request Tracker Destination"
                   class = "oracle.dms.event.HTTPRequestTrackerDestination"/>
      <destination id    = "JFRDestination"
                   name  = "Java Flight Recorder Proxy"
                   class = "oracle.dms.jfr.JFRDestination"/>
      <destination id    = "LoggerDestination" 
                   name  = "Default Logger Destination"
                   class = "oracle.dms.trace2.runtime.LoggerDestination">
         <properties>
	    <property name="loggerName" value="DMSEventTraceLoggerDestination"/>
         </properties>
      </destination>

    </destinations>
                   
    <filters>
      <conditionFilter id="JFRFilter"
                       name="JFRFilter">
         <condition>
	   <textCondition>nounType eq "DFW_Incident"</textCondition>
         </condition> 
      </conditionFilter>
      
      
    </filters>
    
    <eventRoutingTable>
    
      <!-- Use of the mbeanCreationDestination is discouraged when the DMS
           sensor weight is set to HEAVY. -->
      <eventRoute destinationId="mbeanCreationDestination"      
                  enabled="false"/>
                  
      <eventRoute destinationId="HTTPRequestTrackerDestination"
                  enabled="true"/>
                  
      <eventRoute destinationId="JFRDestination" filterId="JFRFilter"
                  enabled="false"/>

                  
    </eventRoutingTable>
    
  </eventConfiguration>
  
  <collectorConfiguration>
    <prefetch intervalSeconds="15" removeCycle="2" isDefault="true"/>
    <prefetch intervalSeconds="300" removeCycle="3"/>
    <discover intervalSeconds="180"/>
    <queue timeoutSeconds="180" maxSizePerServer="4"/>
  </collectorConfiguration>  
  <dumpConfiguration>
    <dump intervalSeconds="10800" maxSizeMBytes="75" enabled="true"/>
  </dumpConfiguration>
  
</dms>



