<?xml version="1.0" encoding="UTF-8"?>
<!--  $Header: adfrt/modules/adf-share-support/jrfdist/modules/oracle.adf.share_12.1.2/domain_config/logging/adf-share-logging.xml /main/3 2013/02/15 06:08:52 trdsouza Exp $ -->

<!-- 
 Copyright (c) 2012, 2013, Oracle and/or its affiliates. All rights reserved. 

   NAME
     adf-share-logging.xml - <one-line expansion of the name>

   DESCRIPTION
     <short description of component this file declares/defines>

   NOTES
     <other useful comments, qualifications, etc.>

   MODIFIED   (MM/DD/YY)
   trdsouza    05/10/12 - Creation

-->

<logging_configuration>
 <loggers>
     <logger name="oracle.adf.share.diagnostics.versions" level="FINEST" />
     <logger name="oracle.adf.share.mds.MDSTransManager" />
     <logger name="oracle.adf.share.mds.MDSTransManagerClientExceptionLog" />
     <logger name="oracle.adfdiagnostics" />
     <logger name="oracle.adfdiagnostics.security" />
  </loggers>
</logging_configuration>
