<?xml version="1.0" encoding="UTF-8"?>
<logging_configuration>
 <log_handlers>
<log_handler name='apps-clickhistory-handler' class='oracle.core.ojdl.logging.QuickTraceHandlerFactory'>
   <property name='mode' value='CLK'/>
   <property name='bufferSize' value='880640'/>
   <property name='maxFieldLength' value='-1'/>
   <property name='useLoggingContext' value='true'/>
   <property name='encoding' value='UTF-8'/>
   <property name='useThreadName' value='false'/>
   <property name='useSourceClassandMethod' value='false'/>
   <property name='flushOnDump' value='false'/>
   <property name='mergeStartEndMessage' value='false'/>
   <property name='saveToDisk' value='true'/>
   <property name='path' value='${domain.home}/servers/${weblogic.Name}/logs/${weblogic.Name}-clickhistory.log'/>
   <property name='maxFileSize' value='10485760'/>
   <property name='maxLogSize' value='52428800'/>
   <property name='supplementalAttributes' value='CH_CST,CH_CET,CH_VID,CH_WID,CH_CID_EC,CH_CNM,CH_FAM,CH_CMP,CH_RVD,CH_RNM,CH_RTY,CH_TYP,CH_EID,CH_PEI,CH_TTT,CH_RRT,CH_PRT,CH_RNT'/>
</log_handler>
</log_handlers>
<loggers>
   <logger name='oracle.clickhistory.EUM' level='NOTIFICATION:1' useParentHandlers='false'>
      <handler name='apps-clickhistory-handler'/>
   </logger>
</loggers>
</logging_configuration>
