<?xml version='1.0' encoding='UTF-8'?>
<logging_configuration>
  <log_handlers>
    <log_handler name='soa-tracking-trc-handler' class='oracle.core.ojdl.logging.ODLHandlerFactory'>
      <property name='path' 
	value='${domain.home}/servers/${weblogic.Name}/logs/${weblogic.Name}-soa-tracking.trc'/>
      <property name='format' value='ODL-Text'/>
      <property name='useThreadName' value='true'/>
      <property name='locale' value='en'/>
      <property name='maxFileSize' value='5242880'/>
      <property name='maxLogSize' value='52428800'/>
      <property name='encoding' value='UTF-8'/>
      <property name='supplementalAttributes' value='J2EE_APP.name,J2EE_MODULE.name,WEBSERVICE.name,WEBSERVICE_PORT.name,oracle.soa.tracking.FlowId,oracle.soa.tracking.InstanceId,oracle.soa.tracking.SCAEntityId,oracle.soa.tracking.FaultId,oracle.soa.tracking.RetryCount,composite_name,SOA.toplink.session_name,SOA.logging.category,SOA.call_origin,SOA.call_origin_category'/>
    </log_handler>
  </log_handlers >

  <loggers>
    <logger name='oracle.soa.b2b.fabric'/>
    <logger name='oracle.soa.hc'/>
    <logger name='oracle.soa.hc.apptransport'/>
    <logger name='oracle.soa.hc.engine'/>
    <logger name='oracle.soa.hc.repository'/>
    <logger name='oracle.soa.hc.transport'/>
    <logger name='oracle.soa.hc.ui'/>
    <logger name='oracle.soa.hc.modelcfgfwk'/>
    <logger name='oracle.soa.hc.fabric'/>
    <logger name='oracle.soa.sql.trc.fabric' 
      level='SEVERE' useParentHandlers='false'>
      <handler name='soa-tracking-trc-handler'/>
    </logger>
    <logger name="oracle.soa.adapter.aq"/>
    <logger name="oracle.soa.adapter.aq.inbound"/>
    <logger name="oracle.soa.adapter.aq.outbound"/>
    <logger name="oracle.soa.adapter.aq.connection"/>
    <logger name="oracle.soa.adapter.aq.transaction"/>
    <logger name="oracle.soa.adapter.apps"/>
    <logger name="oracle.soa.adapter.apps.inbound"/>
    <logger name="oracle.soa.adapter.apps.outbound"/>
    <logger name="oracle.soa.adapter.apps.sql"/>
    <logger name="oracle.soa.adapter.apps.connection" level='OFF'/>
    <logger name="oracle.soa.adapter.apps.transaction" level='OFF'/>
    <logger name="oracle.soa.adapter.apps.toplinkall" level='OFF'/>
    <logger name="oracle.soa.adapter.db"/>
    <logger name="oracle.soa.adapter.db.inbound"/>
    <logger name="oracle.soa.adapter.db.outbound"/>
    <logger name="oracle.soa.adapter.db.sql"/>
    <logger name="oracle.soa.adapter.db.connection" level='OFF'/>
    <logger name="oracle.soa.adapter.db.transaction" level='OFF'/>
    <logger name="oracle.soa.adapter.db.toplinkall" level='OFF'/>
    <logger name="oracle.soa.adapter.coherence"/>
    <logger name="oracle.soa.adapter.coherence.outbound"/>
    <logger name="oracle.soa.adapter.coherence.connection"/>
    <logger name="oracle.soa.adapter.coherence.transaction"/>
    <logger name="oracle.soa.adapter.file"/>
    <logger name="oracle.soa.adapter.file.inbound"/>
    <logger name="oracle.soa.adapter.file.outbound"/>
    <logger name="oracle.soa.adapter.file.connection"/>
    <logger name="oracle.soa.adapter.file.transaction"/>
    <logger name="oracle.soa.adapter.ftp"/>
    <logger name="oracle.soa.adapter.ftp.inbound"/>
    <logger name="oracle.soa.adapter.ftp.outbound"/>
    <logger name="oracle.soa.adapter.ftp.connection"/>
    <!--logger name="oracle.soa.adapter.ftp.transaction"/-->
    <logger name="oracle.soa.adapter.jdeworld"/>
    <logger name="oracle.soa.adapter.jdeworld.outbound"/>
    <logger name="oracle.soa.adapter.jdeworld.sql"/>
    <logger name="oracle.soa.adapter.jdeworld.connection" level='OFF'/>
    <logger name="oracle.soa.adapter.jdeworld.transaction" level='OFF'/>
    <logger name="oracle.soa.adapter.jdeworld.toplinkall" level='OFF'/>
    <logger name="oracle.soa.adapter.jms"/>
    <logger name="oracle.soa.adapter.jms.inbound"/>
    <logger name="oracle.soa.adapter.jms.outbound"/>
    <logger name="oracle.soa.adapter.jms.connection"/>
    <logger name="oracle.soa.adapter.jms.transaction"/>
    <logger name="oracle.soa.adapter.ldap"/>
    <logger name="oracle.soa.adapter.ldap.inbound"/>
    <logger name="oracle.soa.adapter.ldap.outbound"/>
    <logger name="oracle.soa.adapter.ldap.connection"/>
    <logger name="oracle.soa.adapter.ldap.transaction"/>
    <logger name="oracle.soa.adapter.mq"/>
    <logger name="oracle.soa.adapter.mq.inbound"/>
    <logger name="oracle.soa.adapter.mq.outbound"/>
    <logger name="oracle.soa.adapter.mq.connection"/>
    <logger name="oracle.soa.adapter.mq.transaction"/>
    <logger name="oracle.soa.adapter.msmq"/>
    <logger name="oracle.soa.adapter.msmq.inbound"/>
    <logger name="oracle.soa.adapter.msmq.outbound"/>
    <logger name="oracle.soa.adapter.msmq.connection"/>
    <logger name="oracle.soa.adapter.msmq.transaction"/>
    <logger name="oracle.soa.adapter.ums"/>
    <logger name="oracle.soa.adapter.ums.inbound"/>
    <logger name="oracle.soa.adapter.ums.outbound"/>
    <logger name="oracle.soa.adapter.ums.connection"/>
    <logger name="oracle.soa.adapter.ums.transaction"/>
    
    <logger name="oracle.soa.adapter.socket"/>
    <logger name="oracle.soa.adapter.socket.inbound"/>
    <logger name="oracle.soa.adapter.socket.outbound"/>
    <logger name="oracle.soa.adapter.socket.connection"/>
    
    <logger name="oracle.soa.adapter.reports"/>

    <logger name="oracle.soa.translator"/>
    <logger name="oracle.soa.translator.nxsd"/>


    <!-- Loggers moved from JRF to SOA
         Bug 9309646 - move definition of soa loggers from default 
         logging.xml file                           -->
    <logger name="oracle.integration"/>
    <logger name="oracle.integration.platform.blocks.cluster"/>
    <logger name="oracle.integration.platform.blocks.deploy.coordinator"/>
    <logger name="oracle.integration.platform.blocks.event.saq"/>
    <logger name="oracle.integration.platform.blocks.java"/>
    <logger name="oracle.integration.platform.blocks.rest"/>
    <logger name="oracle.integration.platform.faultpolicy"/>
    <logger name="oracle.integration.platform.testfwk"/>
    <logger name="oracle.soa"/>
    <logger name="oracle.soa.adapter"/>
    <logger name="oracle.soa.b2b"/>
    <logger name="oracle.soa.b2b.apptransport"/>
    <logger name="oracle.soa.b2b.engine"/>
    <logger name="oracle.soa.b2b.repository"/>
    <logger name="oracle.soa.b2b.transport"/>
    <logger name="oracle.soa.b2b.ui"/>
    <logger name="oracle.soa.bpel"/>
    <logger name="oracle.soa.bpel.console"/>
    <logger name="oracle.soa.bpel.engine"/>
    <logger name="oracle.soa.bpel.engine.activation"/>
    <logger name="oracle.soa.bpel.engine.agents"/>
    <logger name="oracle.soa.bpel.engine.bpel"/>
    <logger name="oracle.soa.bpel.engine.compiler"/>
    <logger name="oracle.soa.bpel.engine.data"/>
    <logger name="oracle.soa.bpel.engine.delivery"/>
    <logger name="oracle.soa.bpel.engine.deployment"/>
    <logger name="oracle.soa.bpel.engine.dispatch"/>
    <logger name="oracle.soa.bpel.engine.sensor"/>
    <logger name="oracle.soa.bpel.engine.translation"/>
    <logger name="oracle.soa.bpel.engine.ws"/>
    <logger name="oracle.soa.bpel.engine.xml"/>
    <logger name="oracle.soa.bpel.entity"/>
    <logger name="oracle.soa.bpel.jpa"/>
    <logger name="oracle.soa.bpel.system"/>
    <logger name="oracle.soa.dvm"/>
    <logger name="oracle.soa.management.facade.api"/>
    <logger name="oracle.soa.mediator"/>
    <logger name="oracle.soa.mediator.common"/>
    <logger name="oracle.soa.mediator.common.cache"/>
    <logger name="oracle.soa.mediator.common.error"/>
    <logger name="oracle.soa.mediator.common.error.recovery"/>
    <logger name="oracle.soa.mediator.common.message"/>
    <logger name="oracle.soa.mediator.dispatch"/>
    <logger name="oracle.soa.mediator.dispatch.resequencer.toplink"/>
    <logger name="oracle.soa.mediator.filter"/>
    <logger name="oracle.soa.mediator.instance"/>
    <logger name="oracle.soa.mediator.management"/>
    <logger name="oracle.soa.mediator.metadata"/>
    <logger name="oracle.soa.mediator.monitor"/>
    <logger name="oracle.soa.mediator.resequencer"/>
    <logger name="oracle.soa.mediator.resequencer.besteffort"/>
    <logger name="oracle.soa.mediator.resequencer.fifo"/>
    <logger name="oracle.soa.mediator.resequencer.standard"/>
    <logger name="oracle.soa.mediator.service"/>
    <logger name="oracle.soa.mediator.serviceEngine"/>
    <logger name="oracle.soa.mediator.transformation"/>
    <logger name="oracle.soa.mediator.utils"/>
    <logger name="oracle.soa.mediator.validation"/>
    <logger name="oracle.soa.scheduler"/>
    <logger name="oracle.soa.services.common"/>
    <logger name="oracle.soa.services.identity"/>
    <logger name="oracle.soa.services.notification"/>
    <logger name="oracle.soa.services.rules"/>
    <logger name="oracle.soa.services.rules.obrtrace"/>
    <logger name="oracle.soa.services.rules.performance"/>
    <logger name="oracle.soa.services.workflow"/>
    <logger name="oracle.soa.services.workflow.common"/>
    <logger name="oracle.soa.services.workflow.evidence"/>
    <logger name="oracle.soa.services.workflow.metadata"/>
    <logger name="oracle.soa.services.workflow.persistency"/>
    <logger name="oracle.soa.services.workflow.query"/>
    <logger name="oracle.soa.services.workflow.report"/>
    <logger name="oracle.soa.services.workflow.runtimeconfig"/>
    <logger name="oracle.soa.services.workflow.soa"/>
    <logger name="oracle.soa.services.workflow.task"/>
    <logger name="oracle.soa.services.workflow.task.dispatch"/>
    <logger name="oracle.soa.services.workflow.task.routing"/>
    <logger name="oracle.soa.services.workflow.user"/>
    <logger name="oracle.soa.services.workflow.verification"/>
    <logger name="oracle.soa.services.workflow.worklist"/>
    <logger name="oracle.soa.services.workflow.performance"/>
    <logger name="oracle.soa.services.cmds"/>
    <logger name="oracle.soa.wsif"/>
    <logger name="oracle.soa.xref"/>

    <!--Loggers for hwfanalytics -->
    <logger name="oracle.soa.services.workflow.analytics"/>
    <logger name="oracle.soa.services.workflow.analytics.persistence"/>
    <logger name="oracle.soa.services.workflow.analytics.publisher"/>
    <logger name="oracle.soa.services.workflow.analytics.synthesizer"/>
  </loggers>
</logging_configuration> 
