<?xml version="1.0" encoding="UTF-8"?>
<logging_configuration>
 <loggers>
     <logger name="oracle.webservices" level="WARNING"/>
     <logger name="oracle.webservices.management" level="WARNING" />
     <logger name="oracle.j2ee.ws" level="WARNING" />
     <logger name="oracle.j2ee.ws.server" level="WARNING" />
     <logger name="oracle.fabric.common" level="WARNING" />
     <logger name="com.oracle.webservices" level="WARNING"/>
     <logger name="com.sun.xml.ws" level="WARNING"/>
  </loggers>
</logging_configuration>

