<?xml version="1.0" encoding="UTF-8"?>
<dgm:gDiagram xmlns:dgm="http://xmlns.oracle.com/sca/soadgm">
    <dgm:gService name="Enroll">
        <dgm:body borderWidth="2" arcRad="20" X="21" Y="292" width="137" height="84">
            <dgm:borderColor r="153" g="153" b="153"/>
            <dgm:bgColor r="255" g="255" b="255"/>
        </dgm:body>
        <dgm:shadow arcRad="20" X="11" Y="285" width="156" height="98">
            <dgm:bgColor r="196" g="228" b="240"/>
        </dgm:shadow>
        <dgm:outputPort name="Enroll" X="127" Y="0" diameter="20" imageURI="oracle/tip/tools/ide/fabric/resource/image/visuals_rd1/servicereference.png" interface="http://oracle.com/sca/soapservice/BPELProjects/Enroll/Enroll#wsdl.interface(execute_ptt)"/>
        <dgm:nodeIcon URI="/oracle/tip/tools/ide/adapters/designtime/adapter/images/soap_service_20x20.png" X="20" Y="4" width="20" height="20"/>
        <dgm:operations>
            <dgm:item>execute</dgm:item>
        </dgm:operations>
    </dgm:gService>
    <dgm:gService name="fileInput">
        <dgm:body borderWidth="2" arcRad="20" X="21" Y="41" width="137" height="84">
            <dgm:borderColor r="153" g="153" b="153"/>
            <dgm:bgColor r="255" g="255" b="255"/>
        </dgm:body>
        <dgm:shadow arcRad="20" X="11" Y="34" width="156" height="98">
            <dgm:bgColor r="196" g="228" b="240"/>
        </dgm:shadow>
        <dgm:outputPort name="fileInput" X="127" Y="0" diameter="20" imageURI="oracle/tip/tools/ide/fabric/resource/image/visuals_rd1/servicereference.png" interface="http://xmlns.oracle.com/pcbpel/adapter/file/AdminLabs/Enroll/fileInput#wsdl.interface(Read_ptt)"/>
        <dgm:nodeIcon URI="/oracle/tip/tools/ide/adapters/designtime/adapter/images/file_adapter_20x20.png" X="20" Y="4" width="20" height="20"/>
        <dgm:operations>
            <dgm:item>Read</dgm:item>
        </dgm:operations>
    </dgm:gService>
    <dgm:gReference name="BookingService">
        <dgm:body borderWidth="2" arcRad="20" X="686" Y="196" width="136" height="84">
            <dgm:borderColor r="153" g="153" b="153"/>
            <dgm:bgColor r="255" g="255" b="255"/>
        </dgm:body>
        <dgm:shadow arcRad="20" X="676" Y="189" width="156" height="98">
            <dgm:bgColor r="196" g="228" b="240"/>
        </dgm:shadow>
        <dgm:inputPort name="BookingService" X="-10" Y="0" diameter="20" imageURI="oracle/tip/tools/ide/fabric/resource/image/visuals_rd1/servicereference.png" interface="http://xmlns.oracle.com/Projects/BookingSystem/Booking#wsdl.interface(Booking)"/>
        <dgm:nodeIcon URI="/oracle/tip/tools/ide/adapters/designtime/adapter/images/soap_service_20x20.png" X="27" Y="4" width="20" height="20"/>
        <dgm:operations>
            <dgm:item>process</dgm:item>
        </dgm:operations>
    </dgm:gReference>
    <dgm:gReference name="fileOut">
        <dgm:body borderWidth="2" arcRad="20" X="686" Y="78" width="136" height="84">
            <dgm:borderColor r="153" g="153" b="153"/>
            <dgm:bgColor r="255" g="255" b="255"/>
        </dgm:body>
        <dgm:shadow arcRad="20" X="676" Y="71" width="156" height="98">
            <dgm:bgColor r="196" g="228" b="240"/>
        </dgm:shadow>
        <dgm:inputPort name="fileOut" X="-10" Y="0" diameter="20" imageURI="oracle/tip/tools/ide/fabric/resource/image/visuals_rd1/servicereference.png" interface="http://xmlns.oracle.com/pcbpel/adapter/file/AdminLabs/Enroll/fileOut#wsdl.interface(Write_ptt)"/>
        <dgm:nodeIcon URI="/oracle/tip/tools/ide/adapters/designtime/adapter/images/file_adapter_20x20.png" X="27" Y="4" width="20" height="20"/>
        <dgm:operations>
            <dgm:item>Write</dgm:item>
        </dgm:operations>
    </dgm:gReference>
    <dgm:gComponent name="RouteRequest">
        <dgm:body borderWidth="2" arcRad="20" X="226" Y="277" width="130" height="61">
            <dgm:borderColor r="128" g="92" b="148"/>
            <dgm:lightBgColor r="208" g="169" b="227"/>
            <dgm:darkBgColor r="183" g="132" b="212"/>
        </dgm:body>
        <dgm:shadow arcRad="20" X="216" Y="270" width="150" height="77">
            <dgm:bgColor r="196" g="228" b="240"/>
        </dgm:shadow>
        <dgm:inputPort name="RouteRequest" X="-10" Y="15" diameter="20" imageURI="oracle/tip/tools/ide/fabric/resource/image/visuals_rd1/servicereference.png" interface="http://oracle.com/sca/soapservice/BPELProjects/Enroll/Enroll#wsdl.interface(execute_ptt)"/>
        <dgm:outputPort name="EnrollmentProcess.enrollmentprocess_client" X="120" Y="15" diameter="20" imageURI="oracle/tip/tools/ide/fabric/resource/image/visuals_rd1/servicereference.png" interface="http://xmlns.oracle.com/BPELProjects/Enroll/EnrollmentProcess#wsdl.interface(EnrollmentProcess)"/>
        <dgm:nodeIcon URI="/oracle/tip/tools/ide/mediator/resource/image/mediator_20x20.png" X="10" Y="4" width="20" height="20"/>
    </dgm:gComponent>
    <dgm:gComponent name="EnrollmentProcess">
        <dgm:body borderWidth="2" arcRad="20" X="439" Y="192" width="130" height="61">
            <dgm:borderColor r="69" g="113" b="140"/>
            <dgm:lightBgColor r="166" g="208" b="230"/>
            <dgm:darkBgColor r="99" g="162" b="201"/>
        </dgm:body>
        <dgm:shadow arcRad="20" X="429" Y="185" width="150" height="77">
            <dgm:bgColor r="196" g="228" b="240"/>
        </dgm:shadow>
        <dgm:inputPort name="enrollmentprocess_client" X="-10" Y="15" diameter="20" imageURI="oracle/tip/tools/ide/fabric/resource/image/visuals_rd1/servicereference.png" interface="http://xmlns.oracle.com/BPELProjects/Enroll/EnrollmentProcess#wsdl.interface(EnrollmentProcess)"/>
        <dgm:outputPort name="BookingService" X="120" Y="15" diameter="20" imageURI="oracle/tip/tools/ide/fabric/resource/image/visuals_rd1/servicereference.png" interface="http://xmlns.oracle.com/Projects/BookingSystem/Booking#wsdl.interface(Booking)"/>
        <dgm:nodeIcon URI="/oracle/tip/tools/ide/bpel/shared/plugins/resources/images/soa/process_20x20.png" X="10" Y="4" width="20" height="20"/>
    </dgm:gComponent>
    <dgm:gComponent name="Mediator2">
        <dgm:body borderWidth="2" arcRad="20" X="226" Y="26" width="130" height="135">
            <dgm:borderColor r="128" g="92" b="148"/>
            <dgm:lightBgColor r="208" g="169" b="227"/>
            <dgm:darkBgColor r="183" g="132" b="212"/>
        </dgm:body>
        <dgm:shadow arcRad="20" X="216" Y="19" width="150" height="151">
            <dgm:bgColor r="196" g="228" b="240"/>
        </dgm:shadow>
        <dgm:inputPort name="Mediator2" X="-10" Y="15" diameter="20" imageURI="oracle/tip/tools/ide/fabric/resource/image/visuals_rd1/servicereference.png" interface="http://xmlns.oracle.com/pcbpel/adapter/file/AdminLabs/Enroll/fileInput#wsdl.interface(Read_ptt)"/>
        <dgm:outputPort name="EnrollmentProcess.enrollmentprocess_client" X="120" Y="15" diameter="20" imageURI="oracle/tip/tools/ide/fabric/resource/image/visuals_rd1/servicereference.png" interface="http://xmlns.oracle.com/BPELProjects/Enroll/EnrollmentProcess#wsdl.interface(EnrollmentProcess)"/>
        <dgm:outputPort name="fileOut" X="120" Y="40" diameter="20" imageURI="oracle/tip/tools/ide/fabric/resource/image/visuals_rd1/servicereference.png" interface="http://xmlns.oracle.com/pcbpel/adapter/file/AdminLabs/Enroll/fileOut#wsdl.interface(Write_ptt)"/>
        <dgm:nodeIcon URI="/oracle/tip/tools/ide/mediator/resource/image/mediator_20x20.png" X="23" Y="4" width="20" height="20"/>
        <dgm:publishEvents>
            <dgm:item>EnrollmentResponse</dgm:item>
        </dgm:publishEvents>
        <dgm:publishPort name="" X="120" Y="65" diameter="20" imageURI="oracle/tip/tools/ide/fabric/resource/image/visuals_rd1/circleEvent.png"/>
    </dgm:gComponent>
    <dgm:gWireLink source="Enroll" target="RouteRequest/RouteRequest" width="2">
        <dgm:gSegment X1="168" Y1="302" X2="216" Y2="302"/>
        <dgm:baseColor r="153" g="153" b="153"/>
        <dgm:selectedColor r="49" g="106" b="196"/>
    </dgm:gWireLink>
    <dgm:gWireLink source="RouteRequest/EnrollmentProcess.enrollmentprocess_client" target="EnrollmentProcess/enrollmentprocess_client" width="2">
        <dgm:gSegment X1="366" Y1="302" X2="390" Y2="302"/>
        <dgm:gSegment X1="390" Y1="302" X2="390" Y2="217"/>
        <dgm:gSegment X1="390" Y1="217" X2="429" Y2="217"/>
        <dgm:baseColor r="153" g="153" b="153"/>
        <dgm:selectedColor r="49" g="106" b="196"/>
    </dgm:gWireLink>
    <dgm:gWireLink source="EnrollmentProcess/BookingService" target="BookingService" width="2">
        <dgm:gSegment X1="579" Y1="217" X2="604" Y2="217"/>
        <dgm:gSegment X1="604" Y1="217" X2="604" Y2="206"/>
        <dgm:gSegment X1="604" Y1="206" X2="676" Y2="206"/>
        <dgm:baseColor r="153" g="153" b="153"/>
        <dgm:selectedColor r="49" g="106" b="196"/>
    </dgm:gWireLink>
    <dgm:gWireLink source="fileInput" target="Mediator2/Mediator2" width="2">
        <dgm:gSegment X1="168" Y1="51" X2="216" Y2="51"/>
        <dgm:baseColor r="153" g="153" b="153"/>
        <dgm:selectedColor r="49" g="106" b="196"/>
    </dgm:gWireLink>
    <dgm:gWireLink source="Mediator2/EnrollmentProcess.enrollmentprocess_client" target="EnrollmentProcess/enrollmentprocess_client" width="2">
        <dgm:gSegment X1="366" Y1="51" X2="405" Y2="51"/>
        <dgm:gSegment X1="405" Y1="51" X2="405" Y2="217"/>
        <dgm:gSegment X1="405" Y1="217" X2="429" Y2="217"/>
        <dgm:baseColor r="153" g="153" b="153"/>
        <dgm:selectedColor r="49" g="106" b="196"/>
    </dgm:gWireLink>
    <dgm:gWireLink source="Mediator2/fileOut" target="fileOut" width="2">
        <dgm:gSegment X1="366" Y1="76" X2="390" Y2="76"/>
        <dgm:gSegment X1="390" Y1="76" X2="390" Y2="88"/>
        <dgm:gSegment X1="390" Y1="88" X2="676" Y2="88"/>
        <dgm:baseColor r="153" g="153" b="153"/>
        <dgm:selectedColor r="49" g="106" b="196"/>
    </dgm:gWireLink>
</dgm:gDiagram>