<?xml version="1.0" encoding="UTF-8" ?>
<!-- Generated by Oracle SOA Modeler version 1.0 at [8/20/10 5:59 AM]. -->
<composite name="TroubleSomeComposite"
           revision="1.0"
           label="2010-08-20_05-59-24_062"
           mode="active"
           state="on"
           xmlns="http://xmlns.oracle.com/sca/1.0"
           xmlns:xs="http://www.w3.org/2001/XMLSchema"
           xmlns:wsp="http://schemas.xmlsoap.org/ws/2004/09/policy"
           xmlns:orawsp="http://schemas.oracle.com/ws/2006/01/policy"
           xmlns:ui="http://xmlns.oracle.com/soa/designer/">
  <import namespace="http://xmlns.oracle.com/pcbpel/adapter/file/lesson19/TroubleSomeComposite/NewProdFileService"
          location="NewProdFileService.wsdl" importType="wsdl"/>
  <import namespace="http://xmlns.oracle.com/pcbpel/adapter/db/lesson19/TroubleSomeComposite/InsProdDBAdapter"
          location="InsProdDBAdapter.wsdl" importType="wsdl"/>
  <service name="NewProdFileService" ui:wsdlLocation="NewProdFileService.wsdl">
    <interface.wsdl interface="http://xmlns.oracle.com/pcbpel/adapter/file/lesson19/TroubleSomeComposite/NewProdFileService#wsdl.interface(Read_ptt)"/>
    <binding.jca config="NewProdFileService_file.jca">
      <property name="useRejectedMessageRecovery" type="xs:string" many="false" override="may">true</property>
    </binding.jca>
    <property name="prd_dir" type="xs:string" many="false" override="may"></property>
  </service>
  <service name="InsProdMediator_ep" ui:wsdlLocation="NewProdFileService.wsdl">
    <interface.wsdl interface="http://xmlns.oracle.com/pcbpel/adapter/file/lesson19/TroubleSomeComposite/NewProdFileService#wsdl.interface(Read_ptt)"/>
    <binding.ws port="http://xmlns.oracle.com/pcbpel/adapter/file/lesson19/TroubleSomeComposite/NewProdFileService#wsdl.endpoint(InsProdMediator/Read_pt)">
      <property name="weblogic.wsee.wsat.transaction.flowOption"
                type="xs:string" many="false">NEVER</property>
    </binding.ws>
  </service>
  <property name="originalProductVersion" type="xs:string" many="false">11.0.0.0.0</property>
  <property name="productVersion" type="xs:string" many="false">12.1.3.0.0</property>
  <property name="compositeID" type="xs:string" many="false">e22d4a2d-72ea-471c-8547-6c7f3f1d5d2b</property>
  <component name="InsProdMediator">
    <implementation.mediator src="InsProdMediator.mplan"/>
    <componentType xmlns="http://xmlns.oracle.com/sca/1.0" xmlns:xs="http://www.w3.org/2001/XMLSchema"
                   xmlns:ui="http://xmlns.oracle.com/soa/designer/">
      <service name="InsProdMediator" ui:wsdlLocation="NewProdFileService.wsdl">
        <interface.wsdl interface="http://xmlns.oracle.com/pcbpel/adapter/file/lesson19/TroubleSomeComposite/NewProdFileService#wsdl.interface(Read_ptt)"/>
      </service>
      <reference name="InsProdDBAdapter" ui:wsdlLocation="InsProdDBAdapter.wsdl">
        <interface.wsdl interface="http://xmlns.oracle.com/pcbpel/adapter/db/lesson19/TroubleSomeComposite/InsProdDBAdapter#wsdl.interface(InsProdDBAdapter_ptt)"/>
      </reference>
    </componentType>
  </component>
  <reference name="InsProdDBAdapter" ui:wsdlLocation="InsProdDBAdapter.wsdl">
    <interface.wsdl interface="http://xmlns.oracle.com/pcbpel/adapter/db/lesson19/TroubleSomeComposite/InsProdDBAdapter#wsdl.interface(InsProdDBAdapter_ptt)"/>
    <binding.jca config="InsProdDBAdapter_db.jca"/>
    <property name="jca.retry.count" type="xs:int" many="false" override="may">4</property>
    <property name="jca.retry.interval" type="xs:int" many="false"
              override="may">1</property>
    <property name="jca.retry.backoff" type="xs:int" many="false"
              override="may">2</property>
    <property name="jca.retry.maxInterval" type="xs:string" many="false"
              override="may">120</property>
  </reference>
  <wire>
    <source.uri>NewProdFileService</source.uri>
    <target.uri>InsProdMediator/InsProdMediator</target.uri>
  </wire>
  <wire>
    <source.uri>InsProdMediator_ep</source.uri>
    <target.uri>InsProdMediator/InsProdMediator</target.uri>
  </wire>
  <wire>
    <source.uri>InsProdMediator/InsProdDBAdapter</source.uri>
    <target.uri>InsProdDBAdapter</target.uri>
  </wire>
</composite>
