<?xml version = '1.0' encoding = 'UTF-8'?>
<!DOCTYPE properties SYSTEM "http://java.sun.com/dtd/properties.dtd">
<properties>
   <entry key="EXTERNAL_STORE.PROD_ID:db_column_size">20</entry>
   <entry key="EXTERNAL_STORE.QUANTITY:db_column_scale">0</entry>
   <entry key="EXTERNAL_STORE.PROD_ID:db_column_not_null">true</entry>
   <entry key="EXTERNAL_STORE.QUANTITY:db_column_type">NUMBER</entry>
   <entry key="EXTERNAL_STORE.QUANTITY:db_column_not_null">false</entry>
   <entry key="EXTERNAL_STORE.QUANTITY:db_column_precision">6</entry>
   <entry key="EXTERNAL_STORE:db_column_1">QUANTITY</entry>
   <entry key="EXTERNAL_STORE:db_column_0">PROD_ID</entry>
   <entry key="EXTERNAL_STORE.PROD_ID:db_column_type">VARCHAR2</entry>
   <entry key="root_descriptor_alias">EXTERNAL_STORE</entry>
   <entry key="EXTERNAL_STORE:db_table_type">TABLE</entry>
</properties>