<?xml version='1.0' encoding='UTF-8'?>
<logging_configuration>
 <log_handlers>
  <log_handler name='console-handler' class='oracle.core.ojdl.logging.ConsoleHandler' level='WARNING:32' formatter='oracle.core.ojdl.weblogic.ConsoleFormatter'/>
  <log_handler name='odl-handler' class='oracle.core.ojdl.logging.ODLHandlerFactory' filter='oracle.dfw.incident.IncidentDetectionLogFilter'>
   <property name='path' value='${domain.home}/servers/${weblogic.Name}/logs/${weblogic.Name}-diagnostic.log'/>
   <property name='maxFileSize' value='10485760'/>
   <property name='maxLogSize' value='104857600'/>
   <property name='encoding' value='UTF-8'/>
   <property name='useThreadName' value='true'/>
   <property name='supplementalAttributes' value='DSID,J2EE_APP.name,J2EE_MODULE.name,WEBSERVICE.name,WEBSERVICE_PORT.name,oracle.soa.tracking.FlowId,oracle.soa.tracking.InstanceId,oracle.soa.tracking.SCAEntityId,oracle.soa.tracking.FaultId,oracle.soa.tracking.RetryCount,composite_name'/>
  </log_handler>
  <log_handler name='wls-domain' class='oracle.core.ojdl.weblogic.DomainLogHandler' level='WARNING'/>
  <log_handler name='owsm-message-handler' class='oracle.core.ojdl.logging.ODLHandlerFactory'>
   <property name='path' value='${domain.home}/servers/${weblogic.Name}/logs/owsm/msglogging/diagnostic.log'/>
   <property name='maxFileSize' value='10485760'/>
   <property name='maxLogSize' value='104857600'/>
   <property name='encoding' value='UTF-8'/>
   <property name='supplementalAttributes' value='J2EE_APP.name,J2EE_MODULE.name,WEBSERVICE.name,WEBSERVICE_PORT.name'/>
  </log_handler>
  <log_handler name='em-log-handler' class='oracle.core.ojdl.logging.ODLHandlerFactory' level='NOTIFICATION:32' filter='oracle.dfw.incident.IncidentDetectionLogFilter'>
   <property name='logreader:' value='off'/>
   <property name='path' value='${domain.home}/servers/${weblogic.Name}/sysman/log/emoms.log'/>
   <property name='format' value='ODL-Text'/>
   <property name='useThreadName' value='true'/>
   <property name='maxFileSize' value='5242880'/>
   <property name='maxLogSize' value='52428800'/>
   <property name='encoding' value='UTF-8'/>
  </log_handler>
  <log_handler name='em-trc-handler' class='oracle.core.ojdl.logging.ODLHandlerFactory' level='TRACE:32'>
   <property name='path' value='${domain.home}/servers/${weblogic.Name}/sysman/log/emoms.trc'/>
   <property name='format' value='ODL-Text'/>
   <property name='useThreadName' value='true'/>
   <property name='locale' value='en'/>
   <property name='maxFileSize' value='5242880'/>
   <property name='maxLogSize' value='52428800'/>
   <property name='encoding' value='UTF-8'/>
  </log_handler>
  <log_handler name='quicktrace-handler' class='oracle.core.ojdl.logging.QuickTraceHandlerFactory' level='TRACE:32'>
   <property name='mode' value='objRef'/>
   <property name='bufferSize' value='5242880'/>
   <property name='maxFieldLength' value='240'/>
   <property name='useLoggingContext' value='false'/>
   <property name='useThreadName' value='false'/>
   <property name='useSourceClassandMethod' value='false'/>
   <property name='encoding' value='UTF-8'/>
  </log_handler>
  <log_handler name='apps-clickhistory-handler' class='oracle.core.ojdl.logging.QuickTraceHandlerFactory'>
   <property name='useLoggingContext' value='true'/>
   <property name='encoding' value='UTF-8'/>
   <property name='bufferSize' value='880640'/>
   <property name='mergeStartEndMessage' value='false'/>
   <property name='maxFileSize' value='10485760'/>
   <property name='saveToDisk' value='true'/>
   <property name='useThreadName' value='false'/>
   <property name='supplementalAttributes' value='CH_CST,CH_CET,CH_VID,CH_WID,CH_CID_EC,CH_CNM,CH_FAM,CH_CMP,CH_RVD,CH_RNM,CH_RTY,CH_TYP,CH_EID,CH_PEI,CH_TTT,CH_RRT,CH_PRT,CH_RNT'/>
   <property name='useSourceClassandMethod' value='false'/>
   <property name='mode' value='CLK'/>
   <property name='flushOnDump' value='false'/>
   <property name='maxFieldLength' value='-1'/>
   <property name='maxLogSize' value='52428800'/>
   <property name='path' value='${domain.home}/servers/${weblogic.Name}/logs/${weblogic.Name}-clickhistory.log'/>
  </log_handler>
  <log_handler name='soa-tracking-trc-handler' class='oracle.core.ojdl.logging.ODLHandlerFactory'>
   <property name='locale' value='en'/>
   <property name='supplementalAttributes' value='J2EE_APP.name,J2EE_MODULE.name,WEBSERVICE.name,WEBSERVICE_PORT.name,oracle.soa.tracking.FlowId,oracle.soa.tracking.InstanceId,oracle.soa.tracking.SCAEntityId,oracle.soa.tracking.FaultId,oracle.soa.tracking.RetryCount,composite_name,SOA.toplink.session_name,SOA.logging.category,SOA.call_origin,SOA.call_origin_category'/>
   <property name='encoding' value='UTF-8'/>
   <property name='path' value='${domain.home}/servers/${weblogic.Name}/logs/${weblogic.Name}-soa-tracking.trc'/>
   <property name='format' value='ODL-Text'/>
   <property name='useThreadName' value='true'/>
   <property name='maxFileSize' value='5242880'/>
   <property name='maxLogSize' value='52428800'/>
  </log_handler>
 </log_handlers>
 <loggers>
  <logger name='' level='WARNING:1' useParentHandlers='true'>
   <handler name='odl-handler'/>
   <handler name='wls-domain'/>
   <handler name='console-handler'/>
  </logger>
  <logger name='oracle' level='NOTIFICATION:1' useParentHandlers='true'/>
  <logger name='oracle.adf' useParentHandlers='true'/>
  <logger name='oracle.adf.desktopintegration' useParentHandlers='true'/>
  <logger name='oracle.adf.faces' useParentHandlers='true'/>
  <logger name='oracle.adf.controller' useParentHandlers='true'/>
  <logger name='oracle.adfinternal' useParentHandlers='true'/>
  <logger name='oracle.adfinternal.controller' useParentHandlers='true'/>
  <logger name='oracle.jbo' useParentHandlers='true'/>
  <logger name='oracle.adfdt' useParentHandlers='true'/>
  <logger name='oracle.adfdtinternal' useParentHandlers='true'/>
  <logger name='oracle.wsm' useParentHandlers='true'/>
  <logger name='oracle.wsm.msg.logging' level='NOTIFICATION:1' useParentHandlers='false'>
   <handler name='owsm-message-handler'/>
   <handler name='wls-domain'/>
  </logger>
  <logger name='oracle.sysman' level='NOTIFICATION:32' useParentHandlers='false'>
   <handler name='em-log-handler'/>
   <handler name='em-trc-handler'/>
  </logger>
  <logger name='oracle.adf.share.diagnostics.versions' level='FINEST' useParentHandlers='true'/>
  <logger name='oracle.adf.share.mds.MDSTransManager' useParentHandlers='true'/>
  <logger name='oracle.adf.share.mds.MDSTransManagerClientExceptionLog' useParentHandlers='true'/>
  <logger name='oracle.adfdiagnostics' useParentHandlers='true'/>
  <logger name='oracle.adfdiagnostics.security' useParentHandlers='true'/>
  <logger name='oracle.adf.model.log.AMPoolLifecycle' useParentHandlers='true'/>
  <logger name='oracle.adf.model.log.LobDomain' useParentHandlers='true'/>
  <logger name='oracle.adf.model.log.SQLBuilder' useParentHandlers='true'/>
  <logger name='oracle.adf.model.log.DataChangeEvent' useParentHandlers='true'/>
  <logger name='oracle.adf.model.log.JPXSettings' useParentHandlers='true'/>
  <logger name='oracle.adf.model.log.GlobalGroovyFunctions' useParentHandlers='true'/>
  <logger name='oracle.adf.model.log.ApplicationScript' useParentHandlers='true'/>
  <logger name='oracle.adf.model.log.FrameManagement' useParentHandlers='true'/>
  <logger name='oracle.adf.model.log.BusEvent' useParentHandlers='true'/>
  <logger name='oracle.adf.model.log.DefaultValueSerializer' useParentHandlers='true'/>
  <logger name='oracle.adf.model.businesseditor.log' useParentHandlers='true'/>
  <logger name='oracle.adf.model.businesseditor.log.Settings' useParentHandlers='true'/>
  <logger name='oracle.adf.model.businesseditor.log.dictionary' useParentHandlers='true'/>
  <logger name='oracle.adf.model.businesseditor.log.dictionary.Allocation' useParentHandlers='true'/>
  <logger name='oracle.adf.model.businesseditor.log.dictionary.Lookups' useParentHandlers='true'/>
  <logger name='oracle.adf.model.businesseditor.log.dictionary.Migration' useParentHandlers='true'/>
  <logger name='oracle.adf.model.businesseditor.log.customization' useParentHandlers='true'/>
  <logger name='oracle.adf.model.businesseditor.log.customization.BusinessObjects' useParentHandlers='true'/>
  <logger name='oracle.adf.model.businesseditor.log.customization.Fields' useParentHandlers='true'/>
  <logger name='oracle.adf.model.businesseditor.log.customization.logic' useParentHandlers='true'/>
  <logger name='oracle.adf.model.businesseditor.log.customization.logic.Functions' useParentHandlers='true'/>
  <logger name='oracle.adf.model.businesseditor.log.customization.logic.Triggers' useParentHandlers='true'/>
  <logger name='oracle.adf.model.businesseditor.log.customization.logic.ValidationRules' useParentHandlers='true'/>
  <logger name='oracle.adf.model.businesseditor.log.customization.WebServices' useParentHandlers='true'/>
  <logger name='oracle.adfdebugdiagnostics' useParentHandlers='true'/>
  <logger name='oracle.webservices' level='WARNING' useParentHandlers='true'/>
  <logger name='oracle.webservices.management' level='WARNING' useParentHandlers='true'/>
  <logger name='oracle.j2ee.ws' level='WARNING' useParentHandlers='true'/>
  <logger name='oracle.j2ee.ws.server' level='WARNING' useParentHandlers='true'/>
  <logger name='oracle.fabric.common' level='WARNING' useParentHandlers='true'/>
  <logger name='com.oracle.webservices' level='WARNING' useParentHandlers='true'/>
  <logger name='com.sun.xml.ws' level='WARNING' useParentHandlers='true'/>
  <logger name='oracle.clickhistory.EUM' level='NOTIFICATION:1' useParentHandlers='false'>
   <handler name='apps-clickhistory-handler'/>
  </logger>
  <logger name='oracle.soa.b2b.fabric' useParentHandlers='true'/>
  <logger name='oracle.soa.hc' useParentHandlers='true'/>
  <logger name='oracle.soa.hc.apptransport' useParentHandlers='true'/>
  <logger name='oracle.soa.hc.engine' useParentHandlers='true'/>
  <logger name='oracle.soa.hc.repository' useParentHandlers='true'/>
  <logger name='oracle.soa.hc.transport' useParentHandlers='true'/>
  <logger name='oracle.soa.hc.ui' useParentHandlers='true'/>
  <logger name='oracle.soa.hc.modelcfgfwk' useParentHandlers='true'/>
  <logger name='oracle.soa.hc.fabric' useParentHandlers='true'/>
  <logger name='oracle.soa.sql.trc.fabric' level='SEVERE' useParentHandlers='false'>
   <handler name='soa-tracking-trc-handler'/>
  </logger>
  <logger name='oracle.soa.adapter.aq' useParentHandlers='true'/>
  <logger name='oracle.soa.adapter.aq.inbound' useParentHandlers='true'/>
  <logger name='oracle.soa.adapter.aq.outbound' useParentHandlers='true'/>
  <logger name='oracle.soa.adapter.aq.connection' useParentHandlers='true'/>
  <logger name='oracle.soa.adapter.aq.transaction' useParentHandlers='true'/>
  <logger name='oracle.soa.adapter.apps' useParentHandlers='true'/>
  <logger name='oracle.soa.adapter.apps.inbound' useParentHandlers='true'/>
  <logger name='oracle.soa.adapter.apps.outbound' useParentHandlers='true'/>
  <logger name='oracle.soa.adapter.apps.sql' useParentHandlers='true'/>
  <logger name='oracle.soa.adapter.apps.connection' level='OFF' useParentHandlers='true'/>
  <logger name='oracle.soa.adapter.apps.transaction' level='OFF' useParentHandlers='true'/>
  <logger name='oracle.soa.adapter.apps.toplinkall' level='OFF' useParentHandlers='true'/>
  <logger name='oracle.soa.adapter.db' useParentHandlers='true'/>
  <logger name='oracle.soa.adapter.db.inbound' useParentHandlers='true'/>
  <logger name='oracle.soa.adapter.db.outbound' useParentHandlers='true'/>
  <logger name='oracle.soa.adapter.db.sql' useParentHandlers='true'/>
  <logger name='oracle.soa.adapter.db.connection' level='OFF' useParentHandlers='true'/>
  <logger name='oracle.soa.adapter.db.transaction' level='OFF' useParentHandlers='true'/>
  <logger name='oracle.soa.adapter.db.toplinkall' level='OFF' useParentHandlers='true'/>
  <logger name='oracle.soa.adapter.coherence' useParentHandlers='true'/>
  <logger name='oracle.soa.adapter.coherence.outbound' useParentHandlers='true'/>
  <logger name='oracle.soa.adapter.coherence.connection' useParentHandlers='true'/>
  <logger name='oracle.soa.adapter.coherence.transaction' useParentHandlers='true'/>
  <logger name='oracle.soa.adapter.file' useParentHandlers='true'/>
  <logger name='oracle.soa.adapter.file.inbound' useParentHandlers='true'/>
  <logger name='oracle.soa.adapter.file.outbound' useParentHandlers='true'/>
  <logger name='oracle.soa.adapter.file.connection' useParentHandlers='true'/>
  <logger name='oracle.soa.adapter.file.transaction' useParentHandlers='true'/>
  <logger name='oracle.soa.adapter.ftp' useParentHandlers='true'/>
  <logger name='oracle.soa.adapter.ftp.inbound' useParentHandlers='true'/>
  <logger name='oracle.soa.adapter.ftp.outbound' useParentHandlers='true'/>
  <logger name='oracle.soa.adapter.ftp.connection' useParentHandlers='true'/>
  <logger name='oracle.soa.adapter.jdeworld' useParentHandlers='true'/>
  <logger name='oracle.soa.adapter.jdeworld.outbound' useParentHandlers='true'/>
  <logger name='oracle.soa.adapter.jdeworld.sql' useParentHandlers='true'/>
  <logger name='oracle.soa.adapter.jdeworld.connection' level='OFF' useParentHandlers='true'/>
  <logger name='oracle.soa.adapter.jdeworld.transaction' level='OFF' useParentHandlers='true'/>
  <logger name='oracle.soa.adapter.jdeworld.toplinkall' level='OFF' useParentHandlers='true'/>
  <logger name='oracle.soa.adapter.jms' useParentHandlers='true'/>
  <logger name='oracle.soa.adapter.jms.inbound' useParentHandlers='true'/>
  <logger name='oracle.soa.adapter.jms.outbound' useParentHandlers='true'/>
  <logger name='oracle.soa.adapter.jms.connection' useParentHandlers='true'/>
  <logger name='oracle.soa.adapter.jms.transaction' useParentHandlers='true'/>
  <logger name='oracle.soa.adapter.ldap' useParentHandlers='true'/>
  <logger name='oracle.soa.adapter.ldap.inbound' useParentHandlers='true'/>
  <logger name='oracle.soa.adapter.ldap.outbound' useParentHandlers='true'/>
  <logger name='oracle.soa.adapter.ldap.connection' useParentHandlers='true'/>
  <logger name='oracle.soa.adapter.ldap.transaction' useParentHandlers='true'/>
  <logger name='oracle.soa.adapter.mq' useParentHandlers='true'/>
  <logger name='oracle.soa.adapter.mq.inbound' useParentHandlers='true'/>
  <logger name='oracle.soa.adapter.mq.outbound' useParentHandlers='true'/>
  <logger name='oracle.soa.adapter.mq.connection' useParentHandlers='true'/>
  <logger name='oracle.soa.adapter.mq.transaction' useParentHandlers='true'/>
  <logger name='oracle.soa.adapter.msmq' useParentHandlers='true'/>
  <logger name='oracle.soa.adapter.msmq.inbound' useParentHandlers='true'/>
  <logger name='oracle.soa.adapter.msmq.outbound' useParentHandlers='true'/>
  <logger name='oracle.soa.adapter.msmq.connection' useParentHandlers='true'/>
  <logger name='oracle.soa.adapter.msmq.transaction' useParentHandlers='true'/>
  <logger name='oracle.soa.adapter.ums' useParentHandlers='true'/>
  <logger name='oracle.soa.adapter.ums.inbound' useParentHandlers='true'/>
  <logger name='oracle.soa.adapter.ums.outbound' useParentHandlers='true'/>
  <logger name='oracle.soa.adapter.ums.connection' useParentHandlers='true'/>
  <logger name='oracle.soa.adapter.ums.transaction' useParentHandlers='true'/>
  <logger name='oracle.soa.adapter.socket' useParentHandlers='true'/>
  <logger name='oracle.soa.adapter.socket.inbound' useParentHandlers='true'/>
  <logger name='oracle.soa.adapter.socket.outbound' useParentHandlers='true'/>
  <logger name='oracle.soa.adapter.socket.connection' useParentHandlers='true'/>
  <logger name='oracle.soa.adapter.reports' useParentHandlers='true'/>
  <logger name='oracle.soa.translator' useParentHandlers='true'/>
  <logger name='oracle.soa.translator.nxsd' useParentHandlers='true'/>
  <logger name='oracle.integration' useParentHandlers='true'/>
  <logger name='oracle.integration.platform.blocks.cluster' useParentHandlers='true'/>
  <logger name='oracle.integration.platform.blocks.deploy.coordinator' useParentHandlers='true'/>
  <logger name='oracle.integration.platform.blocks.event.saq' useParentHandlers='true'/>
  <logger name='oracle.integration.platform.blocks.java' useParentHandlers='true'/>
  <logger name='oracle.integration.platform.blocks.rest' useParentHandlers='true'/>
  <logger name='oracle.integration.platform.faultpolicy' useParentHandlers='true'/>
  <logger name='oracle.integration.platform.testfwk' useParentHandlers='true'/>
  <logger name='oracle.soa' useParentHandlers='true'/>
  <logger name='oracle.soa.adapter' useParentHandlers='true'/>
  <logger name='oracle.soa.b2b' useParentHandlers='true'/>
  <logger name='oracle.soa.b2b.apptransport' useParentHandlers='true'/>
  <logger name='oracle.soa.b2b.engine' useParentHandlers='true'/>
  <logger name='oracle.soa.b2b.repository' useParentHandlers='true'/>
  <logger name='oracle.soa.b2b.transport' useParentHandlers='true'/>
  <logger name='oracle.soa.b2b.ui' useParentHandlers='true'/>
  <logger name='oracle.soa.bpel' useParentHandlers='true'/>
  <logger name='oracle.soa.bpel.console' useParentHandlers='true'/>
  <logger name='oracle.soa.bpel.engine' useParentHandlers='true'/>
  <logger name='oracle.soa.bpel.engine.activation' useParentHandlers='true'/>
  <logger name='oracle.soa.bpel.engine.agents' useParentHandlers='true'/>
  <logger name='oracle.soa.bpel.engine.bpel' useParentHandlers='true'/>
  <logger name='oracle.soa.bpel.engine.compiler' useParentHandlers='true'/>
  <logger name='oracle.soa.bpel.engine.data' useParentHandlers='true'/>
  <logger name='oracle.soa.bpel.engine.delivery' useParentHandlers='true'/>
  <logger name='oracle.soa.bpel.engine.deployment' useParentHandlers='true'/>
  <logger name='oracle.soa.bpel.engine.dispatch' useParentHandlers='true'/>
  <logger name='oracle.soa.bpel.engine.sensor' useParentHandlers='true'/>
  <logger name='oracle.soa.bpel.engine.translation' useParentHandlers='true'/>
  <logger name='oracle.soa.bpel.engine.ws' useParentHandlers='true'/>
  <logger name='oracle.soa.bpel.engine.xml' useParentHandlers='true'/>
  <logger name='oracle.soa.bpel.entity' useParentHandlers='true'/>
  <logger name='oracle.soa.bpel.jpa' useParentHandlers='true'/>
  <logger name='oracle.soa.bpel.system' useParentHandlers='true'/>
  <logger name='oracle.soa.dvm' useParentHandlers='true'/>
  <logger name='oracle.soa.management.facade.api' useParentHandlers='true'/>
  <logger name='oracle.soa.mediator' useParentHandlers='true'/>
  <logger name='oracle.soa.mediator.common' useParentHandlers='true'/>
  <logger name='oracle.soa.mediator.common.cache' useParentHandlers='true'/>
  <logger name='oracle.soa.mediator.common.error' useParentHandlers='true'/>
  <logger name='oracle.soa.mediator.common.error.recovery' useParentHandlers='true'/>
  <logger name='oracle.soa.mediator.common.message' useParentHandlers='true'/>
  <logger name='oracle.soa.mediator.dispatch' useParentHandlers='true'/>
  <logger name='oracle.soa.mediator.dispatch.resequencer.toplink' useParentHandlers='true'/>
  <logger name='oracle.soa.mediator.filter' useParentHandlers='true'/>
  <logger name='oracle.soa.mediator.instance' useParentHandlers='true'/>
  <logger name='oracle.soa.mediator.management' useParentHandlers='true'/>
  <logger name='oracle.soa.mediator.metadata' useParentHandlers='true'/>
  <logger name='oracle.soa.mediator.monitor' useParentHandlers='true'/>
  <logger name='oracle.soa.mediator.resequencer' useParentHandlers='true'/>
  <logger name='oracle.soa.mediator.resequencer.besteffort' useParentHandlers='true'/>
  <logger name='oracle.soa.mediator.resequencer.fifo' useParentHandlers='true'/>
  <logger name='oracle.soa.mediator.resequencer.standard' useParentHandlers='true'/>
  <logger name='oracle.soa.mediator.service' useParentHandlers='true'/>
  <logger name='oracle.soa.mediator.serviceEngine' useParentHandlers='true'/>
  <logger name='oracle.soa.mediator.transformation' useParentHandlers='true'/>
  <logger name='oracle.soa.mediator.utils' useParentHandlers='true'/>
  <logger name='oracle.soa.mediator.validation' useParentHandlers='true'/>
  <logger name='oracle.soa.scheduler' useParentHandlers='true'/>
  <logger name='oracle.soa.services.common' useParentHandlers='true'/>
  <logger name='oracle.soa.services.identity' useParentHandlers='true'/>
  <logger name='oracle.soa.services.notification' useParentHandlers='true'/>
  <logger name='oracle.soa.services.rules' useParentHandlers='true'/>
  <logger name='oracle.soa.services.rules.obrtrace' useParentHandlers='true'/>
  <logger name='oracle.soa.services.rules.performance' useParentHandlers='true'/>
  <logger name='oracle.soa.services.workflow' useParentHandlers='true'/>
  <logger name='oracle.soa.services.workflow.common' useParentHandlers='true'/>
  <logger name='oracle.soa.services.workflow.evidence' useParentHandlers='true'/>
  <logger name='oracle.soa.services.workflow.metadata' useParentHandlers='true'/>
  <logger name='oracle.soa.services.workflow.persistency' useParentHandlers='true'/>
  <logger name='oracle.soa.services.workflow.query' useParentHandlers='true'/>
  <logger name='oracle.soa.services.workflow.report' useParentHandlers='true'/>
  <logger name='oracle.soa.services.workflow.runtimeconfig' useParentHandlers='true'/>
  <logger name='oracle.soa.services.workflow.soa' useParentHandlers='true'/>
  <logger name='oracle.soa.services.workflow.task' useParentHandlers='true'/>
  <logger name='oracle.soa.services.workflow.task.dispatch' useParentHandlers='true'/>
  <logger name='oracle.soa.services.workflow.task.routing' useParentHandlers='true'/>
  <logger name='oracle.soa.services.workflow.user' useParentHandlers='true'/>
  <logger name='oracle.soa.services.workflow.verification' useParentHandlers='true'/>
  <logger name='oracle.soa.services.workflow.worklist' useParentHandlers='true'/>
  <logger name='oracle.soa.services.workflow.performance' useParentHandlers='true'/>
  <logger name='oracle.soa.services.cmds' useParentHandlers='true'/>
  <logger name='oracle.soa.wsif' useParentHandlers='true'/>
  <logger name='oracle.soa.xref' useParentHandlers='true'/>
  <logger name='oracle.soa.services.workflow.analytics' useParentHandlers='true'/>
  <logger name='oracle.soa.services.workflow.analytics.persistence' useParentHandlers='true'/>
  <logger name='oracle.soa.services.workflow.analytics.publisher' useParentHandlers='true'/>
  <logger name='oracle.soa.services.workflow.analytics.synthesizer' useParentHandlers='true'/>
  <logger name='oracle.sdp' useParentHandlers='true'/>
  <logger name='oracle.sdpinternal' useParentHandlers='true'/>
  <logger name='oracle.ucs' useParentHandlers='true'/>
  <logger name='oracle.ucsinternal' useParentHandlers='true'/>
 </loggers>
</logging_configuration>
