<?xml version="1.0" encoding="UTF-8"?>
<SOAConfigPlan xmlns:jca="http://platform.integration.oracle/blocks/adapter/fw/metadata" xmlns:wsp="http://schemas.xmlsoap.org/ws/2004/09/policy" xmlns:orawsp="http://schemas.oracle.com/ws/2006/01/policy" xmlns:edl="http://schemas.oracle.com/events/edl" xmlns="http://schemas.oracle.com/soa/configplan">
   <composite name="TroubleSomeComposite">
      <!--Add search and replace rules for the import section of a composite
	Example:
	<searchReplace>
		<search>http://my-dev-server</search>
		<replace>http://my-test-server</replace>
	<searchReplace>
	<searchReplace>
		<search>8888</search>
		<replace>8889</replace>
	<searchReplace>-->
      <import>
         <searchReplace>
            <search/>
            <replace/>
         </searchReplace>
      </import>
      <!--Add search and replace rules for the service properties-->
      <service name="NewProdFileService">
         <property name="prd_dir">
            <replace></replace>
         </property>
         <binding type="jca"/>
      </service>
      <service name="InsProdMediator_ep">
         <!--Add search and replace rules for the binding properties-->
         <binding type="ws">
            <attribute name="port">
               <replace>http://xmlns.oracle.com/pcbpel/adapter/file/lesson19/TroubleSomeComposite/NewProdFileService#wsdl.endpoint(InsProdMediator/Read_pt)</replace>
            </attribute>
            <property name="weblogic.wsee.wsat.transaction.flowOption">
               <replace>NEVER</replace>
            </property>
         </binding>
      </service>
      <!--Add search and replace rules for the component properties
	For components and service/reference bindings, you can add policy references.
	Example:
	<component name="*">
		<wsp:PolicyReference orawsp:category="management" orawsp:status="enabled" URI="oracle/log_policy"/>
	</component>-->
      <!--Add search and replace rules for the reference properties
	Example:
	<searchReplace>
		<search>http://my-dev-server</search>
		<replace>http://my-test-server</replace>
	<searchReplace>
	<searchReplace>
		<search>8888
		<replace>8889</replace>
	<searchReplace>
	or provide a new replace value like:
	<replace>http://my-new-server:8889/myservice</replace>-->
      <reference name="InsProdDBAdapter">
         <property name="jca.retry.count">
            <replace>4</replace>
         </property>
         <property name="jca.retry.interval">
            <replace>1</replace>
         </property>
         <property name="jca.retry.backoff">
            <replace>2</replace>
         </property>
         <property name="jca.retry.maxInterval">
            <replace>120</replace>
         </property>
         <binding type="jca"/>
      </reference>
   </composite>
   <!--To configure monitor.config: 
	<property name="enabled"><replace>true</replace></property>
	<property name="dataObjectsFolder"><searchReplace><search>mydev</search><replace>myproduction</replace></searchReplace></property>
	
	sample properties to configure for file/ftp adapter: 
	<jca:property name="PhysicalDirectory"><replace>c:\temp</replace></jca:property>
	<jca:property name="DeleteFile"><replace>true</replace></jca:property>
	<jca:property name="PollingFrequency"><replace>3</replace></jca:property>
	
	To add search and replace rules for wsdls, xsd and jca files
	Example:
	<searchReplace>
		<search>http://my-dev-server</search>
		<replace>http://my-test-server</replace>
	<searchReplace>
	<searchReplace>
		<search>8888</search>
		<replace>8889</replace>
	<searchReplace>
	-->
   <wsdlAndSchema name="InsProdDBAdapter.wsdl|InsProdDBAdapter_db.jca|NewProdFileService.wsdl|NewProdFileService_file.jca|xsd/InsProdDBAdapter_table.xsd|xsd/product.xsd">
      <searchReplace>
         <search>eis/DB/demo</search>
         <replace>eis/DB/soademo</replace>
      </searchReplace>
   </wsdlAndSchema>
</SOAConfigPlan>
