<?xml version="1.0" encoding="UTF-8"?>
<con:config-security xmlns:con="http://xmlns.oracle.com/cie/config/config-security">
  <con:securityProvider>OPSS</con:securityProvider>
  <con:persistenceType>UNKNOWN</con:persistenceType>
  <con:scratchDir>$DOMAIN_HOME$/scratch</con:scratchDir>
  <con:platform>WLS</con:platform>
  <con:providerJar>$Generated_oracle_common_0.0.0.0_ORACLE_HOME$/modules/oracle.jps_12.1.3/jps-manifest.jar</con:providerJar>
  <con:providerFactory>oracle.security.opss.tools.lifecycle.cie.OpssSecurityConfigurationFactory</con:providerFactory>
  <con:initialised>true</con:initialised>
</con:config-security>