<?xml version="1.0" encoding="UTF-8"?>
<config-owsm-resources xmlns="http://xmlns.oracle.com/config/owsm-resources">
  <config-owsm>
    <config-files template="Oracle WSM Policy Manager">
      <config-file>$oracle.wsm.jrf_12.1.3.0.0/oracle_common_ORACLE_HOME$/owsm/artifacts/wsm/wsm-seed-policies.jar</config-file>
    </config-files>
  </config-owsm>
  <owsm-enabled>true</owsm-enabled>
  <owsm-jar-location>$oracle.wsm.jrf_12.1.3.0.0/oracle_common_ORACLE_HOME$/modules/oracle.wsm.common_12.1.3/wsm-manifest.jar</owsm-jar-location>
  <owsm-factory>oracle.wsm.seeding.OwsmConfigurationFactoryImpl</owsm-factory>
</config-owsm-resources>