<?xml version="1.0" encoding="UTF-8"?>
<nod:nodeManagerInfo xmlns:nod="http://xmlns.oracle.com/cie/nodemanager">
  <nod:userName>weblogic</nod:userName>
  <nod:password>{AES}HNhcMX+pTAgTwaheXvYbOKPUGq/meD/4P/8SX70BXh0=</nod:password>
  <nod:nodeManagerHome>/u02/oracle/config/domains/edg_domain/nodemanager</nod:nodeManagerHome>
  <nod:perDomainNodeManager>true</nod:perDomainNodeManager>
  <nod:customLocationNodeManager>false</nod:customLocationNodeManager>
  <nod:manualNodeManagerSetup>false</nod:manualNodeManagerSetup>
</nod:nodeManagerInfo>