<?xml version="1.0" encoding="UTF-8"?>
<config-mapping xmlns="http://xmlns.oracle.com/weblogic/config-mapping">
  <bind>
    <xml-bind>
      <custom-target-file-loc>config/fmwconfig/wsm-ccw-config.xml</custom-target-file-loc>
      <bind-attribute reprocess="true" processed="true">
        <input-data-src>
          <service-table>
            <service-id>urn:oracle:fmw.owsm-pm:t3</service-id>
            <entry-type>t3</entry-type>
            <xpath>./urls/plain</xpath>
          </service-table>
        </input-data-src>
        <output-data-target>
          <target-xpath>./properties/property[@category='CCWConfig' and @name='pm.url.t3']/value</target-xpath>
        </output-data-target>
      </bind-attribute>
      <bind-attribute reprocess="true" processed="true">
        <input-data-src>
          <service-table>
            <service-id>urn:oracle:fmw.owsm-pm:t3</service-id>
            <entry-type>t3</entry-type>
            <xpath>./urls/ssl</xpath>
          </service-table>
        </input-data-src>
        <output-data-target>
          <target-xpath>./properties/property[@category='CCWConfig' and @name='pm.url.t3s']/value</target-xpath>
        </output-data-target>
      </bind-attribute>
      <bind-attribute reprocess="true" processed="true">
        <input-data-src>
          <service-table>
            <service-id>urn:oracle:fmw.owsm-pm:http</service-id>
            <entry-type>jaxWS</entry-type>
            <xpath>./urls/plain</xpath>
          </service-table>
        </input-data-src>
        <output-data-target>
          <target-xpath>./properties/property[@category='CCWConfig' and @name='pm.url.http']/value</target-xpath>
        </output-data-target>
      </bind-attribute>
      <bind-attribute reprocess="true" processed="true">
        <input-data-src>
          <service-table>
            <service-id>urn:oracle:fmw.owsm-pm:http</service-id>
            <entry-type>jaxWS</entry-type>
            <xpath>./urls/ssl</xpath>
          </service-table>
        </input-data-src>
        <output-data-target>
          <target-xpath>./properties/property[@category='CCWConfig' and @name='pm.url.https']/value</target-xpath>
        </output-data-target>
      </bind-attribute>
    </xml-bind>
    <xml-bind>
      <custom-target-file-loc>config/fmwconfig/soa-ess-config.xml</custom-target-file-loc>
      <bind-attribute reprocess="true" processed="true">
        <input-data-src>
          <service-table>
            <service-id>urn:oracle:fmw.ess:t3</service-id>
            <entry-type>t3</entry-type>
            <xpath>./urls/default</xpath>
          </service-table>
        </input-data-src>
        <output-data-target>
          <target-xpath>./properties/entry[@key='ESS_JNDI_PROVIDER_URL']</target-xpath>
        </output-data-target>
      </bind-attribute>
    </xml-bind>
  </bind>
  <publish>
    <service type="NEW" service-id="urn:oracle:fmw.wiring.frontend" service-type="fmw.wiring.frontend">
      <publish-attribute reprocess="true">
        <input-data-src>
          <fixed-value/>
        </input-data-src>
        <output-data-target>
          <target-url>PLAIN_URL</target-url>
          <entry-type>jaxWS</entry-type>
        </output-data-target>
      </publish-attribute>
      <publish-attribute reprocess="true">
        <input-data-src>
          <fixed-value/>
        </input-data-src>
        <output-data-target>
          <target-url>SSL_URL</target-url>
          <entry-type>jaxWS</entry-type>
        </output-data-target>
      </publish-attribute>
      <publish-attribute reprocess="true">
        <input-data-src>
          <fixed-value/>
        </input-data-src>
        <output-data-target>
          <target-url>DEFAULT_URL</target-url>
          <entry-type>jaxWS</entry-type>
        </output-data-target>
      </publish-attribute>
    </service>
    <service type="NEW" service-id="urn:oracle:fmw.owsm-pm:t3" service-type="OWSM Policy Manager">
      <publish-attribute reprocess="true" processed="true">
        <input-data-src>
          <auto-url-gen>
            <app-svc-name>wsm-pm</app-svc-name>
            <protocol>t3</protocol>
          </auto-url-gen>
        </input-data-src>
        <output-data-target>
          <target-url>ALL_URL</target-url>
          <entry-type>t3</entry-type>
        </output-data-target>
      </publish-attribute>
    </service>
    <service type="NEW" service-id="urn:oracle:fmw.owsm-pm:http" service-type="OWSM Policy Manager">
      <publish-attribute reprocess="true" processed="true">
        <input-data-src>
          <auto-url-gen>
            <app-svc-name>wsm-pm</app-svc-name>
            <context-path>/wsm-pmrest</context-path>
            <protocol>http</protocol>
          </auto-url-gen>
        </input-data-src>
        <output-data-target>
          <target-url>ALL_URL</target-url>
          <entry-type>jaxWS</entry-type>
        </output-data-target>
      </publish-attribute>
    </service>
    <service type="NEW" service-id="urn:oracle:fmw.owsm-pm.mod_weblogic" service-type="mod_weblogic">
      <publish-attribute reprocess="true" processed="true">
        <input-data-src>
          <auto-url-gen>
            <app-svc-name>wsm-pm</app-svc-name>
            <protocol>t3</protocol>
          </auto-url-gen>
        </input-data-src>
        <output-data-target>
          <target-url>ALL_URL</target-url>
          <entry-type>t3</entry-type>
        </output-data-target>
      </publish-attribute>
      <publish-attribute processed="true">
        <input-data-src>
          <fixed-value>/wsm-pm</fixed-value>
        </input-data-src>
        <output-data-target>
          <target-xpath>./t3policy[policy-name='MOD_WEBLOGIC_POLICY']/properties/property[name='Location']</target-xpath>
          <entry-type>t3Policy</entry-type>
        </output-data-target>
      </publish-attribute>
    </service>
    <service type="NEW" service-id="urn:oracle:fmw.em.mod_weblogic" service-type="mod_weblogic">
      <publish-attribute reprocess="true" processed="true">
        <input-data-src>
          <auto-url-gen>
            <app-svc-name>em</app-svc-name>
            <protocol>t3</protocol>
          </auto-url-gen>
        </input-data-src>
        <output-data-target>
          <target-url>ALL_URL</target-url>
          <entry-type>t3</entry-type>
        </output-data-target>
      </publish-attribute>
      <publish-attribute processed="true">
        <input-data-src>
          <fixed-value>/em</fixed-value>
        </input-data-src>
        <output-data-target>
          <target-xpath>./t3policy[policy-name='MOD_WEBLOGIC_POLICY']/properties/property[name='Location']</target-xpath>
          <entry-type>t3Policy</entry-type>
        </output-data-target>
      </publish-attribute>
    </service>
    <service type="NEW" service-id="urn:oracle:fmw.soa:t3" service-type="fmw.soa:t3">
      <publish-attribute reprocess="true" processed="true">
        <input-data-src>
          <auto-url-gen>
            <app-svc-name>soa-infra</app-svc-name>
            <protocol>t3</protocol>
          </auto-url-gen>
        </input-data-src>
        <output-data-target>
          <target-url>ALL_URL</target-url>
          <entry-type>t3</entry-type>
        </output-data-target>
      </publish-attribute>
    </service>
    <service type="NEW" service-id="urn:oracle:fmw.soa.infra.mod_weblogic" service-type="mod_weblogic">
      <publish-attribute reprocess="true" processed="true">
        <input-data-src>
          <auto-url-gen>
            <app-svc-name>soa-infra</app-svc-name>
            <protocol>t3</protocol>
          </auto-url-gen>
        </input-data-src>
        <output-data-target>
          <target-url>ALL_URL</target-url>
          <entry-type>t3</entry-type>
        </output-data-target>
      </publish-attribute>
      <publish-attribute processed="true">
        <input-data-src>
          <fixed-value>/soa-infra</fixed-value>
        </input-data-src>
        <output-data-target>
          <target-xpath>./t3policy[policy-name='MOD_WEBLOGIC_POLICY']/properties/property[name='Location']</target-xpath>
          <entry-type>t3Policy</entry-type>
        </output-data-target>
      </publish-attribute>
    </service>
    <service type="NEW" service-id="urn:oracle:fmw.soa.composer.mod_weblogic" service-type="mod_weblogic">
      <publish-attribute reprocess="true" processed="true">
        <input-data-src>
          <auto-url-gen>
            <app-svc-name>soa-webapps</app-svc-name>
            <protocol>t3</protocol>
          </auto-url-gen>
        </input-data-src>
        <output-data-target>
          <target-url>ALL_URL</target-url>
          <entry-type>t3</entry-type>
        </output-data-target>
      </publish-attribute>
      <publish-attribute processed="true">
        <input-data-src>
          <fixed-value>/soa/composer</fixed-value>
        </input-data-src>
        <output-data-target>
          <target-xpath>./t3policy[policy-name='MOD_WEBLOGIC_POLICY']/properties/property[name='Location']</target-xpath>
          <entry-type>t3Policy</entry-type>
        </output-data-target>
      </publish-attribute>
    </service>
    <service type="NEW" service-id="urn:oracle:fmw.worklistapp.mod_weblogic" service-type="mod_weblogic">
      <publish-attribute reprocess="true" processed="true">
        <input-data-src>
          <auto-url-gen>
            <app-svc-name>worklistapp</app-svc-name>
            <protocol>t3</protocol>
          </auto-url-gen>
        </input-data-src>
        <output-data-target>
          <target-url>ALL_URL</target-url>
          <entry-type>t3</entry-type>
        </output-data-target>
      </publish-attribute>
      <publish-attribute processed="true">
        <input-data-src>
          <fixed-value>/integration/worklistapp</fixed-value>
        </input-data-src>
        <output-data-target>
          <target-xpath>./t3policy[policy-name='MOD_WEBLOGIC_POLICY']/properties/property[name='Location']</target-xpath>
          <entry-type>t3Policy</entry-type>
        </output-data-target>
      </publish-attribute>
    </service>
    <service type="NEW" service-id="urn:oracle:fmw.todo-taskflow.mod_weblogic" service-type="mod_weblogic">
      <publish-attribute reprocess="true" processed="true">
        <input-data-src>
          <auto-url-gen>
            <app-svc-name>DefaultToDoTaskFlow</app-svc-name>
            <protocol>t3</protocol>
          </auto-url-gen>
        </input-data-src>
        <output-data-target>
          <target-url>ALL_URL</target-url>
          <entry-type>t3</entry-type>
        </output-data-target>
      </publish-attribute>
      <publish-attribute processed="true">
        <input-data-src>
          <fixed-value>/workflow/DefaultToDoTaskFlow</fixed-value>
        </input-data-src>
        <output-data-target>
          <target-xpath>./t3policy[policy-name='MOD_WEBLOGIC_POLICY']/properties/property[name='Location']</target-xpath>
          <entry-type>t3Policy</entry-type>
        </output-data-target>
      </publish-attribute>
    </service>
  </publish>
</config-mapping>