<?xml version="1.0" encoding="UTF-8"?>
<config-groups topology-profile="Expanded" disabled="true" xmlns="http://xmlns.oracle.com/weblogic/config-groups">
  <app-svc-groups>
    <group name="RULES-WEBAPP-LIBS">
      <library name="oracle.soa.rules_dict_dc.webapp#11.1.1@11.1.1"/>
    </group>
    <group name="ADAPTERS-MAIN-LIBS">
      <library name="oracle.soa.common.resequencer#12.1.1@12.1.2"/>
      <library name="oracle.soa.common.dvmxref#12.1.1@12.1.2"/>
      <library name="oracle.soa.commonconsole.webapp#12.1.2@12.1.2"/>
      <library name="oracle.cloud.adapter#12.1.3@12.1.2"/>
      <library name="oracle.soa.commonconsole.dependencies#12.1.2@12.1.2"/>
      <library name="oracle.adapter.ext#12.1.2@12.1.2"/>
    </group>
    <group name="UMS-DRIVER-VOICEXML-APP" default-targeting="false">
      <app-deployment name="usermessagingdriver-voicexml" default-targeting="false"/>
    </group>
    <group name="BPM-JMS-RESOURCES">
      <jms-system-resource name="BPMJMSModule"/>
    </group>
    <group name="UMS-ALL-APPS" default-targeting="false">
      <jdbc-system-resource name="OraSDPMDataSource" default-targeting="false"/>
      <group-ref name="UMS-DRIVER-EXTENSION-APP"/>
      <group-ref name="UMS-DRIVER-VOICEXML-APP"/>
      <group-ref name="UMS-DRIVER-TWITTER-APP"/>
      <group-ref name="UMS-MAIN-APPS"/>
      <group-ref name="UMS-DRIVER-XMPP-APP"/>
      <group-ref name="UMS-DRIVER-EMAIL-APP"/>
      <group-ref name="UMS-DRIVER-SMPP-APP"/>
    </group>
    <group name="SOA-BPEL-LIBS">
      <library name="oracle.soa.bpel#11.1.1@12.1.2"/>
    </group>
    <group name="RULES-MAIN-APPS">
      <library name="oracle.rules#11.1.1@12.1.3"/>
    </group>
    <group name="SOA-WORKLIST-LIBS">
      <library name="oracle.soa.worklist#11.1.1@12.1.2"/>
    </group>
    <group name="SOA-ADMIN-APPS">
      <jdbc-system-resource name="mds-soa"/>
    </group>
    <group name="JRF-WS-CORE-ALL-APPS">
      <startup-class name="Web Services Startup Class"/>
      <app-deployment name="wsil-wls#12.1.3.0.0"/>
    </group>
    <group name="SOA-MAIN-LIBS">
      <library name="oracle.soa.xquery#11.1.1@12.1.2"/>
      <library name="oracle.soa.apps#11.1.1@12.1.2"/>
      <library name="oracle.soa.composer.webapp#11.1.1@12.1.2"/>
      <library name="oracle.soa.mediator#11.1.1@12.1.2"/>
      <library name="oracle.soa.workflow#11.1.1@12.1.2"/>
      <library name="oracle.soa.ext#11.1.1@12.1.2"/>
    </group>
    <group name="UMS-DRIVER-TWITTER-APP" default-targeting="false">
      <app-deployment name="usermessagingdriver-twitter" default-targeting="false"/>
    </group>
    <group name="SOA-MGMT-WEBAPP-LIBS">
      <library name="oracle.soa.management.webapp#12.1.2@12.1.2"/>
      <library name="oracle.bpm.management.webapp#12.1.3@12.1.3"/>
    </group>
    <group name="WSM-CACHE-APPS">
      <startup-class name="WSM Startup Class"/>
    </group>
    <group name="UMS-DRIVER-XMPP-APP" default-targeting="false">
      <app-deployment name="usermessagingdriver-xmpp" default-targeting="false"/>
    </group>
    <group name="UMS-WLS-JMS" default-targeting="false">
      <jms-system-resource name="UMSJMSSystemResource" default-targeting="false"/>
    </group>
    <group name="WEBCENTER_SKIN-MAIN-APPS">
      <jdbc-system-resource name="opss-data-source"/>
      <jdbc-system-resource name="opss-audit-DBDS"/>
      <jdbc-system-resource name="opss-audit-viewDS"/>
      <library name="oracle.webcenter.skin#2.0@12.1.3"/>
      <group-ref name="JRF-ALL-APPS"/>
    </group>
    <group name="ADAPTERS-CORE-APPS">
      <app-deployment name="DbAdapter"/>
      <app-deployment name="FileAdapter"/>
      <app-deployment name="FtpAdapter"/>
      <app-deployment name="JmsAdapter"/>
      <app-deployment name="AqAdapter"/>
    </group>
    <group name="UMS-DRIVER-SMPP-APP" default-targeting="false">
      <app-deployment name="usermessagingdriver-smpp" default-targeting="false"/>
    </group>
    <group name="em-core-main-apps">
      <library name="emcoresdk_jar#11.2.0.1.0@12.1.0.0.0"/>
      <library name="emcore"/>
      <library name="emagentsdkimpl_jar#11.2.0.1.0@12.1.0.3.0"/>
      <library name="emagentsdk_jar#11.2@12.1.0.3.0"/>
      <library name="emcoreclient_jar"/>
      <library name="log4j_jar#1.3@1.2.15"/>
      <library name="em_sdkcore_ppc_public_pojo_jar"/>
      <library name="emcorepbs_jar"/>
      <library name="emagentsdkimplpriv_jar#11.2.0.1.0@12.1.0.3.0"/>
      <library name="emcoreconsole_jar"/>
      <library name="emcoreintsdk_jar#11.2.0.1.0@12.1.0.0.0"/>
      <library name="emcore_jar"/>
      <library name="emcorecommon_jar"/>
      <library name="emcoresdkimpl_jar#11.2.0.1.0@12.1.0.0.0"/>
      <library name="em_core_ppc_pojo_jar"/>
    </group>
    <group name="SOA-XTRA-APPS" default-targeting="false">
      <app-deployment name="b2bui" default-targeting="false"/>
    </group>
    <group name="WSM-CONSOLE-CORE-LIBS">
      <library name="oracle.wsm.console.core.view#1.0@12.1.3.0"/>
    </group>
    <group name="ADAPTERS-XTRA-APPS" default-targeting="false">
      <app-deployment name="SAPAdapter" default-targeting="false"/>
      <app-deployment name="OracleAppsAdapter" default-targeting="false"/>
      <app-deployment name="CoherenceAdapter" default-targeting="false"/>
      <app-deployment name="MQSeriesAdapter" default-targeting="false"/>
      <app-deployment name="MSMQAdapter" default-targeting="false"/>
      <app-deployment name="OracleBamAdapter" default-targeting="false"/>
      <app-deployment name="SocketAdapter" default-targeting="false"/>
      <app-deployment name="JDEWorldAdapter" default-targeting="false"/>
      <app-deployment name="LdapAdapter" default-targeting="false"/>
      <app-deployment name="UMSAdapter" default-targeting="false"/>
    </group>
    <group name="SOA-WORKFLOW-WCLIB">
      <library name="oracle.soa.worklist.webapp#11.1.1@11.1.1"/>
      <library name="oracle.soa.workflow.wc#11.1.1@12.1.2"/>
    </group>
    <group name="UMS-AQ-JMS" default-targeting="false">
      <jms-system-resource name="UMSAQJMSSystemResource" default-targeting="false"/>
    </group>
    <group name="COMMONCONSOLE-MAIN-LIBS" default-targeting="false">
      <library name="oracle.soa.commonconsole.webapp#12.1.2@12.1.2" default-targeting="false"/>
      <library name="oracle.soa.commonconsole.dependencies#12.1.2@12.1.2" default-targeting="false"/>
    </group>
    <group name="JRF-ADMIN-APPS"/>
    <group name="WSMPM-MAIN-APPS">
      <jdbc-system-resource name="mds-owsm" default-targeting="true"/>
      <file-store name="mds-owsm" default-targeting="true"/>
      <app-deployment name="wsm-pm"/>
    </group>
    <group name="UMS-DRIVER-EMAIL-APP" default-targeting="false">
      <app-deployment name="usermessagingdriver-email" default-targeting="false"/>
    </group>
    <group name="SOA-MAIN-APPS">
      <work-manager name="default_bpmnInvoke"/>
      <work-manager name="default_Analytics"/>
      <work-manager name="default_Adapters"/>
      <work-manager name="default_bpmnSystem"/>
      <work-manager name="default_MediatorParallelRouting"/>
      <work-manager name="wm/SOAWorkManager"/>
      <work-manager name="default_bpmnEngine"/>
      <work-manager name="default_bpmnNonBlock"/>
      <work-manager name="default_dspNonBlock"/>
      <work-manager name="default_dspSystem"/>
      <work-manager name="SOA_Default_WM"/>
      <work-manager name="SOA_DataSourceBound_WM"/>
      <work-manager name="default_MediatorErrorHandling"/>
      <work-manager name="SOA_Notification_WM"/>
      <work-manager name="default_dspEngine"/>
      <work-manager name="default_dspInvoke"/>
      <work-manager name="default_ResequencerProcessing"/>
      <work-manager name="SOA_EDN_WM"/>
      <work-manager name="SOA_Request_WM"/>
      <jdbc-system-resource name="SOADataSource"/>
      <jdbc-system-resource name="EDNLocalTxDataSource"/>
      <jdbc-system-resource name="mds-soa"/>
      <jdbc-system-resource name="EDNDataSource"/>
      <jdbc-system-resource name="SOALocalTxDataSource"/>
      <jms-system-resource name="SOAJMSModule"/>
      <fair-share-request-class name="soa_fairShare_20"/>
      <fair-share-request-class name="soa_fairShare_80"/>
      <startup-class name="SOAStartupClass"/>
      <capacity name="analytics_maxEventsToBuffer"/>
      <app-deployment name="worklistapp"/>
      <app-deployment name="soa-webapps"/>
      <app-deployment name="soa-infra"/>
      <app-deployment name="DefaultToDoTaskFlow"/>
      <min-threads-constraint name="default_dspEngine_minThreads_1"/>
      <min-threads-constraint name="default_ResequencerProcessing_minThreads_1"/>
      <min-threads-constraint name="default_bpmnEngine_minThreads_1"/>
      <min-threads-constraint name="default_dspInvoke_minThreads_1"/>
      <min-threads-constraint name="default_dspNonBlock_minThreads_1"/>
      <min-threads-constraint name="SOA_Request_WM_minThreads_1"/>
      <min-threads-constraint name="default_dspSystem_minThreads_1"/>
      <min-threads-constraint name="default_bpmnNonBlock_minThreads_1"/>
      <min-threads-constraint name="default_MediatorErrorHandling_minThreads_1"/>
      <min-threads-constraint name="default_bpmnSystem_minThreads_1"/>
      <min-threads-constraint name="default_bpmnInvoke_minThreads_1"/>
      <min-threads-constraint name="default_MediatorParallelRouting_minThreads_1"/>
      <max-threads-constraint name="SOAIncomingRequests_maxThreads"/>
      <max-threads-constraint name="SOAInternalProcessing_maxThreads"/>
    </group>
    <group name="WEBCENTER_SKIN-ADMIN-APPS">
      <jdbc-system-resource name="opss-data-source"/>
      <jdbc-system-resource name="opss-audit-DBDS"/>
      <jdbc-system-resource name="opss-audit-viewDS"/>
      <library name="oracle.webcenter.skin#2.0@12.1.3"/>
      <group-ref name="JRF-ALL-APPS"/>
    </group>
    <group name="UMS-DRIVER-EXTENSION-APP" default-targeting="false">
      <app-deployment name="usermessagingdriver-extension" default-targeting="false"/>
    </group>
    <group name="WEBCENTER_COMPOSER-MAIN-APPS">
      <jdbc-system-resource name="opss-data-source"/>
      <jdbc-system-resource name="opss-audit-DBDS"/>
      <jdbc-system-resource name="opss-audit-viewDS"/>
      <library name="oracle.webcenter.composer#2.0@12.1.3"/>
      <group-ref name="WEBCENTER_SKIN-MAIN-APPS"/>
    </group>
    <group name="WEBCENTER_COMPOSER-ADMIN-APPS">
      <jdbc-system-resource name="opss-data-source"/>
      <jdbc-system-resource name="opss-audit-DBDS"/>
      <jdbc-system-resource name="opss-audit-viewDS"/>
      <library name="oracle.webcenter.composer#2.0@12.1.3"/>
      <group-ref name="WEBCENTER_SKIN-ADMIN-APPS"/>
    </group>
    <group name="STATE-MANAGEMENT-MEMORY-ALL-APPS">
      <app-deployment name="state-management-provider-memory-rar-12.1.3" default-targeting="true"/>
    </group>
    <group name="em-as-main-apps">
      <library name="emas"/>
      <app-deployment name="em"/>
    </group>
    <group name="UMS-MAIN-APPS">
      <jdbc-system-resource name="OraSDPMDataSource" default-targeting="false"/>
      <library name="oracle.ucs.userprefs.webapp#2.0@12.1.3"/>
      <library name="oracle.sdp.messaging#2.0@12.1.3"/>
      <app-deployment name="usermessagingserver" default-targeting="false"/>
    </group>
    <group name="em-soa-mgmt-apps">
      <library name="soa.em"/>
      <library name="emai.fmwctrl.dep"/>
    </group>
    <group name="ADAPTERS-MAIN-APPS" default-targeting="false">
      <app-deployment name="DbAdapter" default-targeting="false"/>
      <app-deployment name="FileAdapter" default-targeting="false"/>
      <app-deployment name="JmsAdapter" default-targeting="false"/>
      <app-deployment name="FtpAdapter" default-targeting="false"/>
      <app-deployment name="AqAdapter" default-targeting="false"/>
    </group>
    <group name="WSMPM-ADMIN-APPS">
      <jdbc-system-resource name="mds-owsm" default-targeting="true"/>
    </group>
    <group name="JRF-ALL-APPS">
      <jdbc-system-resource name="opss-data-source"/>
      <jdbc-system-resource name="opss-audit-DBDS"/>
      <jdbc-system-resource name="opss-audit-viewDS"/>
      <startup-class name="DMS-Startup"/>
      <startup-class name="JPS Startup Post-Activation Class"/>
      <startup-class name="AWT Application Context Startup Class"/>
      <startup-class name="JPS Startup Class"/>
      <startup-class name="WSM Startup Class"/>
      <startup-class name="JRF Startup Class"/>
      <startup-class name="ODL-Startup"/>
      <library name="UIX#11@12.1.3.0.0"/>
      <library name="oracle.adf.desktopintegration#1.0@12.1.3.0.0"/>
      <library name="oracle.jrf.system.filter"/>
      <library name="ohw-uix#5@12.1.3.0.0"/>
      <library name="oracle.wsm.seedpolicies#2.0@12.1.3"/>
      <library name="oracle.bi.adf.model.slib#1.0@12.1.3.0.0"/>
      <library name="oracle.bi.adf.webcenter.slib#1.0@12.1.3.0.0"/>
      <library name="orai18n-adf#11@11.1.1.1.0"/>
      <library name="oracle.pwdgen#2.0@12.1.3"/>
      <library name="owasp.esapi#2.0@12.1.3"/>
      <library name="ohw-rcf#5@12.1.3.0.0"/>
      <library name="odl.clickhistory#1.0@12.1.3"/>
      <library name="oracle.bi.jbips#11.1.1@0.1"/>
      <library name="odl.clickhistory.webapp#1.0@12.1.3"/>
      <library name="oracle.adf.management#1.0@12.1.3.0.0"/>
      <library name="oracle.adf.desktopintegration.model#1.0@12.1.3.0.0"/>
      <library name="oracle.dconfig-infra#2.0@12.1.3"/>
      <library name="adf.oracle.businesseditor#1.0@12.1.3.0.0"/>
      <library name="oracle.sdp.client#2.0@12.1.3"/>
      <library name="jsf#2.1@2.1.7-01-"/>
      <library name="adf.oracle.domain#1.0@12.1.3.0.0"/>
      <library name="oracle.jsp.next#12.1.3@12.1.3"/>
      <library name="jstl#1.2@1.2.0.1"/>
      <library name="oracle.bi.composer#11.1.1@0.1"/>
      <library name="oracle.bi.adf.view.slib#1.0@12.1.3.0.0"/>
      <library name="adf.oracle.domain.webapp#1.0@12.1.3.0.0"/>
      <library name="oracle.adf.dconfigbeans#1.0@12.1.3.0.0"/>
      <wldf-system-resource name="Module-FMWDFW"/>
      <shutdown-class name="DMSShutdown"/>
      <app-deployment name="coherence-transaction-rar"/>
      <app-deployment name="DMS Application#12.1.3.0.0"/>
      <group-ref name="JRF-WS-CORE-ALL-APPS"/>
      <group-ref name="STATE-MANAGEMENT-MEMORY-ALL-APPS"/>
    </group>
    <group name="ESS-THIN-CLIENT-APPS">
      <library name="oracle.ess.thin.client#12@12.1.3.0.0"/>
    </group>
    <group name="LOCAL-SVCTBL-DATASOURCE">
      <jdbc-system-resource name="LocalSvcTblDataSource"/>
    </group>
  </app-svc-groups>
  <domain-topology>
    <server-group name="WSM-CACHE-SVR" user-expandable="true" processed="true">
      <server-name>soa_server1</server-name>
      <server-name>soa_server2</server-name>
    </server-group>
    <server-group name="UMS-DRIVER-VOICEXML-MGD-SVR" user-expandable="true" processed="true"/>
    <server-group name="WEBCENTER_COMPOSER-ADMIN-SVR" admin-server="true" processed="true">
      <server-name>AdminServer</server-name>
    </server-group>
    <server-group name="UMS-DRIVER-TWITTER-MGD-SVR" user-expandable="true" processed="true"/>
    <server-group name="SOA-MGD-SVRS" user-expandable="true" processed="true">
      <server-name>soa_server1</server-name>
      <server-name>soa_server2</server-name>
    </server-group>
    <server-group name="SOA-ADMIN-SVR" admin-server="true" processed="true">
      <server-name>AdminServer</server-name>
    </server-group>
    <server-group name="JRF-ADMIN-SVR" admin-server="true" processed="true">
      <server-name>AdminServer</server-name>
    </server-group>
    <server-group name="WSMPM-MAN-SVR" user-expandable="true" processed="true">
      <server-name>soa_server1</server-name>
      <server-name>soa_server2</server-name>
    </server-group>
    <server-group name="em-core-main-svrs" admin-server="true" processed="true">
      <server-name>AdminServer</server-name>
    </server-group>
    <server-group name="RULES-ADMIN-SVR" admin-server="true" processed="true">
      <server-name>AdminServer</server-name>
    </server-group>
    <server-group name="JRF-MAN-SVR" user-expandable="true" processed="true">
      <server-name>soa_server1</server-name>
      <server-name>soa_server2</server-name>
    </server-group>
    <server-group name="LOCAL-SVCTBL-DATASOURCE-SVR" admin-server="true" processed="true">
      <server-name>AdminServer</server-name>
    </server-group>
    <server-group name="UMS-DRIVER-SMPP-MGD-SVR" user-expandable="true" processed="true"/>
    <server-group name="SOA-MGD-SVRS-ONLY" user-expandable="true" processed="true"/>
    <server-group name="UMS-DRIVER-EXTENSION-MGD-SVR" user-expandable="true" processed="true"/>
    <server-group name="JRF-WS-CORE-MAN-SVR" user-expandable="true" processed="true"/>
    <server-group name="WEBCENTER_SKIN-ADMIN-SVR" admin-server="true" processed="true">
      <server-name>AdminServer</server-name>
    </server-group>
    <server-group name="em-as-main-svrs" admin-server="true" processed="true">
      <server-name>AdminServer</server-name>
    </server-group>
    <server-group name="UMS-DRIVER-EMAIL-MGD-SVR" user-expandable="true" processed="true"/>
    <server-group name="em-soa-main-svrs" admin-server="true" processed="true">
      <server-name>AdminServer</server-name>
    </server-group>
    <server-group name="UMS-DRIVER-XMPP-MGD-SVR" user-expandable="true" processed="true"/>
    <server-group name="BASE-WLS-ADMIN-SVR" admin-server="true" processed="true">
      <server-name>AdminServer</server-name>
    </server-group>
    <server-group name="WSMPM-ADMIN-SVR" admin-server="true" processed="true">
      <server-name>AdminServer</server-name>
    </server-group>
    <server-group name="JRF-WS-CORE-ADMIN-SVR" admin-server="true" processed="true">
      <server-name>AdminServer</server-name>
    </server-group>
    <app-svc-group-mapping>
      <app-svc-group>WSM-CACHE-APPS</app-svc-group>
      <target-server-group>WSM-CACHE-SVR</target-server-group>
    </app-svc-group-mapping>
    <app-svc-group-mapping>
      <app-svc-group>UMS-DRIVER-VOICEXML-APP</app-svc-group>
      <target-server-group>UMS-DRIVER-VOICEXML-MGD-SVR</target-server-group>
    </app-svc-group-mapping>
    <app-svc-group-mapping>
      <app-svc-group>WEBCENTER_COMPOSER-ADMIN-APPS</app-svc-group>
      <target-server-group>WEBCENTER_COMPOSER-ADMIN-SVR</target-server-group>
    </app-svc-group-mapping>
    <app-svc-group-mapping>
      <app-svc-group>UMS-DRIVER-TWITTER-APP</app-svc-group>
      <target-server-group>UMS-DRIVER-TWITTER-MGD-SVR</target-server-group>
    </app-svc-group-mapping>
    <app-svc-group-mapping>
      <app-svc-group>SOA-ADMIN-APPS</app-svc-group>
      <target-server-group>SOA-ADMIN-SVR</target-server-group>
    </app-svc-group-mapping>
    <app-svc-group-mapping>
      <app-svc-group>WSMPM-ADMIN-APPS</app-svc-group>
      <target-server-group>SOA-ADMIN-SVR</target-server-group>
    </app-svc-group-mapping>
    <app-svc-group-mapping>
      <app-svc-group>JRF-ALL-APPS</app-svc-group>
      <target-server-group>SOA-ADMIN-SVR</target-server-group>
    </app-svc-group-mapping>
    <app-svc-group-mapping>
      <app-svc-group>JRF-ADMIN-APPS</app-svc-group>
      <target-server-group>SOA-ADMIN-SVR</target-server-group>
    </app-svc-group-mapping>
    <app-svc-group-mapping>
      <app-svc-group>SOA-MAIN-LIBS</app-svc-group>
      <target-server-group>SOA-ADMIN-SVR</target-server-group>
    </app-svc-group-mapping>
    <app-svc-group-mapping>
      <app-svc-group>SOA-BPEL-LIBS</app-svc-group>
      <target-server-group>SOA-ADMIN-SVR</target-server-group>
    </app-svc-group-mapping>
    <app-svc-group-mapping>
      <app-svc-group>SOA-WORKLIST-LIBS</app-svc-group>
      <target-server-group>SOA-ADMIN-SVR</target-server-group>
    </app-svc-group-mapping>
    <app-svc-group-mapping>
      <app-svc-group>RULES-WEBAPP-LIBS</app-svc-group>
      <target-server-group>SOA-ADMIN-SVR</target-server-group>
    </app-svc-group-mapping>
    <app-svc-group-mapping>
      <app-svc-group>SOA-MGMT-WEBAPP-LIBS</app-svc-group>
      <target-server-group>SOA-ADMIN-SVR</target-server-group>
    </app-svc-group-mapping>
    <app-svc-group-mapping>
      <app-svc-group>SOA-WORKFLOW-WCLIB</app-svc-group>
      <target-server-group>SOA-ADMIN-SVR</target-server-group>
    </app-svc-group-mapping>
    <app-svc-group-mapping>
      <app-svc-group>ADAPTERS-MAIN-LIBS</app-svc-group>
      <target-server-group>SOA-ADMIN-SVR</target-server-group>
    </app-svc-group-mapping>
    <app-svc-group-mapping>
      <app-svc-group>ESS-THIN-CLIENT-APPS</app-svc-group>
      <target-server-group>SOA-ADMIN-SVR</target-server-group>
    </app-svc-group-mapping>
    <app-svc-group-mapping>
      <app-svc-group>BPM-JMS-RESOURCES</app-svc-group>
      <target-server-group>SOA-MGD-SVRS</target-server-group>
    </app-svc-group-mapping>
    <app-svc-group-mapping>
      <app-svc-group>SOA-MAIN-APPS</app-svc-group>
      <target-server-group>SOA-MGD-SVRS</target-server-group>
    </app-svc-group-mapping>
    <app-svc-group-mapping>
      <app-svc-group>SOA-XTRA-APPS</app-svc-group>
      <target-server-group>SOA-MGD-SVRS</target-server-group>
    </app-svc-group-mapping>
    <app-svc-group-mapping>
      <app-svc-group>ADAPTERS-CORE-APPS</app-svc-group>
      <target-server-group>SOA-MGD-SVRS</target-server-group>
    </app-svc-group-mapping>
    <app-svc-group-mapping>
      <app-svc-group>RULES-MAIN-APPS</app-svc-group>
      <target-server-group>SOA-MGD-SVRS</target-server-group>
    </app-svc-group-mapping>
    <app-svc-group-mapping>
      <app-svc-group>UMS-MAIN-APPS</app-svc-group>
      <target-server-group>SOA-MGD-SVRS</target-server-group>
    </app-svc-group-mapping>
    <app-svc-group-mapping>
      <app-svc-group>UMS-WLS-JMS</app-svc-group>
      <target-server-group>SOA-MGD-SVRS</target-server-group>
    </app-svc-group-mapping>
    <app-svc-group-mapping>
      <app-svc-group>UMS-DRIVER-EMAIL-APP</app-svc-group>
      <target-server-group>SOA-MGD-SVRS</target-server-group>
    </app-svc-group-mapping>
    <app-svc-group-mapping>
      <app-svc-group>WSMPM-MAIN-APPS</app-svc-group>
      <target-server-group>SOA-MGD-SVRS</target-server-group>
    </app-svc-group-mapping>
    <app-svc-group-mapping>
      <app-svc-group>JRF-ALL-APPS</app-svc-group>
      <target-server-group>SOA-MGD-SVRS</target-server-group>
    </app-svc-group-mapping>
    <app-svc-group-mapping>
      <app-svc-group>SOA-MAIN-LIBS</app-svc-group>
      <target-server-group>SOA-MGD-SVRS</target-server-group>
    </app-svc-group-mapping>
    <app-svc-group-mapping>
      <app-svc-group>SOA-BPEL-LIBS</app-svc-group>
      <target-server-group>SOA-MGD-SVRS</target-server-group>
    </app-svc-group-mapping>
    <app-svc-group-mapping>
      <app-svc-group>SOA-WORKLIST-LIBS</app-svc-group>
      <target-server-group>SOA-MGD-SVRS</target-server-group>
    </app-svc-group-mapping>
    <app-svc-group-mapping>
      <app-svc-group>RULES-WEBAPP-LIBS</app-svc-group>
      <target-server-group>SOA-MGD-SVRS</target-server-group>
    </app-svc-group-mapping>
    <app-svc-group-mapping>
      <app-svc-group>SOA-WORKFLOW-WCLIB</app-svc-group>
      <target-server-group>SOA-MGD-SVRS</target-server-group>
    </app-svc-group-mapping>
    <app-svc-group-mapping>
      <app-svc-group>ADAPTERS-MAIN-LIBS</app-svc-group>
      <target-server-group>SOA-MGD-SVRS</target-server-group>
    </app-svc-group-mapping>
    <app-svc-group-mapping>
      <app-svc-group>ESS-THIN-CLIENT-APPS</app-svc-group>
      <target-server-group>SOA-MGD-SVRS</target-server-group>
    </app-svc-group-mapping>
    <app-svc-group-mapping>
      <app-svc-group>JRF-ADMIN-APPS</app-svc-group>
      <target-server-group>JRF-ADMIN-SVR</target-server-group>
    </app-svc-group-mapping>
    <app-svc-group-mapping>
      <app-svc-group>JRF-ALL-APPS</app-svc-group>
      <target-server-group>JRF-ADMIN-SVR</target-server-group>
    </app-svc-group-mapping>
    <app-svc-group-mapping>
      <app-svc-group>WSMPM-MAIN-APPS</app-svc-group>
      <target-server-group>WSMPM-MAN-SVR</target-server-group>
    </app-svc-group-mapping>
    <app-svc-group-mapping>
      <app-svc-group>em-core-main-apps</app-svc-group>
      <target-server-group>em-core-main-svrs</target-server-group>
    </app-svc-group-mapping>
    <app-svc-group-mapping>
      <app-svc-group>WEBCENTER_COMPOSER-LIBS</app-svc-group>
      <target-server-group>em-core-main-svrs</target-server-group>
    </app-svc-group-mapping>
    <app-svc-group-mapping>
      <app-svc-group>WEBCENTER_SKIN-LIBS</app-svc-group>
      <target-server-group>em-core-main-svrs</target-server-group>
    </app-svc-group-mapping>
    <app-svc-group-mapping>
      <app-svc-group>RULES-MAIN-APPS</app-svc-group>
      <target-server-group>RULES-ADMIN-SVR</target-server-group>
    </app-svc-group-mapping>
    <app-svc-group-mapping>
      <app-svc-group>JRF-ALL-APPS</app-svc-group>
      <target-server-group>JRF-MAN-SVR</target-server-group>
    </app-svc-group-mapping>
    <app-svc-group-mapping>
      <app-svc-group>LOCAL-SVCTBL-DATASOURCE</app-svc-group>
      <target-server-group>LOCAL-SVCTBL-DATASOURCE-SVR</target-server-group>
    </app-svc-group-mapping>
    <app-svc-group-mapping>
      <app-svc-group>UMS-DRIVER-SMPP-APP</app-svc-group>
      <target-server-group>UMS-DRIVER-SMPP-MGD-SVR</target-server-group>
    </app-svc-group-mapping>
    <app-svc-group-mapping>
      <app-svc-group>BPM-JMS-RESOURCES</app-svc-group>
      <target-server-group>SOA-MGD-SVRS-ONLY</target-server-group>
    </app-svc-group-mapping>
    <app-svc-group-mapping>
      <app-svc-group>SOA-MAIN-APPS</app-svc-group>
      <target-server-group>SOA-MGD-SVRS-ONLY</target-server-group>
    </app-svc-group-mapping>
    <app-svc-group-mapping>
      <app-svc-group>SOA-XTRA-APPS</app-svc-group>
      <target-server-group>SOA-MGD-SVRS-ONLY</target-server-group>
    </app-svc-group-mapping>
    <app-svc-group-mapping>
      <app-svc-group>ADAPTERS-CORE-APPS</app-svc-group>
      <target-server-group>SOA-MGD-SVRS-ONLY</target-server-group>
    </app-svc-group-mapping>
    <app-svc-group-mapping>
      <app-svc-group>RULES-MAIN-APPS</app-svc-group>
      <target-server-group>SOA-MGD-SVRS-ONLY</target-server-group>
    </app-svc-group-mapping>
    <app-svc-group-mapping>
      <app-svc-group>UMS-MAIN-APPS</app-svc-group>
      <target-server-group>SOA-MGD-SVRS-ONLY</target-server-group>
    </app-svc-group-mapping>
    <app-svc-group-mapping>
      <app-svc-group>UMS-WLS-JMS</app-svc-group>
      <target-server-group>SOA-MGD-SVRS-ONLY</target-server-group>
    </app-svc-group-mapping>
    <app-svc-group-mapping>
      <app-svc-group>UMS-DRIVER-EMAIL-APP</app-svc-group>
      <target-server-group>SOA-MGD-SVRS-ONLY</target-server-group>
    </app-svc-group-mapping>
    <app-svc-group-mapping>
      <app-svc-group>JRF-ALL-APPS</app-svc-group>
      <target-server-group>SOA-MGD-SVRS-ONLY</target-server-group>
    </app-svc-group-mapping>
    <app-svc-group-mapping>
      <app-svc-group>SOA-MAIN-LIBS</app-svc-group>
      <target-server-group>SOA-MGD-SVRS-ONLY</target-server-group>
    </app-svc-group-mapping>
    <app-svc-group-mapping>
      <app-svc-group>SOA-BPEL-LIBS</app-svc-group>
      <target-server-group>SOA-MGD-SVRS-ONLY</target-server-group>
    </app-svc-group-mapping>
    <app-svc-group-mapping>
      <app-svc-group>SOA-WORKLIST-LIBS</app-svc-group>
      <target-server-group>SOA-MGD-SVRS-ONLY</target-server-group>
    </app-svc-group-mapping>
    <app-svc-group-mapping>
      <app-svc-group>RULES-WEBAPP-LIBS</app-svc-group>
      <target-server-group>SOA-MGD-SVRS-ONLY</target-server-group>
    </app-svc-group-mapping>
    <app-svc-group-mapping>
      <app-svc-group>SOA-WORKFLOW-WCLIB</app-svc-group>
      <target-server-group>SOA-MGD-SVRS-ONLY</target-server-group>
    </app-svc-group-mapping>
    <app-svc-group-mapping>
      <app-svc-group>ADAPTERS-MAIN-LIBS</app-svc-group>
      <target-server-group>SOA-MGD-SVRS-ONLY</target-server-group>
    </app-svc-group-mapping>
    <app-svc-group-mapping>
      <app-svc-group>ESS-THIN-CLIENT-APPS</app-svc-group>
      <target-server-group>SOA-MGD-SVRS-ONLY</target-server-group>
    </app-svc-group-mapping>
    <app-svc-group-mapping>
      <app-svc-group>UMS-DRIVER-EXTENSION-APP</app-svc-group>
      <target-server-group>UMS-DRIVER-EXTENSION-MGD-SVR</target-server-group>
    </app-svc-group-mapping>
    <app-svc-group-mapping>
      <app-svc-group>JRF-WS-CORE-ALL-APPS</app-svc-group>
      <target-server-group>JRF-WS-CORE-MAN-SVR</target-server-group>
    </app-svc-group-mapping>
    <app-svc-group-mapping>
      <app-svc-group>WEBCENTER_SKIN-ADMIN-APPS</app-svc-group>
      <target-server-group>WEBCENTER_SKIN-ADMIN-SVR</target-server-group>
    </app-svc-group-mapping>
    <app-svc-group-mapping>
      <app-svc-group>em-as-main-apps</app-svc-group>
      <target-server-group>em-as-main-svrs</target-server-group>
    </app-svc-group-mapping>
    <app-svc-group-mapping>
      <app-svc-group>WSM-CONSOLE-CORE-LIBS</app-svc-group>
      <target-server-group>em-as-main-svrs</target-server-group>
    </app-svc-group-mapping>
    <app-svc-group-mapping>
      <app-svc-group>UMS-DRIVER-EMAIL-APP</app-svc-group>
      <target-server-group>UMS-DRIVER-EMAIL-MGD-SVR</target-server-group>
    </app-svc-group-mapping>
    <app-svc-group-mapping>
      <app-svc-group>em-soa-mgmt-apps</app-svc-group>
      <target-server-group>em-soa-main-svrs</target-server-group>
    </app-svc-group-mapping>
    <app-svc-group-mapping>
      <app-svc-group>UMS-DRIVER-XMPP-APP</app-svc-group>
      <target-server-group>UMS-DRIVER-XMPP-MGD-SVR</target-server-group>
    </app-svc-group-mapping>
    <app-svc-group-mapping>
      <app-svc-group>WSMPM-ADMIN-APPS</app-svc-group>
      <target-server-group>WSMPM-ADMIN-SVR</target-server-group>
    </app-svc-group-mapping>
    <app-svc-group-mapping>
      <app-svc-group>JRF-WS-CORE-ALL-APPS</app-svc-group>
      <target-server-group>JRF-WS-CORE-ADMIN-SVR</target-server-group>
    </app-svc-group-mapping>
    <jvm-config-group-mapping>
      <jvm-config-def>base-wls-config-def</jvm-config-def>
      <target-server-group>BASE-WLS-ADMIN-SVR</target-server-group>
    </jvm-config-group-mapping>
    <jvm-config-group-mapping>
      <jvm-config-def>em-startup-config</jvm-config-def>
      <target-server-group>em-core-main-svrs</target-server-group>
    </jvm-config-group-mapping>
  </domain-topology>
</config-groups>