<?xml version="1.0" encoding="UTF-8"?>
<template-database-info last-configuration-choice="0" xmlns="http://xmlns.oracle.com/cie/database">
  <component-schema-datasource-mapping>
    <component name="LocalSvcTbl Schema" compID="STB">
      <datasource name="LocalSvcTblDataSource" isXA="false"/>
      <dev-database name="demoDB">
        <seed-schema-file>demoDB.jar</seed-schema-file>
      </dev-database>
    </component>
    <component name="OPSS Schema" compID="OPSS">
      <datasource name="opss-data-source" isXA="false"/>
      <dev-database name="dummy">
        <seed-schema-file>dummy.jar</seed-schema-file>
      </dev-database>
    </component>
    <component name="OPSS Audit Schema" compID="IAU_APPEND">
      <datasource name="opss-audit-DBDS" isXA="false"/>
      <dev-database name="dummy">
        <seed-schema-file>dummy.jar</seed-schema-file>
      </dev-database>
    </component>
    <component name="OPSS Audit Viewer Schema" compID="IAU_VIEWER">
      <datasource name="opss-audit-viewDS" isXA="false"/>
      <dev-database name="dummy">
        <seed-schema-file>dummy.jar</seed-schema-file>
      </dev-database>
    </component>
    <component name="OWSM MDS Schema">
      <datasource name="mds-owsm" isXA="false"/>
      <dev-database name="dummy">
        <seed-schema-file>dummy.jar</seed-schema-file>
      </dev-database>
    </component>
    <component name="User Messaging Service" compID="UCSUMS">
      <datasource name="OraSDPMDataSource" isXA="true"/>
      <dev-database name="UMS">
        <seed-schema-file>UMS.jar</seed-schema-file>
      </dev-database>
    </component>
    <component name="SOA (XA)" compID="SOAINFRA">
      <datasource name="SOADataSource" isXA="true"/>
      <dev-database name="soainfra">
        <seed-schema-file>soainfra-javadb.jar</seed-schema-file>
      </dev-database>
    </component>
    <component name="SOA (Local)" compID="SOAINFRA">
      <datasource name="SOALocalTxDataSource" isXA="false"/>
      <dev-database name="soainfra">
        <seed-schema-file>soainfra-javadb.jar</seed-schema-file>
      </dev-database>
    </component>
    <component name="SOA EDN (XA)" compID="SOAINFRA">
      <datasource name="EDNDataSource" isXA="true"/>
      <dev-database name="soainfra">
        <seed-schema-file>soainfra-javadb.jar</seed-schema-file>
      </dev-database>
    </component>
    <component name="SOA EDN (Local)" compID="SOAINFRA">
      <datasource name="EDNLocalTxDataSource" isXA="false"/>
      <dev-database name="soainfra">
        <seed-schema-file>soainfra-javadb.jar</seed-schema-file>
      </dev-database>
    </component>
    <component name="SOA MDS">
      <datasource name="mds-soa" isXA="false"/>
      <dev-database name="dummy">
        <seed-schema-file>dummy.jar</seed-schema-file>
      </dev-database>
    </component>
  </component-schema-datasource-mapping>
  <supported-database-drivers>
    <database name="MySQL">
      <driver classname="*"/>
      <component-mapping name="LocalSvcTbl Schema"/>
      <datasource-mapping name="LocalSvcTblDataSource"/>
    </database>
    <database name="MS SQL Server">
      <driver classname="*"/>
      <component-mapping name="LocalSvcTbl Schema"/>
      <component-mapping name="User Messaging Service"/>
      <datasource-mapping name="LocalSvcTblDataSource"/>
    </database>
    <database name="MS SQL Server">
      <driver classname="weblogic.jdbc.sqlserver.SQLServerDriver"/>
      <component-mapping name="OWSM MDS Schema"/>
      <component-mapping name="SOA (XA)"/>
      <component-mapping name="SOA (Local)"/>
      <component-mapping name="SOA EDN (XA)"/>
      <component-mapping name="SOA EDN (Local)"/>
      <component-mapping name="SOA MDS"/>
    </database>
    <database name="DB2">
      <driver classname="*"/>
      <component-mapping name="LocalSvcTbl Schema"/>
      <component-mapping name="User Messaging Service"/>
      <datasource-mapping name="LocalSvcTblDataSource"/>
    </database>
    <database name="Oracle">
      <driver classname="*"/>
      <component-mapping name="LocalSvcTbl Schema"/>
      <component-mapping name="OPSS Schema"/>
      <component-mapping name="OPSS Audit Schema"/>
      <component-mapping name="OPSS Audit Viewer Schema"/>
      <component-mapping name="OWSM MDS Schema"/>
      <component-mapping name="User Messaging Service"/>
      <component-mapping name="SOA (XA)"/>
      <component-mapping name="SOA (Local)"/>
      <component-mapping name="SOA EDN (XA)"/>
      <component-mapping name="SOA EDN (Local)"/>
      <component-mapping name="SOA MDS"/>
      <datasource-mapping name="LocalSvcTblDataSource"/>
    </database>
    <database name="MySQL">
      <driver classname="com.mysql.jdbc.Driver"/>
      <component-mapping name="OWSM MDS Schema"/>
    </database>
    <database name="DB2">
      <driver classname="weblogic.jdbc.db2.DB2Driver"/>
      <component-mapping name="OWSM MDS Schema"/>
      <component-mapping name="SOA (XA)"/>
      <component-mapping name="SOA (Local)"/>
      <component-mapping name="SOA EDN (XA)"/>
      <component-mapping name="SOA EDN (Local)"/>
      <component-mapping name="SOA MDS"/>
    </database>
    <database name="Derby">
      <driver classname="*"/>
      <component-mapping name="User Messaging Service"/>
      <component-mapping name="SOA (XA)"/>
      <component-mapping name="SOA EDN (XA)"/>
      <component-mapping name="SOA (Local)"/>
      <component-mapping name="SOA EDN (Local)"/>
      <component-mapping name="SOA MDS"/>
    </database>
  </supported-database-drivers>
  <database-tests>
    <test>
      <sql-statement database="Oracle" checkRowsReturned="true">SELECT 1 FROM DUAL</sql-statement>
      <sql-statement database="DB2" checkRowsReturned="true">SELECT 1 FROM SYSIBM.SYSDUMMY1</sql-statement>
      <sql-statement database="Sybase" checkRowsReturned="false">SELECT 1 FROM DUAL</sql-statement>
      <sql-statement database="MS SQL Server" checkRowsReturned="false">SELECT 1</sql-statement>
      <component-mapping name="LocalSvcTbl Schema"/>
    </test>
    <test>
      <sql-statement database="Oracle" checkRowsReturned="true">select count(*) from jps_dn</sql-statement>
      <component-mapping name="OPSS Schema"/>
    </test>
    <test>
      <sql-statement database="Oracle" checkRowsReturned="true">select count(*) from iau_common</sql-statement>
      <component-mapping name="OPSS Audit Viewer Schema"/>
    </test>
    <test>
      <sql-statement database="Oracle" checkRowsReturned="true">select 1 from schema_version_registry where
				owner=(select user from dual) and mr_type='MDS' and
				version='12.1.3.0.0'</sql-statement>
      <sql-statement database="MS SQL Server" checkRowsReturned="true">select count(*) from dbo.schema_version_registry where
				owner=(select system_user) and mr_type='MDS' and
				version='12.1.3.0.0'</sql-statement>
      <sql-statement database="DB2" checkRowsReturned="true">select count(*) from nullid.schema_version_registry
				where owner=current_user and mr_type='MDS' and
				version='12.1.3.0.0'</sql-statement>
      <sql-statement database="MySQL" checkRowsReturned="true">select 1 from dual</sql-statement>
      <component-mapping name="OWSM MDS Schema"/>
    </test>
    <test>
      <sql-statement database="Oracle" checkRowsReturned="true">select 1 from schema_version_registry where owner=(select user from dual) and comp_id='UCSUMS' and version='12.1.3.0.0'</sql-statement>
      <sql-statement database="DB2" checkRowsReturned="true">select count(*) from nullid.schema_version_registry where owner=current_user and comp_id='UCSUMS' and version='12.1.3.0.0'</sql-statement>
      <sql-statement database="MS SQL Server" checkRowsReturned="true">select count(*) from dbo.schema_version_registry where owner=(select system_user) and comp_id='UCSUMS' and version='12.1.3.0.0'</sql-statement>
      <component-mapping name="User Messaging Service"/>
    </test>
    <test>
      <sql-statement database="Oracle" checkRowsReturned="true">select 1 from schema_version_registry where owner=(select user from dual) and mr_type='SOAINFRA' and version like '12.1.3%'</sql-statement>
      <sql-statement database="MS SQL Server" checkRowsReturned="true">select count(*) from dbo.schema_version_registry where owner=(select system_user) and mr_type='SOAINFRA' and version like '12.1.3%'</sql-statement>
      <sql-statement database="DB2" checkRowsReturned="true">select count(*) from nullid.schema_version_registry where owner=current_user and mr_type='SOAINFRA' and version like '12.1.3%'</sql-statement>
      <component-mapping name="SOA (XA)"/>
    </test>
  </database-tests>
</template-database-info>