<?xml version="1.0" encoding="UTF-8"?>
<startup-plan xmlns="http://xmlns.oracle.com/weblogic/jvm-config">
  <startup-group server-topology-name="WSM-CACHE-SVR_svrGroup" name="WSM-CACHE-SVR">
    <server-group-name>WSM-CACHE-SVR</server-group-name>
  </startup-group>
  <startup-group server-topology-name="AdminServerStartupGroup_svrGroup" name="AdminServerStartupGroup" admin-server="true">
    <server-group-name>WEBCENTER_COMPOSER-ADMIN-SVR</server-group-name>
    <server-group-name>JRF-ADMIN-SVR</server-group-name>
    <server-group-name>em-core-main-svrs</server-group-name>
    <server-group-name>LOCAL-SVCTBL-DATASOURCE-SVR</server-group-name>
    <server-group-name>WEBCENTER_SKIN-ADMIN-SVR</server-group-name>
    <server-group-name>em-as-main-svrs</server-group-name>
    <server-group-name>BASE-WLS-ADMIN-SVR</server-group-name>
    <server-group-name>WSMPM-ADMIN-SVR</server-group-name>
    <server-group-name>JRF-WS-CORE-ADMIN-SVR</server-group-name>
    <server-group-name>SOA-ADMIN-SVR</server-group-name>
    <server-group-name>RULES-ADMIN-SVR</server-group-name>
    <server-group-name>em-soa-main-svrs</server-group-name>
  </startup-group>
  <startup-group server-topology-name="WSMPM-MAN-SVR_svrGroup" name="WSMPM-MAN-SVR">
    <server-group-name>WSMPM-MAN-SVR</server-group-name>
  </startup-group>
  <startup-group server-topology-name="JRF-MAN-SVR_svrGroup" name="JRF-MAN-SVR">
    <server-group-name>JRF-MAN-SVR</server-group-name>
  </startup-group>
  <startup-group server-topology-name="JRF-WS-CORE-MAN-SVR_svrGroup" name="JRF-WS-CORE-MAN-SVR">
    <server-group-name>JRF-WS-CORE-MAN-SVR</server-group-name>
  </startup-group>
  <startup-group server-topology-name="JRF-MAN-SVR_WSM-CACHE-SVR_WSMPM-MAN-SVR_svrGroup" name="JRF-MAN-SVR_WSM-CACHE-SVR_WSMPM-MAN-SVR">
    <server-group-name>WSM-CACHE-SVR</server-group-name>
    <server-group-name>WSMPM-MAN-SVR</server-group-name>
    <server-group-name>JRF-MAN-SVR</server-group-name>
  </startup-group>
  <startup-group server-topology-name="UMS-DRIVER-VOICEXML-MGD-SVR_svrGroup" name="UMS-DRIVER-VOICEXML-MGD-SVR">
    <server-group-name>UMS-DRIVER-VOICEXML-MGD-SVR</server-group-name>
  </startup-group>
  <startup-group server-topology-name="UMS-DRIVER-TWITTER-MGD-SVR_svrGroup" name="UMS-DRIVER-TWITTER-MGD-SVR">
    <server-group-name>UMS-DRIVER-TWITTER-MGD-SVR</server-group-name>
  </startup-group>
  <startup-group server-topology-name="SOA-MGD-SVRS_svrGroup" name="SOA-MGD-SVRS">
    <server-group-name>SOA-MGD-SVRS</server-group-name>
  </startup-group>
  <startup-group server-topology-name="UMS-DRIVER-SMPP-MGD-SVR_svrGroup" name="UMS-DRIVER-SMPP-MGD-SVR">
    <server-group-name>UMS-DRIVER-SMPP-MGD-SVR</server-group-name>
  </startup-group>
  <startup-group server-topology-name="UMS-DRIVER-EXTENSION-MGD-SVR_svrGroup" name="UMS-DRIVER-EXTENSION-MGD-SVR">
    <server-group-name>UMS-DRIVER-EXTENSION-MGD-SVR</server-group-name>
  </startup-group>
  <startup-group server-topology-name="SOA-MGD-SVRS-ONLY_svrGroup" name="SOA-MGD-SVRS-ONLY">
    <server-group-name>SOA-MGD-SVRS-ONLY</server-group-name>
  </startup-group>
  <startup-group server-topology-name="UMS-DRIVER-EMAIL-MGD-SVR_svrGroup" name="UMS-DRIVER-EMAIL-MGD-SVR">
    <server-group-name>UMS-DRIVER-EMAIL-MGD-SVR</server-group-name>
  </startup-group>
  <startup-group server-topology-name="UMS-DRIVER-XMPP-MGD-SVR_svrGroup" name="UMS-DRIVER-XMPP-MGD-SVR">
    <server-group-name>UMS-DRIVER-XMPP-MGD-SVR</server-group-name>
  </startup-group>
  <startup-group server-topology-name="JRF-MAN-SVR_SOA-MGD-SVRS_WSM-CACHE-SVR_WSMPM-MAN-SVR_svrGroup" name="JRF-MAN-SVR_SOA-MGD-SVRS_WSM-CACHE-SVR_WSMPM-MAN-SVR">
    <server-group-name>WSM-CACHE-SVR</server-group-name>
    <server-group-name>SOA-MGD-SVRS</server-group-name>
    <server-group-name>WSMPM-MAN-SVR</server-group-name>
    <server-group-name>JRF-MAN-SVR</server-group-name>
    <server-name>soa_server1</server-name>
  </startup-group>
  <global-topology>
    <env-config>
      <env-variable>
        <key>COMMON_COMPONENTS_HOME</key>
        <value>@oracle.jrf.infra.fmw.wls_12.1.3.0.0/oracle_common_ORACLE_HOME</value>
      </env-variable>
      <env-variable>
        <key>ORACLE_DOMAIN_CONFIG_DIR</key>
        <value>%DOMAIN_HOME%/config/fmwconfig</value>
      </env-variable>
      <env-variable type="override" delim=" ">
        <key>EXTRA_JAVA_PROPERTIES</key>
        <value>%EXTRA_JAVA_PROPERTIES%</value>
        <value>-Dem.oracle.home=@oracle.sysman.fmw.core_12.1.3.0.0/em_ORACLE_HOME</value>
      </env-variable>
      <env-variable>
        <key>SOA_PRODUCT_HOME</key>
        <value>@oracle.soa.mgmt_12.1.3.0.0/soa_ORACLE_HOME</value>
      </env-variable>
      <java-system-property>
        <key>opss.version</key>
        <value>12.1.3</value>
      </java-system-property>
      <java-system-property>
        <key>igf.arisidbeans.carmlloc</key>
        <value>${ORACLE_DOMAIN_CONFIG_DIR}/carml</value>
      </java-system-property>
      <java-system-property>
        <key>igf.arisidstack.home</key>
        <value>${ORACLE_DOMAIN_CONFIG_DIR}/arisidprovider</value>
      </java-system-property>
      <java-system-property>
        <key>oracle.security.jps.config</key>
        <value>${DOMAIN_HOME}/config/fmwconfig/jps-config.xml</value>
      </java-system-property>
      <java-system-property>
        <key>oracle.deployed.app.dir</key>
        <value>${DOMAIN_HOME}/servers/${SERVER_NAME}/tmp/_WL_user</value>
      </java-system-property>
      <java-system-property>
        <key>oracle.deployed.app.ext</key>
        <value>/-</value>
      </java-system-property>
      <java-system-property delim=",">
        <key>weblogic.alternateTypesDirectory</key>
        <value>${COMMON_COMPONENTS_HOME}/modules/oracle.ossoiap_12.1.3</value>
        <value>${COMMON_COMPONENTS_HOME}/modules/oracle.oamprovider_12.1.3</value>
        <value>${COMMON_COMPONENTS_HOME}/modules/oracle.jps_12.1.3</value>
      </java-system-property>
      <java-system-property>
        <key>oracle.mds.filestore.preferred</key>
        <value>${ORACLE_FORCE_MDS_FILESTORE}</value>
      </java-system-property>
      <java-system-property>
        <key>adf.version</key>
        <value>12.1.3</value>
      </java-system-property>
      <java-system-property>
        <key>weblogic.jdbc.remoteEnabled</key>
        <value>false</value>
      </java-system-property>
      <java-system-property>
        <key>common.components.home</key>
        <value>${COMMON_COMPONENTS_HOME}</value>
      </java-system-property>
      <java-system-property>
        <key>jrf.version</key>
        <value>12.1.3</value>
      </java-system-property>
      <java-system-property>
        <key>org.apache.commons.logging.Log</key>
        <value>org.apache.commons.logging.impl.Jdk14Logger</value>
      </java-system-property>
      <java-system-property>
        <key>domain.home</key>
        <value>${DOMAIN_HOME}</value>
      </java-system-property>
      <java-system-property>
        <key>oracle.server.config.dir</key>
        <value>${ORACLE_DOMAIN_CONFIG_DIR}/servers/${SERVER_NAME}</value>
      </java-system-property>
      <java-system-property>
        <key>oracle.domain.config.dir</key>
        <value>${ORACLE_DOMAIN_CONFIG_DIR}</value>
      </java-system-property>
      <protocol-handler>
        <value>oracle.mds.net.protocol</value>
        <value>oracle.fabric.common.classloaderurl.handler</value>
        <value>oracle.fabric.common.uddiurl.handler</value>
        <value>oracle.bpm.io.fs.protocol</value>
      </protocol-handler>
      <pre-classpath>
        <path>%COMMON_COMPONENTS_HOME%/modules/features/com.oracle.db.jdbc7-dms.jar</path>
      </pre-classpath>
      <classpath xsi:nil="true" xmlns:xsi="http://www.w3.org/2001/XMLSchema-instance"/>
      <post-classpath>
        <path>%COMMON_COMPONENTS_HOME%/modules/internal/features/jrf_wlsFmw_oracle.jrf.wls.classpath_12.1.3.jar</path>
        <path>%SOA_PRODUCT_HOME%/soa/modules/oracle.soa.fabric_11.1.1/tracking-api.jar</path>
        <path>%SOA_PRODUCT_HOME%/soa/modules/commons-cli-1.1.jar</path>
        <path>%SOA_PRODUCT_HOME%/soa/modules/oracle.soa.mgmt_11.1.1/soa-infra-mgmt.jar</path>
      </post-classpath>
      <java-library-path xsi:nil="true" xmlns:xsi="http://www.w3.org/2001/XMLSchema-instance"/>
      <initial-heap-size xsi:nil="true" xmlns:xsi="http://www.w3.org/2001/XMLSchema-instance">
        <heap-size-32>768</heap-size-32>
        <heap-size-64>768</heap-size-64>
      </initial-heap-size>
      <max-heap-size xsi:nil="true" xmlns:xsi="http://www.w3.org/2001/XMLSchema-instance">
        <heap-size-32>1536</heap-size-32>
        <heap-size-32 os="Windows_NT">2048</heap-size-32>
        <heap-size-64>1536</heap-size-64>
        <heap-size-64 os="Windows_NT">2048</heap-size-64>
      </max-heap-size>
      <perm-size xsi:nil="true" xmlns:xsi="http://www.w3.org/2001/XMLSchema-instance">
        <heap-size-32>256</heap-size-32>
        <heap-size-64>256</heap-size-64>
      </perm-size>
      <max-perm-size xsi:nil="true" xmlns:xsi="http://www.w3.org/2001/XMLSchema-instance">
        <heap-size-32>1024</heap-size-32>
        <heap-size-64>1024</heap-size-64>
      </max-perm-size>
      <generic-jvm-arg arg="-d64" os="HP-UX"/>
      <generic-jvm-arg arg="-d64" os="SunOS"/>
    </env-config>
    <env-config profile="Compact">
      <env-variable>
        <key>COMMON_COMPONENTS_HOME</key>
        <value>@oracle.jrf.infra.fmw.wls_12.1.3.0.0/oracle_common_ORACLE_HOME</value>
      </env-variable>
      <env-variable>
        <key>ORACLE_DOMAIN_CONFIG_DIR</key>
        <value>%DOMAIN_HOME%/config/fmwconfig</value>
      </env-variable>
      <env-variable type="override" delim=" ">
        <key>EXTRA_JAVA_PROPERTIES</key>
        <value>%EXTRA_JAVA_PROPERTIES%</value>
        <value>-Dem.oracle.home=@oracle.sysman.fmw.core_12.1.3.0.0/em_ORACLE_HOME</value>
      </env-variable>
      <env-variable>
        <key>SOA_PRODUCT_HOME</key>
        <value>@oracle.soa.mgmt_12.1.3.0.0/soa_ORACLE_HOME</value>
      </env-variable>
      <env-variable type="override">
        <key>SOA_DEBUG_FLAG</key>
        <value>true</value>
      </env-variable>
      <env-variable type="override">
        <key>SOA_DEBUG_PORT</key>
        <value>5004</value>
      </env-variable>
      <java-system-property>
        <key>opss.version</key>
        <value>12.1.3</value>
      </java-system-property>
      <java-system-property>
        <key>igf.arisidbeans.carmlloc</key>
        <value>${ORACLE_DOMAIN_CONFIG_DIR}/carml</value>
      </java-system-property>
      <java-system-property>
        <key>igf.arisidstack.home</key>
        <value>${ORACLE_DOMAIN_CONFIG_DIR}/arisidprovider</value>
      </java-system-property>
      <java-system-property>
        <key>oracle.security.jps.config</key>
        <value>${DOMAIN_HOME}/config/fmwconfig/jps-config.xml</value>
      </java-system-property>
      <java-system-property>
        <key>oracle.deployed.app.dir</key>
        <value>${DOMAIN_HOME}/servers/${SERVER_NAME}/tmp/_WL_user</value>
      </java-system-property>
      <java-system-property>
        <key>oracle.deployed.app.ext</key>
        <value>/-</value>
      </java-system-property>
      <java-system-property delim=",">
        <key>weblogic.alternateTypesDirectory</key>
        <value>${COMMON_COMPONENTS_HOME}/modules/oracle.ossoiap_12.1.3</value>
        <value>${COMMON_COMPONENTS_HOME}/modules/oracle.oamprovider_12.1.3</value>
        <value>${COMMON_COMPONENTS_HOME}/modules/oracle.jps_12.1.3</value>
      </java-system-property>
      <java-system-property>
        <key>oracle.mds.filestore.preferred</key>
        <value>true</value>
      </java-system-property>
      <java-system-property>
        <key>adf.version</key>
        <value>12.1.3</value>
      </java-system-property>
      <java-system-property>
        <key>weblogic.jdbc.remoteEnabled</key>
        <value>false</value>
      </java-system-property>
      <java-system-property>
        <key>common.components.home</key>
        <value>${COMMON_COMPONENTS_HOME}</value>
      </java-system-property>
      <java-system-property>
        <key>jrf.version</key>
        <value>12.1.3</value>
      </java-system-property>
      <java-system-property>
        <key>org.apache.commons.logging.Log</key>
        <value>org.apache.commons.logging.impl.Jdk14Logger</value>
      </java-system-property>
      <java-system-property>
        <key>domain.home</key>
        <value>${DOMAIN_HOME}</value>
      </java-system-property>
      <java-system-property>
        <key>oracle.server.config.dir</key>
        <value>${ORACLE_DOMAIN_CONFIG_DIR}/servers/${SERVER_NAME}</value>
      </java-system-property>
      <java-system-property>
        <key>oracle.domain.config.dir</key>
        <value>${ORACLE_DOMAIN_CONFIG_DIR}</value>
      </java-system-property>
      <protocol-handler>
        <value>oracle.mds.net.protocol</value>
        <value>oracle.fabric.common.classloaderurl.handler</value>
        <value>oracle.fabric.common.uddiurl.handler</value>
        <value>oracle.bpm.io.fs.protocol</value>
      </protocol-handler>
      <pre-classpath>
        <path>%COMMON_COMPONENTS_HOME%/modules/features/com.oracle.db.jdbc7-dms.jar</path>
      </pre-classpath>
      <classpath xsi:nil="true" xmlns:xsi="http://www.w3.org/2001/XMLSchema-instance"/>
      <post-classpath>
        <path>%COMMON_COMPONENTS_HOME%/modules/internal/features/jrf_wlsFmw_oracle.jrf.wls.classpath_12.1.3.jar</path>
        <path>%SOA_PRODUCT_HOME%/soa/modules/oracle.soa.fabric_11.1.1/tracking-api.jar</path>
        <path>%SOA_PRODUCT_HOME%/soa/modules/commons-cli-1.1.jar</path>
        <path>%SOA_PRODUCT_HOME%/soa/modules/oracle.soa.mgmt_11.1.1/soa-infra-mgmt.jar</path>
      </post-classpath>
      <java-library-path xsi:nil="true" xmlns:xsi="http://www.w3.org/2001/XMLSchema-instance"/>
      <initial-heap-size xsi:nil="true" xmlns:xsi="http://www.w3.org/2001/XMLSchema-instance">
        <heap-size-32>768</heap-size-32>
        <heap-size-64>768</heap-size-64>
      </initial-heap-size>
      <max-heap-size xsi:nil="true" xmlns:xsi="http://www.w3.org/2001/XMLSchema-instance">
        <heap-size-32>1536</heap-size-32>
        <heap-size-32 os="Windows_NT">2048</heap-size-32>
        <heap-size-64>1536</heap-size-64>
        <heap-size-64 os="Windows_NT">2048</heap-size-64>
      </max-heap-size>
      <perm-size xsi:nil="true" xmlns:xsi="http://www.w3.org/2001/XMLSchema-instance">
        <heap-size-32>256</heap-size-32>
        <heap-size-64>256</heap-size-64>
      </perm-size>
      <max-perm-size xsi:nil="true" xmlns:xsi="http://www.w3.org/2001/XMLSchema-instance">
        <heap-size-32>1024</heap-size-32>
        <heap-size-64>1024</heap-size-64>
      </max-perm-size>
      <generic-jvm-arg arg="-d64" os="HP-UX"/>
      <generic-jvm-arg arg="-d64" os="SunOS"/>
    </env-config>
  </global-topology>
  <server-topology name="base-wls-config-def">
    <env-config profile="Compact">
      <post-classpath>
        <path>%MW_HOME%/oracle_common/modules/com.oracle.cie.config-wls-online_8.1.0.0.jar</path>
      </post-classpath>
    </env-config>
    <env-config profile="Expanded">
      <post-classpath>
        <path>%MW_HOME%/oracle_common/modules/com.oracle.cie.config-wls-online_8.1.0.0.jar</path>
      </post-classpath>
    </env-config>
  </server-topology>
  <server-topology name="em-startup-config">
    <env-config profile="Compact">
      <env-variable type="override">
        <key>APPLICATIONS_DIRECTORY</key>
        <value>@APPLICATIONS_DIRECTORY</value>
      </env-variable>
      <env-variable type="override" delim=" ">
        <key>EXTRA_JAVA_PROPERTIES</key>
        <value>%EXTRA_JAVA_PROPERTIES%</value>
        <value>-Dem.oracle.home=@oracle.sysman.fmw.core_12.1.3.0.0/em_ORACLE_HOME</value>
        <value>-DINSTANCE_HOME=@DOMAIN_HOME</value>
        <value>-Djava.awt.headless=true</value>
        <value>-Doracle.sysman.util.logging.mode=dual_mode</value>
      </env-variable>
      <initial-heap-size type="MINIMUM">
        <heap-size-32>512</heap-size-32>
        <heap-size-32 vm-type="HotSpot">512</heap-size-32>
        <heap-size-32 vm-type="JRockit">512</heap-size-32>
        <heap-size-64>512</heap-size-64>
        <heap-size-64 vm-type="HotSpot">512</heap-size-64>
        <heap-size-64 vm-type="JRockit">512</heap-size-64>
      </initial-heap-size>
      <max-heap-size type="MINIMUM">
        <heap-size-32>768</heap-size-32>
        <heap-size-64>768</heap-size-64>
      </max-heap-size>
      <perm-size type="MINIMUM">
        <heap-size-32>256</heap-size-32>
        <heap-size-64>256</heap-size-64>
      </perm-size>
      <max-perm-size type="MINIMUM">
        <heap-size-32>512</heap-size-32>
        <heap-size-64>512</heap-size-64>
      </max-perm-size>
    </env-config>
    <env-config profile="Expanded">
      <env-variable type="override">
        <key>APPLICATIONS_DIRECTORY</key>
        <value>@APPLICATIONS_DIRECTORY</value>
      </env-variable>
      <env-variable type="override" delim=" ">
        <key>EXTRA_JAVA_PROPERTIES</key>
        <value>%EXTRA_JAVA_PROPERTIES%</value>
        <value>-Dem.oracle.home=@oracle.sysman.fmw.core_12.1.3.0.0/em_ORACLE_HOME</value>
        <value>-DINSTANCE_HOME=@DOMAIN_HOME</value>
        <value>-Djava.awt.headless=true</value>
        <value>-Doracle.sysman.util.logging.mode=dual_mode</value>
      </env-variable>
      <initial-heap-size type="MINIMUM">
        <heap-size-32>512</heap-size-32>
        <heap-size-32 vm-type="HotSpot">512</heap-size-32>
        <heap-size-32 vm-type="JRockit">512</heap-size-32>
        <heap-size-64>512</heap-size-64>
        <heap-size-64 vm-type="HotSpot">512</heap-size-64>
        <heap-size-64 vm-type="JRockit">512</heap-size-64>
      </initial-heap-size>
      <max-heap-size type="MINIMUM">
        <heap-size-32>768</heap-size-32>
        <heap-size-64>768</heap-size-64>
      </max-heap-size>
      <perm-size type="MINIMUM">
        <heap-size-32>256</heap-size-32>
        <heap-size-64>256</heap-size-64>
      </perm-size>
      <max-perm-size type="MINIMUM">
        <heap-size-32>512</heap-size-32>
        <heap-size-64>512</heap-size-64>
      </max-perm-size>
    </env-config>
  </server-topology>
  <server-topology name="WSM-CACHE-SVR_svrGroup"/>
  <server-topology name="AdminServerStartupGroup_svrGroup"/>
  <server-topology name="WSMPM-MAN-SVR_svrGroup"/>
  <server-topology name="JRF-MAN-SVR_svrGroup"/>
  <server-topology name="JRF-WS-CORE-MAN-SVR_svrGroup"/>
  <server-topology name="JRF-MAN-SVR_WSM-CACHE-SVR_WSMPM-MAN-SVR_svrGroup"/>
  <server-topology name="UMS-DRIVER-VOICEXML-MGD-SVR_svrGroup"/>
  <server-topology name="UMS-DRIVER-TWITTER-MGD-SVR_svrGroup"/>
  <server-topology name="SOA-MGD-SVRS_svrGroup"/>
  <server-topology name="UMS-DRIVER-SMPP-MGD-SVR_svrGroup"/>
  <server-topology name="UMS-DRIVER-EXTENSION-MGD-SVR_svrGroup"/>
  <server-topology name="SOA-MGD-SVRS-ONLY_svrGroup"/>
  <server-topology name="UMS-DRIVER-EMAIL-MGD-SVR_svrGroup"/>
  <server-topology name="UMS-DRIVER-XMPP-MGD-SVR_svrGroup"/>
  <server-topology name="JRF-MAN-SVR_SOA-MGD-SVRS_WSM-CACHE-SVR_WSMPM-MAN-SVR_svrGroup"/>
</startup-plan>