<?xml version="1.0" encoding="UTF-8" standalone="yes"?>
<stringsubs-definition name="defaultStringsubs" version="11.0.0.0" xmlns="http://xmlns.oracle.com/cie/stringsubs">
    <component id="defaultStringsubs default">
        <group-ref name="defaultStringsubs"/>
        <group-ref name="generated string substitution group for mode forward"/>
    </component>
    <group id="defaultStringsubs" mode="forward">
        <change-pair-ref name="ADABAS_FOR_Z_OS_EXISTS"/>
        <change-pair-ref name="ADMIN_SERVER_URL"/>
        <change-pair-ref name="APPLICATIONS_DIRECTORY"/>
        <change-pair-ref name="BEAHOME"/>
        <change-pair-ref name="BEA_JAVA_HOME"/>
        <change-pair-ref name="CICS_TS_FOR_Z_OS_EXISTS"/>
        <change-pair-ref name="CLOUDSCAPE_EXISTS"/>
        <change-pair-ref name="DB2_EXISTS"/>
        <change-pair-ref name="DB2_FOR_Z_OS_EXISTS"/>
        <change-pair-ref name="DOCSWEBROOT"/>
        <change-pair-ref name="DOMAIN_HOME"/>
        <change-pair-ref name="DOMAIN_NAME"/>
        <change-pair-ref name="DOMAIN_USER"/>
        <change-pair-ref name="HOST_NAME"/>
        <change-pair-ref name="IMS_DB_FOR_Z_OS_EXISTS"/>
        <change-pair-ref name="IMS_TM_FOR_Z_OS_EXISTS"/>
        <change-pair-ref name="INFORMIX_EXISTS"/>
        <change-pair-ref name="JAVA_HOME"/>
        <change-pair-ref name="JAVA_VENDOR"/>
        <change-pair-ref name="JAVA_VM"/>
        <change-pair-ref name="MS_SQL_SERVER_EXISTS"/>
        <change-pair-ref name="MYSQL_EXISTS"/>
        <change-pair-ref name="ORACLE_EXISTS"/>
        <change-pair-ref name="OTHER_EXISTS"/>
        <change-pair-ref name="POINTBASE_DBNAME"/>
        <change-pair-ref name="POINTBASE_EXISTS"/>
        <change-pair-ref name="DERBY_EXISTS"/>
        <change-pair-ref name="POINTBASE_HOST"/>
        <change-pair-ref name="POINTBASE_PORT"/>
        <change-pair-ref name="POSTGRESQL_EXISTS"/>
        <change-pair-ref name="PROGRESS_EXISTS"/>
        <change-pair-ref name="SAMPLES_HOME"/>
        <change-pair-ref name="SERVER_HOST"/>
        <change-pair-ref name="SERVER_NAME"/>
        <change-pair-ref name="SERVER_PORT"/>
        <change-pair-ref name="SSL_PORT"/>
        <change-pair-ref name="STARTMODE"/>
        <change-pair-ref name="SUN_JAVA_HOME"/>
        <change-pair-ref name="SYBASE_EXISTS"/>
        <change-pair-ref name="USERDOMAIN_HOME"/>
        <change-pair-ref name="VSAM_FOR_Z_OS_EXISTS"/>
        <change-pair-ref name="WL_HOME"/>
        <change-pair-ref name="MW_HOME"/>
        <change-pair-ref name="ORACLE_HOME"/>
        <change-pair-ref name="PRODUCT_HOME"/>
        <change-pair-ref name="WLP_INSTALL_DIR"/>
        <change-pair-ref name="WLW_INSTALL_DIR"/>
        <change-pair-ref name="oracle.osb.common_12.1.3.0.0/osb_ORACLE_HOME"/>
        <change-pair-ref name="oracle.jrf.j2ee_12.1.3.0.0/oracle_common_ORACLE_HOME"/>
        <change-pair-ref name="oracle.jrf.infra.fmw.wls_12.1.3.0.0/oracle_common_ORACLE_HOME"/>
        <change-pair-ref name="oracle.ess_12.1.3.0.0/oracle_common_ORACLE_HOME"/>
        <change-pair-ref name="oracle.webservices.base_12.1.3.0.0/oracle_common_ORACLE_HOME"/>
        <change-pair-ref name="oracle.wls.core.app.server_12.1.3.0.0/wlserver_ORACLE_HOME"/>
        <change-pair-ref name="oracle.wsm.console.core_12.1.3.0.0/oracle_common_ORACLE_HOME"/>
        <change-pair-ref name="oracle.rules_12.1.3.0.0/soa_ORACLE_HOME"/>
        <change-pair-ref name="oracle.wsm.jrf_12.1.3.0.0/oracle_common_ORACLE_HOME"/>
        <change-pair-ref name="Generated_oracle_common_0.0.0.0_ORACLE_HOME"/>
        <change-pair-ref name="oracle.sdp.messaging_12.1.3.0.0/oracle_common_ORACLE_HOME"/>
        <change-pair-ref name="oracle.soa.mgmt_12.1.3.0.0/soa_ORACLE_HOME"/>
        <change-pair-ref name="oracle.sysman.fmw.as_12.1.3.0.0/em_ORACLE_HOME"/>
        <change-pair-ref name="oracle.sysman.fmw.core_12.1.3.0.0/em_ORACLE_HOME"/>
        <change-pair-ref name="oracle.jrf.dms_12.1.3.0.0/oracle_common_ORACLE_HOME"/>
        <change-pair-ref name="Generated_soa_0.0.0.0_ORACLE_HOME"/>
        <change-pair-ref name="oracle.sysman.fmw.plugin.soa_12.1.3.0.0/em_ORACLE_HOME"/>
        <change-pair-ref name="oracle.soa.common.adapters_12.1.3.0.0/soa_ORACLE_HOME"/>
        <change-pair-ref name="oracle.webcenter.pageeditor_12.1.3.0.0/oracle_common_ORACLE_HOME"/>
        <change-pair-ref name="oracle.integration.soainfra_12.1.3.0.0/soa_ORACLE_HOME"/>
        <change-pair-ref name="oracle.webcenter.skin_12.1.3.0.0/oracle_common_ORACLE_HOME"/>
    </group>
    <group id="generated string substitution group for mode forward" mode="forward">
        <file-entry name="$DOMAIN_DIRECTORY$/bin/setStartupEnv.sh"/>
        <file-entry name="$DOMAIN_DIRECTORY$/bin/nodemanager/wlscontrol.sh"/>
        <file-entry name="$DOMAIN_DIRECTORY$/bin/stopManagedWebLogic.sh"/>
        <file-entry name="$DOMAIN_DIRECTORY$/bin/stopComponent.sh"/>
        <file-entry name="$DOMAIN_DIRECTORY$/bin/stopNodeManager.sh"/>
        <file-entry name="$DOMAIN_DIRECTORY$/bin/startWebLogic.sh"/>
        <file-entry name="$DOMAIN_DIRECTORY$/bin/setDomainEnv.sh"/>
        <file-entry name="$DOMAIN_DIRECTORY$/startWebLogic.sh"/>
        <file-entry name="$DOMAIN_DIRECTORY$/bin/startNodeManager.sh"/>
        <file-entry name="$DOMAIN_DIRECTORY$/config/backup_config.xml"/>
        <file-entry name="$DOMAIN_DIRECTORY$/bin/stopRSDaemon.sh"/>
        <file-entry name="$DOMAIN_DIRECTORY$/bin/startRSDaemon.sh"/>
        <file-entry name="$DOMAIN_DIRECTORY$/bin/startManagedWebLogic.sh"/>
        <file-entry name="$DOMAIN_DIRECTORY$/bin/startComponent.sh"/>
        <file-entry name="$DOMAIN_DIRECTORY$/bin/stopWebLogic.sh"/>
        <change-pair-ref name="BEAHOME"/>
        <change-pair-ref name="MW_HOME"/>
        <change-pair-ref name="WL_HOME"/>
        <change-pair-ref name="ORACLE_HOME"/>
        <change-pair-ref name="PRODUCT_HOME"/>
        <change-pair-ref name="WLP_INSTALL_DIR"/>
        <change-pair-ref name="WLW_INSTALL_DIR"/>
        <change-pair-ref name="JAVA_HOME"/>
        <change-pair-ref name="DOMAIN_NAME"/>
        <change-pair-ref name="DOMAIN_USER"/>
        <change-pair-ref name="SERVER_NAME"/>
        <change-pair-ref name="SERVER_PORT"/>
        <change-pair-ref name="SSL_PORT"/>
        <change-pair-ref name="SAMPLES_HOME"/>
        <change-pair-ref name="USERDOMAIN_HOME"/>
        <change-pair-ref name="DOMAIN_HOME"/>
        <change-pair-ref name="STARTMODE"/>
        <change-pair-ref name="PRODUCTION_MODE"/>
        <change-pair-ref name="ADMIN_SERVER_URL"/>
        <change-pair-ref name="JAVA_VM"/>
        <change-pair-ref name="JAVA_VENDOR"/>
        <change-pair-ref name="DOCSWEBROOT"/>
        <change-pair-ref name="APPLICATIONS_DIRECTORY"/>
        <change-pair-ref name="HOST_NAME"/>
        <change-pair-ref name="SERVER_HOST"/>
        <change-pair-ref name="SUN_JAVA_HOME"/>
        <change-pair-ref name="BEA_JAVA_HOME"/>
        <change-pair-ref name="POINTBASE_HOST"/>
        <change-pair-ref name="POINTBASE_PORT"/>
        <change-pair-ref name="POINTBASE_DBNAME"/>
        <change-pair-ref name="POINTBASE_EXISTS"/>
        <change-pair-ref name="DERBY_EXISTS"/>
        <change-pair-ref name="ADABAS_FOR_Z_OS_EXISTS"/>
        <change-pair-ref name="CICS_TS_FOR_Z_OS_EXISTS"/>
        <change-pair-ref name="CLOUDSCAPE_EXISTS"/>
        <change-pair-ref name="DB2_EXISTS"/>
        <change-pair-ref name="DB2_FOR_Z_OS_EXISTS"/>
        <change-pair-ref name="IMS_DB_FOR_Z_OS_EXISTS"/>
        <change-pair-ref name="IMS_TM_FOR_Z_OS_EXISTS"/>
        <change-pair-ref name="INFORMIX_EXISTS"/>
        <change-pair-ref name="MS_SQL_SERVER_EXISTS"/>
        <change-pair-ref name="MYSQL_EXISTS"/>
        <change-pair-ref name="ORACLE_EXISTS"/>
        <change-pair-ref name="POSTGRESQL_EXISTS"/>
        <change-pair-ref name="PROGRESS_EXISTS"/>
        <change-pair-ref name="SYBASE_EXISTS"/>
        <change-pair-ref name="VSAM_FOR_Z_OS_EXISTS"/>
        <change-pair-ref name="OTHER_EXISTS"/>
        <change-pair-ref name="oracle.osb.common_12.1.3.0.0/osb_ORACLE_HOME"/>
        <change-pair-ref name="oracle.jrf.j2ee_12.1.3.0.0/oracle_common_ORACLE_HOME"/>
        <change-pair-ref name="oracle.jrf.infra.fmw.wls_12.1.3.0.0/oracle_common_ORACLE_HOME"/>
        <change-pair-ref name="oracle.ess_12.1.3.0.0/oracle_common_ORACLE_HOME"/>
        <change-pair-ref name="oracle.webservices.base_12.1.3.0.0/oracle_common_ORACLE_HOME"/>
        <change-pair-ref name="oracle.wls.core.app.server_12.1.3.0.0/wlserver_ORACLE_HOME"/>
        <change-pair-ref name="oracle.wsm.console.core_12.1.3.0.0/oracle_common_ORACLE_HOME"/>
        <change-pair-ref name="oracle.rules_12.1.3.0.0/soa_ORACLE_HOME"/>
        <change-pair-ref name="oracle.wsm.jrf_12.1.3.0.0/oracle_common_ORACLE_HOME"/>
        <change-pair-ref name="Generated_oracle_common_0.0.0.0_ORACLE_HOME"/>
        <change-pair-ref name="oracle.sdp.messaging_12.1.3.0.0/oracle_common_ORACLE_HOME"/>
        <change-pair-ref name="oracle.soa.mgmt_12.1.3.0.0/soa_ORACLE_HOME"/>
        <change-pair-ref name="oracle.sysman.fmw.as_12.1.3.0.0/em_ORACLE_HOME"/>
        <change-pair-ref name="oracle.sysman.fmw.core_12.1.3.0.0/em_ORACLE_HOME"/>
        <change-pair-ref name="oracle.jrf.dms_12.1.3.0.0/oracle_common_ORACLE_HOME"/>
        <change-pair-ref name="Generated_soa_0.0.0.0_ORACLE_HOME"/>
        <change-pair-ref name="oracle.sysman.fmw.plugin.soa_12.1.3.0.0/em_ORACLE_HOME"/>
        <change-pair-ref name="oracle.soa.common.adapters_12.1.3.0.0/soa_ORACLE_HOME"/>
        <change-pair-ref name="oracle.webcenter.pageeditor_12.1.3.0.0/oracle_common_ORACLE_HOME"/>
        <change-pair-ref name="oracle.integration.soainfra_12.1.3.0.0/soa_ORACLE_HOME"/>
        <change-pair-ref name="oracle.webcenter.skin_12.1.3.0.0/oracle_common_ORACLE_HOME"/>
    </group>
    <change-pair id="BEAHOME" before="@BEA_HOME" after="$BEAHOME$"/>
    <change-pair id="MW_HOME" before="@MW_HOME" after="$MW_HOME$"/>
    <change-pair id="WL_HOME" before="@WL_HOME" after="$WL_HOME$"/>
    <change-pair id="ORACLE_HOME" before="@ORACLE_HOME" after="$ORACLE_HOME$"/>
    <change-pair id="PRODUCT_HOME" before="@PRODUCT_HOME" after="$ORACLE_HOME$"/>
    <change-pair id="WLP_INSTALL_DIR" before="@WLP_INSTALL_DIR" after="$WLP_INSTALL_DIR$"/>
    <change-pair id="WLW_INSTALL_DIR" before="@WLW_INSTALL_DIR" after="$WLW_INSTALL_DIR$"/>
    <change-pair id="JAVA_HOME" before="@JAVA_HOME" after="$JAVA_HOME$"/>
    <change-pair id="DOMAIN_NAME" before="@DOMAIN_NAME" after="$DOMAIN_NAME$"/>
    <change-pair id="DOMAIN_USER" before="@DOMAIN_USER" after="$USERNAME$"/>
    <change-pair id="SERVER_NAME" before="@SERVER_NAME" after="$SERVER_NAME$"/>
    <change-pair id="SERVER_PORT" before="@SERVER_PORT" after="$SERVER_PORT$"/>
    <change-pair id="SSL_PORT" before="@SSL_PORT" after="$SSL_PORT$"/>
    <change-pair id="SAMPLES_HOME" before="@SAMPLES_HOME" after="$WL_HOME$$/$samples"/>
    <change-pair id="USERDOMAIN_HOME" before="@USERDOMAIN_HOME" after="$DOMAIN_DIRECTORY$"/>
    <change-pair id="DOMAIN_HOME" before="@DOMAIN_HOME" after="$DOMAIN_DIRECTORY$"/>
    <change-pair id="STARTMODE" before="@STARTMODE" after="$STARTMODE$"/>
    <change-pair id="PRODUCTION_MODE" before="@PRODUCTION_MODE" after="$STARTMODE$"/>
    <change-pair id="ADMIN_SERVER_URL" before="@ADMIN_SERVER_URL" after="$ADMIN_SERVER_URL$"/>
    <change-pair id="JAVA_VM" before="@JAVA_VM" after="$JAVA_VM$"/>
    <change-pair id="JAVA_VENDOR" before="@JAVA_VENDOR" after="$JAVA_VENDOR$"/>
    <change-pair id="DOCSWEBROOT" before="@DOCSWEBROOT" after="$DOCSWEBROOT$"/>
    <change-pair id="APPLICATIONS_DIRECTORY" before="@APPLICATIONS_DIRECTORY" after="$APPLICATIONS_DIRECTORY$"/>
    <change-pair id="HOST_NAME" before="@HOST_NAME" after="$HOST_NAME$"/>
    <change-pair id="SERVER_HOST" before="@SERVER_HOST" after="$SERVER_HOST$"/>
    <change-pair id="SUN_JAVA_HOME" before="@SUN_JAVA_HOME" after="$SUN_JAVA_HOME$"/>
    <change-pair id="BEA_JAVA_HOME" before="@BEA_JAVA_HOME" after="$BEA_JAVA_HOME$"/>
    <change-pair id="POINTBASE_HOST" before="@POINTBASE_HOST" after="$POINTBASE_HOST$"/>
    <change-pair id="POINTBASE_PORT" before="@POINTBASE_PORT" after="$POINTBASE_PORT$"/>
    <change-pair id="POINTBASE_DBNAME" before="@POINTBASE_DBNAME" after="$POINTBASE_DBNAME$"/>
    <change-pair id="POINTBASE_EXISTS" before="@POINTBASE_EXISTS" after="$POINTBASE_EXISTS$"/>
    <change-pair id="DERBY_EXISTS" before="@DERBY_EXISTS" after="$DERBY_EXISTS$"/>
    <change-pair id="ADABAS_FOR_Z_OS_EXISTS" before="@ADABAS_FOR_Z_OS_EXISTS" after="$ADABAS_FOR_Z_OS_EXISTS$"/>
    <change-pair id="CICS_TS_FOR_Z_OS_EXISTS" before="@CICS_TS_FOR_Z_OS_EXISTS" after="$CICS_TS_FOR_Z_OS_EXISTS$"/>
    <change-pair id="CLOUDSCAPE_EXISTS" before="@CLOUDSCAPE_EXISTS" after="$CLOUDSCAPE_EXISTS$"/>
    <change-pair id="DB2_EXISTS" before="@DB2_EXISTS" after="$DB2_EXISTS$"/>
    <change-pair id="DB2_FOR_Z_OS_EXISTS" before="@DB2_FOR_Z_OS_EXISTS" after="$DB2_FOR_Z_OS_EXISTS$"/>
    <change-pair id="IMS_DB_FOR_Z_OS_EXISTS" before="@IMS_DB_FOR_Z_OS_EXISTS" after="$IMS_DB_FOR_Z_OS_EXISTS$"/>
    <change-pair id="IMS_TM_FOR_Z_OS_EXISTS" before="@IMS_TM_FOR_Z_OS_EXISTS" after="$IMS_TM_FOR_Z_OS_EXISTS$"/>
    <change-pair id="INFORMIX_EXISTS" before="@INFORMIX_EXISTS" after="$INFORMIX_EXISTS$"/>
    <change-pair id="MS_SQL_SERVER_EXISTS" before="@MS_SQL_SERVER_EXISTS" after="$MS_SQL_SERVER_EXISTS$"/>
    <change-pair id="MYSQL_EXISTS" before="@MYSQL_EXISTS" after="$MYSQL_EXISTS$"/>
    <change-pair id="ORACLE_EXISTS" before="@ORACLE_EXISTS" after="$ORACLE_EXISTS$"/>
    <change-pair id="POSTGRESQL_EXISTS" before="@POSTGRESQL_EXISTS" after="$POSTGRESQL_EXISTS$"/>
    <change-pair id="PROGRESS_EXISTS" before="@PROGRESS_EXISTS" after="$PROGRESS_EXISTS$"/>
    <change-pair id="SYBASE_EXISTS" before="@SYBASE_EXISTS" after="$SYBASE_EXISTS$"/>
    <change-pair id="VSAM_FOR_Z_OS_EXISTS" before="@VSAM_FOR_Z_OS_EXISTS" after="$VSAM_FOR_Z_OS_EXISTS$"/>
    <change-pair id="OTHER_EXISTS" before="@OTHER_EXISTS" after="$OTHER_EXISTS$"/>
    <change-pair id="oracle.osb.common_12.1.3.0.0/osb_ORACLE_HOME" before="@oracle.osb.common_12.1.3.0.0/osb_ORACLE_HOME" after="$oracle.osb.common_12.1.3.0.0/osb_ORACLE_HOME$"/>
    <change-pair id="oracle.jrf.j2ee_12.1.3.0.0/oracle_common_ORACLE_HOME" before="@oracle.jrf.j2ee_12.1.3.0.0/oracle_common_ORACLE_HOME" after="$oracle.jrf.j2ee_12.1.3.0.0/oracle_common_ORACLE_HOME$"/>
    <change-pair id="oracle.jrf.infra.fmw.wls_12.1.3.0.0/oracle_common_ORACLE_HOME" before="@oracle.jrf.infra.fmw.wls_12.1.3.0.0/oracle_common_ORACLE_HOME" after="$oracle.jrf.infra.fmw.wls_12.1.3.0.0/oracle_common_ORACLE_HOME$"/>
    <change-pair id="oracle.ess_12.1.3.0.0/oracle_common_ORACLE_HOME" before="@oracle.ess_12.1.3.0.0/oracle_common_ORACLE_HOME" after="$oracle.ess_12.1.3.0.0/oracle_common_ORACLE_HOME$"/>
    <change-pair id="oracle.webservices.base_12.1.3.0.0/oracle_common_ORACLE_HOME" before="@oracle.webservices.base_12.1.3.0.0/oracle_common_ORACLE_HOME" after="$oracle.webservices.base_12.1.3.0.0/oracle_common_ORACLE_HOME$"/>
    <change-pair id="oracle.wls.core.app.server_12.1.3.0.0/wlserver_ORACLE_HOME" before="@oracle.wls.core.app.server_12.1.3.0.0/wlserver_ORACLE_HOME" after="$oracle.wls.core.app.server_12.1.3.0.0/wlserver_ORACLE_HOME$"/>
    <change-pair id="oracle.wsm.console.core_12.1.3.0.0/oracle_common_ORACLE_HOME" before="@oracle.wsm.console.core_12.1.3.0.0/oracle_common_ORACLE_HOME" after="$oracle.wsm.console.core_12.1.3.0.0/oracle_common_ORACLE_HOME$"/>
    <change-pair id="oracle.rules_12.1.3.0.0/soa_ORACLE_HOME" before="@oracle.rules_12.1.3.0.0/soa_ORACLE_HOME" after="$oracle.rules_12.1.3.0.0/soa_ORACLE_HOME$"/>
    <change-pair id="oracle.wsm.jrf_12.1.3.0.0/oracle_common_ORACLE_HOME" before="@oracle.wsm.jrf_12.1.3.0.0/oracle_common_ORACLE_HOME" after="$oracle.wsm.jrf_12.1.3.0.0/oracle_common_ORACLE_HOME$"/>
    <change-pair id="Generated_oracle_common_0.0.0.0_ORACLE_HOME" before="@Generated_oracle_common_0.0.0.0_ORACLE_HOME" after="$Generated_oracle_common_0.0.0.0_ORACLE_HOME$"/>
    <change-pair id="oracle.sdp.messaging_12.1.3.0.0/oracle_common_ORACLE_HOME" before="@oracle.sdp.messaging_12.1.3.0.0/oracle_common_ORACLE_HOME" after="$oracle.sdp.messaging_12.1.3.0.0/oracle_common_ORACLE_HOME$"/>
    <change-pair id="oracle.soa.mgmt_12.1.3.0.0/soa_ORACLE_HOME" before="@oracle.soa.mgmt_12.1.3.0.0/soa_ORACLE_HOME" after="$oracle.soa.mgmt_12.1.3.0.0/soa_ORACLE_HOME$"/>
    <change-pair id="oracle.sysman.fmw.as_12.1.3.0.0/em_ORACLE_HOME" before="@oracle.sysman.fmw.as_12.1.3.0.0/em_ORACLE_HOME" after="$oracle.sysman.fmw.as_12.1.3.0.0/em_ORACLE_HOME$"/>
    <change-pair id="oracle.sysman.fmw.core_12.1.3.0.0/em_ORACLE_HOME" before="@oracle.sysman.fmw.core_12.1.3.0.0/em_ORACLE_HOME" after="$oracle.sysman.fmw.core_12.1.3.0.0/em_ORACLE_HOME$"/>
    <change-pair id="oracle.jrf.dms_12.1.3.0.0/oracle_common_ORACLE_HOME" before="@oracle.jrf.dms_12.1.3.0.0/oracle_common_ORACLE_HOME" after="$oracle.jrf.dms_12.1.3.0.0/oracle_common_ORACLE_HOME$"/>
    <change-pair id="Generated_soa_0.0.0.0_ORACLE_HOME" before="@Generated_soa_0.0.0.0_ORACLE_HOME" after="$Generated_soa_0.0.0.0_ORACLE_HOME$"/>
    <change-pair id="oracle.sysman.fmw.plugin.soa_12.1.3.0.0/em_ORACLE_HOME" before="@oracle.sysman.fmw.plugin.soa_12.1.3.0.0/em_ORACLE_HOME" after="$oracle.sysman.fmw.plugin.soa_12.1.3.0.0/em_ORACLE_HOME$"/>
    <change-pair id="oracle.soa.common.adapters_12.1.3.0.0/soa_ORACLE_HOME" before="@oracle.soa.common.adapters_12.1.3.0.0/soa_ORACLE_HOME" after="$oracle.soa.common.adapters_12.1.3.0.0/soa_ORACLE_HOME$"/>
    <change-pair id="oracle.webcenter.pageeditor_12.1.3.0.0/oracle_common_ORACLE_HOME" before="@oracle.webcenter.pageeditor_12.1.3.0.0/oracle_common_ORACLE_HOME" after="$oracle.webcenter.pageeditor_12.1.3.0.0/oracle_common_ORACLE_HOME$"/>
    <change-pair id="oracle.integration.soainfra_12.1.3.0.0/soa_ORACLE_HOME" before="@oracle.integration.soainfra_12.1.3.0.0/soa_ORACLE_HOME" after="$oracle.integration.soainfra_12.1.3.0.0/soa_ORACLE_HOME$"/>
    <change-pair id="oracle.webcenter.skin_12.1.3.0.0/oracle_common_ORACLE_HOME" before="@oracle.webcenter.skin_12.1.3.0.0/oracle_common_ORACLE_HOME" after="$oracle.webcenter.skin_12.1.3.0.0/oracle_common_ORACLE_HOME$"/>
</stringsubs-definition>
