<?xml version="1.0" encoding="UTF-8" ?>
<!-- Generated by Oracle SOA Modeler version 12.1.3.0.0 at [9/29/14 9:33 AM]. -->
<composite name="Approval"
           revision="2.0"
           label="2014-09-29_09-33-19_154"
           mode="active"
           state="on"
           xmlns="http://xmlns.oracle.com/sca/1.0"
           xmlns:xs="http://www.w3.org/2001/XMLSchema"
           xmlns:wsp="http://schemas.xmlsoap.org/ws/2004/09/policy"
           xmlns:orawsp="http://schemas.oracle.com/ws/2006/01/policy"
           xmlns:ui="http://xmlns.oracle.com/soa/designer/"
           xmlns:sca-ext="http://xmlns.oracle.com/sca/1.0-ext">
  <import namespace="http://xmlns.oracle.com/bpel/workflow/taskService"
          location="oramds:/soa/shared/workflow/TaskServiceInterface.wsdl" importType="wsdl"/>
  <import namespace="http://xmlns.oracle.com/BPELProjects/Approval/Approval" location="WSDLs/Approval.wsdl"
          importType="wsdl"/>
  <import namespace="http://xmlns.oracle.com/pcbpel/adapter/db/BPELProjects/Approval/CustomerLookup"
          location="WSDLs/CustomerLookup.wsdl" importType="wsdl"/>
  <import namespace="http://xmlns.oracle.com/ias/pcbpel/NotificationService"
          location="oramds:/soa/shared/workflow/NotificationService.wsdl" importType="wsdl"/>
  <service name="approval_client_ep" ui:wsdlLocation="WSDLs/Approval.wsdl">
    <interface.wsdl interface="http://xmlns.oracle.com/BPELProjects/Approval/Approval#wsdl.interface(Approval)"
                    callbackInterface="http://xmlns.oracle.com/BPELProjects/Approval/Approval#wsdl.interface(ApprovalCallback)"/>
    <binding.ws port="http://xmlns.oracle.com/BPELProjects/Approval/Approval#wsdl.endpoint(approval_client_ep/Approval_pt)">
      <property name="weblogic.wsee.wsat.transaction.flowOption" type="xs:string" many="false">NEVER</property>
    </binding.ws>
    <callback>
      <binding.ws port="http://xmlns.oracle.com/BPELProjects/Approval/Approval#wsdl.endpoint(approval_client_ep/ApprovalCallback_pt)"/>
    </callback>
  </service>
  <property name="productVersion" type="xs:string" many="false">12.1.3.0.0</property>
  <property name="compositeID" type="xs:string" many="false">7b52178c-a6d6-41e0-abbb-cfa5627570fc</property>
  <component name="ManualApproval">
    <implementation.workflow src="HumanTasks/ManualApproval.task"/>
    <componentType>
      <service name="TaskService" ui:wsdlLocation="oramds:/soa/shared/workflow/TaskServiceInterface.wsdl">
        <interface.wsdl interface="http://xmlns.oracle.com/bpel/workflow/taskService#wsdl.interface(TaskService)"
                        callbackInterface="http://xmlns.oracle.com/bpel/workflow/taskService#wsdl.interface(TaskServiceCallback)"/>
      </service>
    </componentType>
  </component>
  <component name="Approval" version="2.0">
    <implementation.bpel src="BPEL/Approval.bpel"/>
    <componentType>
      <service name="approval_client" ui:wsdlLocation="WSDLs/Approval.wsdl">
        <interface.wsdl interface="http://xmlns.oracle.com/BPELProjects/Approval/Approval#wsdl.interface(Approval)"
                        callbackInterface="http://xmlns.oracle.com/BPELProjects/Approval/Approval#wsdl.interface(ApprovalCallback)"/>
      </service>
      <reference name="CustomerLookup" ui:wsdlLocation="WSDLs/CustomerLookup.wsdl">
        <interface.wsdl interface="http://xmlns.oracle.com/pcbpel/adapter/db/BPELProjects/Approval/CustomerLookup#wsdl.interface(CustomerLookup_ptt)"/>
      </reference>
      <reference name="NotificationService1" ui:wsdlLocation="oramds:/soa/shared/workflow/NotificationService.wsdl">
        <interface.wsdl interface="http://xmlns.oracle.com/ias/pcbpel/NotificationService#wsdl.interface(NotificationService)"/>
      </reference>
      <reference name="ManualApproval.TaskService_2"
                 ui:wsdlLocation="oramds:/soa/shared/workflow/TaskServiceInterface.wsdl">
        <interface.wsdl interface="http://xmlns.oracle.com/bpel/workflow/taskService#wsdl.interface(TaskService)"
                        callbackInterface="http://xmlns.oracle.com/bpel/workflow/taskService#wsdl.interface(TaskServiceCallback)"/>
      </reference>
    </componentType>
    <property name="bpel.config.oneWayDeliveryPolicy" type="xs:string" many="false">async.persist</property>
  </component>
  <reference name="CustomerLookup" ui:wsdlLocation="WSDLs/CustomerLookup.wsdl">
    <interface.wsdl interface="http://xmlns.oracle.com/pcbpel/adapter/db/BPELProjects/Approval/CustomerLookup#wsdl.interface(CustomerLookup_ptt)"/>
    <binding.jca config="Adapters/CustomerLookup_db.jca"/>
    <property name="jca.retry.count" type="xs:int" many="false" override="may">4</property>
    <property name="jca.retry.interval" type="xs:int" many="false" override="may">1</property>
    <property name="jca.retry.backoff" type="xs:int" many="false" override="may">2</property>
    <property name="jca.retry.maxInterval" type="xs:int" many="false" override="may">120</property>
  </reference>
  <reference name="NotificationService1" ui:wsdlLocation="oramds:/soa/shared/workflow/NotificationService.wsdl">
    <interface.wsdl interface="http://xmlns.oracle.com/ias/pcbpel/NotificationService#wsdl.interface(NotificationService)"/>
    <binding.wsif port="http://xmlns.oracle.com/ias/pcbpel/NotificationService#wsdl.endpoint(NotificationService/JavaPort)"
                  location="oramds:/soa/shared/workflow/NotificationService.wsdl"/>
  </reference>
  <wire>
    <source.uri>approval_client_ep</source.uri>
    <target.uri>Approval/approval_client</target.uri>
  </wire>
  <wire>
    <source.uri>Approval/CustomerLookup</source.uri>
    <target.uri>CustomerLookup</target.uri>
  </wire>
  <wire>
    <source.uri>Approval/NotificationService1</source.uri>
    <target.uri>NotificationService1</target.uri>
  </wire>
  <wire>
    <source.uri>Approval/ManualApproval.TaskService_2</source.uri>
    <target.uri>ManualApproval/TaskService</target.uri>
  </wire>
</composite>
