<?xml version="1.0" encoding="UTF-8"?>
<SOAConfigPlan xmlns:jca="http://platform.integration.oracle/blocks/adapter/fw/metadata" xmlns:wsp="http://schemas.xmlsoap.org/ws/2004/09/policy" xmlns:orawsp="http://schemas.oracle.com/ws/2006/01/policy" xmlns:edl="http://schemas.oracle.com/events/edl" xmlns="http://schemas.oracle.com/soa/configplan">
   <composite name="Versioning">
      <!--Add search and replace rules for the import section of a composite
	Example:
	<searchReplace>
		<search>http://my-dev-server</search>
		<replace>http://my-test-server</replace>
	<searchReplace>
	<searchReplace>
		<search>8888</search>
		<replace>8889</replace>
	<searchReplace>-->
      <import>
         <searchReplace>
            <search/>
            <replace/>
         </searchReplace>
      </import>
      <service name="bpelprocess1_client_ep">
         <binding type="ws">
            <attribute name="port">
               <replace>http://xmlns.oracle.com/AdminLabs/Versioning/BPELProcess1#wsdl.endpoint(bpelprocess1_client_ep/BPELProcess1_pt)</replace>
            </attribute>
         </binding>
      </service>
      <service name="bpelprocess1_client"/>
      <property name="productVersion">
         <replace>12.1.3.0.0</replace>
      </property>
      <property name="compositeID">
         <replace>64445225-21e3-4041-9c8c-e248b9b94790</replace>
      </property>
      <!--Add search and replace rules for the component properties
	For components and service/reference bindings, you can add policy references.
	Example:
	<component name="*">
		<wsp:PolicyReference orawsp:category="management" orawsp:status="enabled" URI="oracle/log_policy"/>
	</component>-->
      <component name="BPELProcess1">
         <property name="bpel.config.transaction">
            <replace>required</replace>
         </property>
      </component>
      <reference name="fileAdapter"/>
      <reference name="fileAdapter">
         <property name="outputDir">
            <replace>/practices/practice09/output/configPlan</replace>
         </property>
         <binding type="jca"/>
      </reference>
   </composite>
   <!--To configure monitor.config: 
	<property name="enabled"><replace>true</replace></property>
	<property name="dataObjectsFolder"><searchReplace><search>mydev</search><replace>myproduction</replace></searchReplace></property>
	
	sample properties to configure for file/ftp adapter: 
	<jca:property name="PhysicalDirectory"><replace>c:\temp</replace></jca:property>
	<jca:property name="DeleteFile"><replace>true</replace></jca:property>
	<jca:property name="PollingFrequency"><replace>3</replace></jca:property>
	
	To add search and replace rules for wsdls, xsd and jca files
	Example:
	<searchReplace>
		<search>http://my-dev-server</search>
		<replace>http://my-test-server</replace>
	<searchReplace>
	<searchReplace>
		<search>8888</search>
		<replace>8889</replace>
	<searchReplace>
	-->
   <wsdlAndSchema name="WSDLs/fileAdapter.wsdl|WSDLs/BPELProcess1.wsdl|Schemas/versionsLab.xsd|Adapters/fileAdapter_file.jca">
      <searchReplace>
         <search/>
         <replace/>
      </searchReplace>
   </wsdlAndSchema>
</SOAConfigPlan>
