<?xml version="1.0" encoding="UTF-8"?>
<jdbc-data-source xsi:schemaLocation="http://www.bea.com/ns/weblogic/jdbc-data-source http://www.bea.com/ns/weblogic/jdbc-data-source/1.0/jdbc-data-source.xsd" xmlns="http://xmlns.oracle.com/weblogic/jdbc-data-source" xmlns:sec="http://www.bea.com/ns/weblogic/90/security" xmlns:wls="http://www.bea.com/ns/weblogic/90/security/wls" xmlns:xsi="http://www.w3.org/2001/XMLSchema-instance">
  <name>LocalSvcTblDataSource</name>
  <jdbc-driver-params>
    <url>jdbc:oracle:thin:@//host02.example.com:1521/ORCL</url>
    <driver-name>oracle.jdbc.OracleDriver</driver-name>
    <properties>
      <property>
        <name>user</name>
        <value>EDG_STB</value>
      </property>
      <property>
        <name>oracle.net.CONNECT_TIMEOUT</name>
        <value>10000</value>
      </property>
      <property>
        <name>SendStreamAsBlob</name>
        <value>true</value>
      </property>
    </properties>
    <password-encrypted>{AES}S949ZVv0c3isjzAqyWEgawtUzktvMknLC3H2bCpLahs=</password-encrypted>
  </jdbc-driver-params>
  <jdbc-connection-pool-params>
    <initial-capacity>0</initial-capacity>
    <max-capacity>200</max-capacity>
    <capacity-increment>1</capacity-increment>
    <connection-creation-retry-frequency-seconds>10</connection-creation-retry-frequency-seconds>
    <test-frequency-seconds>300</test-frequency-seconds>
    <test-connections-on-reserve>true</test-connections-on-reserve>
    <test-table-name>SQL SELECT 1 FROM DUAL</test-table-name>
    <seconds-to-trust-an-idle-pool-connection>0</seconds-to-trust-an-idle-pool-connection>
  </jdbc-connection-pool-params>
  <jdbc-data-source-params>
    <jndi-name>jdbc/LocalSvcTblDataSource</jndi-name>
    <global-transactions-protocol>None</global-transactions-protocol>
  </jdbc-data-source-params>
</jdbc-data-source>