<?xml version="1.0" encoding="UTF-8"?>
<jdbc-data-source xsi:schemaLocation="http://www.bea.com/ns/weblogic/jdbc-data-source http://www.bea.com/ns/weblogic/jdbc-data-source/1.0/jdbc-data-source.xsd" xmlns="http://xmlns.oracle.com/weblogic/jdbc-data-source" xmlns:sec="http://www.bea.com/ns/weblogic/90/security" xmlns:wls="http://www.bea.com/ns/weblogic/90/security/wls" xmlns:xsi="http://www.w3.org/2001/XMLSchema-instance">
  <name>opss-audit-viewDS</name>
  <jdbc-driver-params>
    <url>jdbc:oracle:thin:@//host02.example.com:1521/ORCL</url>
    <driver-name>oracle.jdbc.OracleDriver</driver-name>
    <properties>
      <property>
        <name>user</name>
        <value>EDG_IAU_VIEWER</value>
      </property>
    </properties>
    <password-encrypted>{AES}f1RB433/5mz+DcBNRh+Ae4NTq9QE1tfArdvrjXCozvw=</password-encrypted>
  </jdbc-driver-params>
  <jdbc-connection-pool-params>
    <test-table-name>SQL SELECT 1 FROM DUAL</test-table-name>
  </jdbc-connection-pool-params>
  <jdbc-data-source-params>
    <jndi-name>jdbc/AuditViewDataSource</jndi-name>
    <global-transactions-protocol>None</global-transactions-protocol>
  </jdbc-data-source-params>
</jdbc-data-source>