<?xml version = '1.0' encoding = 'UTF-8'?>
<graphics>
   <diagram optimizeLayout="false" fixedWidthSwimlanes="true" roundedPartnerlinks="true" centerZoom="true" validateOnLoad="true" confirmBeforeDelete="true" selectedPartnerLinkColor="0,0,153" swimlaneBackground="240,240,240" swimlaneDividerBackground="218,218,218" graphBackground="255,255,255" selectedBorderBackground="49,105,198" connectedPartnerLinkColor="204,204,255" connectablePartnerLinkColor="0,0,255" unconnectedPartnerLinkColor="192,192,192"/>
   <annotationfile/>
   <iconize scope="no" catchall="no" catch="no" flow="no" dropzone="no" pick="no" javaembedding="no" onmessage="no" throw="no" onalarm="no" terminate="no" empty="no" sequence="no" compensate="no" optimize="no" transform="no" reply="no" validate="no" while="no" wait="no" compensationhandler="no" assign="no" receive="no" switch="no" invoke="no"/>
   <partnerlink_locations>
      <partnerlink name="approvepobel_client" x="3" y="90" side="left"/>
      <partnerlink name="ApprovePOLogFileService" x="1148" y="991" side="right"/>
      <partnerlink name="ApprovePOHumanTask.TaskService" x="1148" y="18" side="right"/>
   </partnerlink_locations>
   <graph_layout viewport="0,0,1356,572" show_swimlanes="true">
      <layout_item collapsed="false" xpath="/process" type="process" showhandlers="true"/>
      <layout_item collapsed="false" xpath="/process/sequence" type="sequence"/>
      <layout_item collapsed="false" xpath="/process/sequence/switch" type="switch"/>
      <layout_item collapsed="false" xpath="/process/sequence/switch/case/sequence" type="sequence"/>
      <layout_item collapsed="true" xpath="/process/sequence/switch/case/sequence/scope" type="human task" showhandlers="true"/>
      <layout_item collapsed="false" xpath="/process/sequence/switch/case/sequence/scope/sequence" type="sequence"/>
      <layout_item collapsed="false" xpath="/process/sequence/switch/case/sequence/switch" type="switch"/>
      <layout_item collapsed="false" xpath="/process/sequence/switch/case/sequence/switch/case[1]/sequence" type="sequence"/>
      <layout_item collapsed="false" xpath="/process/sequence/switch/case/sequence/switch/case[2]/sequence" type="sequence"/>
      <layout_item collapsed="false" xpath="/process/sequence/switch/case/sequence/switch/otherwise/sequence" type="sequence"/>
   </graph_layout>
   <bookmarks/>
</graphics>
