--JDBsoademo_data.sql
--rp 2014.07.25

SPOOL JDBsoademo_data.log

DEFINE hostname=emailExample.com

-- INSERT INTO BCA_CUSTOMERS VALUES (CUST_ID, FIRST_NAME, LAST_NAME, EMAIL, USERNAME, PASSWRD, STATUS);
-- INSERT INTO BCA_CREDITCARDS VALUES (CARD_NUMBER, CARD_TYPE, CUST_ID, CREDIT_LIMIT, STATUS, RATING);
-- INSERT INTO BCA_ADDRESS VALUES (ADDR_ID, CUST_ID, STREET, CITY, STATE, ZIP, COUNTRY);

INSERT INTO BCA_CUSTOMERS VALUES (1, 'Steve', 'King', 'sking@&hostname', 'sking', 'welcome1', 'gold');
INSERT INTO BCA_CREDITCARDS VALUES ('5678-5678-5678-5678', 'AMCD', 1, 20000, 'VALID', 4);
INSERT INTO BCA_ADDRESS VALUES (1, 1, '2004 Charade Street', 'Demo City', 'CA', '94065', 'USA');

INSERT INTO BCA_CUSTOMERS VALUES (2, 'Andrea', 'Christie', 'achrist@&hostname', 'achrist', 'welcome1', 'silver');
INSERT INTO BCA_CREDITCARDS VALUES ('1234-1234-1234-1234', 'VISTA', 2, 20000, 'VALID', 3);
INSERT INTO BCA_ADDRESS VALUES (2, 2, '100 Test Road', 'Debug City', 'CA', '94022', 'USA');

INSERT INTO BCA_CUSTOMERS VALUES (3, 'John', 'Stein', 'jstein@&hostname', 'jstein', 'welcome1', 'bronze');
INSERT INTO BCA_CREDITCARDS VALUES ('4321-4321-4321-4321', 'MCRD', 3, 20000, 'INVALID', 3);
INSERT INTO BCA_ADDRESS VALUES (3, 3, '19 Limelight Blvd', 'Tinsel City', 'CA', '90402', 'USA');

INSERT INTO BCA_CUSTOMERS VALUES (4, 'June', 'Austen', 'jausten@&hostname', 'jausten', 'welcome1', 'platinum');
INSERT INTO BCA_CREDITCARDS VALUES ('8765-8765-8765-8765', 'AMCD', 4, 30000, 'VALID', 5);
INSERT INTO BCA_ADDRESS VALUES (4, 4, '303 Broadway Ave', 'Big Apple', 'NY', '10001', 'USA');

-- INSERT INTO BCA_PRODUCTS VALUES (PROD_ID, PROD_NAME, RETAIL_PRICE);
-- Guitars
INSERT INTO BCA_PRODUCTS VALUES ('SKU101', 'Journeyman Guitar', 1500);
INSERT INTO BCA_PRODUCTS VALUES ('SKU102', 'Classic Guitar', 799);
INSERT INTO BCA_PRODUCTS VALUES ('SKU103', 'Acoustic Guitar', 200);
INSERT INTO BCA_PRODUCTS VALUES ('SKU104', 'Electric Guitar', 540);
INSERT INTO BCA_PRODUCTS VALUES ('SKU105', 'Starmaker Guitar', 2500);
INSERT INTO BCA_PRODUCTS VALUES ('SKU106', 'Signature Guitar', 3000);
-- Amps
INSERT INTO BCA_PRODUCTS VALUES ('SKU200', 'Model 2000 Amp', 1100);
INSERT INTO BCA_PRODUCTS VALUES ('SKU201', 'Model 1000 Amp', 800);
INSERT INTO BCA_PRODUCTS VALUES ('SKU202', '200w Amp', 700);
INSERT INTO BCA_PRODUCTS VALUES ('SKU203', '100w Amp', 450);
INSERT INTO BCA_PRODUCTS VALUES ('SKU204', 'Practice Amp', 150);
-- Music Players
INSERT INTO BCA_PRODUCTS VALUES ('SKU301', 'Music Player 1Gb', 45);
INSERT INTO BCA_PRODUCTS VALUES ('SKU302', 'Music Player 2Gb', 65);
INSERT INTO BCA_PRODUCTS VALUES ('SKU303', 'Music Player 4Gb', 99);
INSERT INTO BCA_PRODUCTS VALUES ('SKU304', 'Music Player 8Gb', 140);
INSERT INTO BCA_PRODUCTS VALUES ('SKU305', 'Music Player 120Gb', 250);

-- INSERT INTO BCA_SHIPTYPES VALUES (SHIP_ID, SHIP_TYPE, SHIP_COMPANY);
INSERT INTO BCA_SHIPTYPES VALUES (1, 'next_day', 'BLUE_SHIPPER');
INSERT INTO BCA_SHIPTYPES VALUES (2, 'two_day', 'RED_SHIPPER');
INSERT INTO BCA_SHIPTYPES VALUES (3, 'five_day', 'GREEN_SHIPPER');
INSERT INTO BCA_SHIPTYPES VALUES (4, 'international', 'BLUE_SHIPPER');

-- INSERT INTO BCA_INVENTORY VALUES (PROD_ID, QUANTITY);
-- Guitars
INSERT INTO BCA_INVENTORY VALUES ('SKU101', 5);
INSERT INTO BCA_INVENTORY VALUES ('SKU102', 5);
INSERT INTO BCA_INVENTORY VALUES ('SKU103', 5);
INSERT INTO BCA_INVENTORY VALUES ('SKU104', 10);
INSERT INTO BCA_INVENTORY VALUES ('SKU105', 4);
INSERT INTO BCA_INVENTORY VALUES ('SKU106', 3);
-- Amps
INSERT INTO BCA_INVENTORY VALUES ('SKU200', 5);
INSERT INTO BCA_INVENTORY VALUES ('SKU201', 5);
INSERT INTO BCA_INVENTORY VALUES ('SKU202', 5);
INSERT INTO BCA_INVENTORY VALUES ('SKU203', 5);
INSERT INTO BCA_INVENTORY VALUES ('SKU204', 10);
-- Music Players
INSERT INTO BCA_INVENTORY VALUES ('SKU301', 20);
INSERT INTO BCA_INVENTORY VALUES ('SKU302', 20);
INSERT INTO BCA_INVENTORY VALUES ('SKU303', 15);
INSERT INTO BCA_INVENTORY VALUES ('SKU304', 10);
INSERT INTO BCA_INVENTORY VALUES ('SKU305', 10);

-- INSERT INTO BCA_INTERNAL_STORE VALUES (PROD_ID, QUANTITY);
-- Guitars
INSERT INTO BCA_INTERNAL_STORE VALUES ('SKU101', 5);
INSERT INTO BCA_INTERNAL_STORE VALUES ('SKU102', 5);
INSERT INTO BCA_INTERNAL_STORE VALUES ('SKU103', 5);
INSERT INTO BCA_INTERNAL_STORE VALUES ('SKU104', 10);
INSERT INTO BCA_INTERNAL_STORE VALUES ('SKU105', 4);
INSERT INTO BCA_INTERNAL_STORE VALUES ('SKU106', 3);
-- Amps
INSERT INTO BCA_INTERNAL_STORE VALUES ('SKU200', 5);
INSERT INTO BCA_INTERNAL_STORE VALUES ('SKU201', 5);
INSERT INTO BCA_INTERNAL_STORE VALUES ('SKU202', 5);
INSERT INTO BCA_INTERNAL_STORE VALUES ('SKU203', 5);
INSERT INTO BCA_INTERNAL_STORE VALUES ('SKU204', 10);
-- Music Players
INSERT INTO BCA_INTERNAL_STORE VALUES ('SKU301', 20);
INSERT INTO BCA_INTERNAL_STORE VALUES ('SKU302', 20);
INSERT INTO BCA_INTERNAL_STORE VALUES ('SKU303', 15);
INSERT INTO BCA_INTERNAL_STORE VALUES ('SKU304', 10);
INSERT INTO BCA_INTERNAL_STORE VALUES ('SKU305', 10);

-- INSERT INTO BCA_ONLINE_STORE VALUES (PROD_ID, QUANTITY);
-- Guitars
INSERT INTO BCA_ONLINE_STORE VALUES ('SKU101', 6);
INSERT INTO BCA_ONLINE_STORE VALUES ('SKU102', 8);
INSERT INTO BCA_ONLINE_STORE VALUES ('SKU103', 10);
INSERT INTO BCA_ONLINE_STORE VALUES ('SKU104', 6);
INSERT INTO BCA_ONLINE_STORE VALUES ('SKU105', 2);
INSERT INTO BCA_ONLINE_STORE VALUES ('SKU106', 3);
-- Amps
INSERT INTO BCA_ONLINE_STORE VALUES ('SKU200', 2);
INSERT INTO BCA_ONLINE_STORE VALUES ('SKU201', 3);
INSERT INTO BCA_ONLINE_STORE VALUES ('SKU202', 4);
INSERT INTO BCA_ONLINE_STORE VALUES ('SKU203', 1);
INSERT INTO BCA_ONLINE_STORE VALUES ('SKU204', 10);
-- Music Players
INSERT INTO BCA_ONLINE_STORE VALUES ('SKU301', 10);
INSERT INTO BCA_ONLINE_STORE VALUES ('SKU302', 12);
INSERT INTO BCA_ONLINE_STORE VALUES ('SKU303', 8);
INSERT INTO BCA_ONLINE_STORE VALUES ('SKU304', 7);
INSERT INTO BCA_ONLINE_STORE VALUES ('SKU305', 8);


-- INSERT INTO BCA_EXTERNAL_STORE VALUES (PROD_ID, QUANTITY)
--===============================================
-- Use the following data for XRef Demos
--===============================================
-- Guitars
INSERT INTO BCA_EXTERNAL_STORE VALUES ('GUI001', 5);
INSERT INTO BCA_EXTERNAL_STORE VALUES ('GUI002', 5);
INSERT INTO BCA_EXTERNAL_STORE VALUES ('GUI003', 5);
INSERT INTO BCA_EXTERNAL_STORE VALUES ('GUI004', 10);
INSERT INTO BCA_EXTERNAL_STORE VALUES ('GUI005', 4);
INSERT INTO BCA_EXTERNAL_STORE VALUES ('GUI006', 3);
-- Amps
INSERT INTO BCA_EXTERNAL_STORE VALUES ('AMP001', 5);
INSERT INTO BCA_EXTERNAL_STORE VALUES ('AMP002', 5);
INSERT INTO BCA_EXTERNAL_STORE VALUES ('AMP003', 5);
INSERT INTO BCA_EXTERNAL_STORE VALUES ('AMP004', 5);
INSERT INTO BCA_EXTERNAL_STORE VALUES ('AMP005', 10);
-- Music Players
INSERT INTO BCA_EXTERNAL_STORE VALUES ('Music Player01', 20);
INSERT INTO BCA_EXTERNAL_STORE VALUES ('Music Player02', 20);
INSERT INTO BCA_EXTERNAL_STORE VALUES ('Music Player03', 15);
INSERT INTO BCA_EXTERNAL_STORE VALUES ('Music Player04', 10);
INSERT INTO BCA_EXTERNAL_STORE VALUES ('Music Player05', 10);

-- INSERT INTO BCA_PRODID_XREFS VALUES (INT_ID, EXT_ID)
INSERT INTO BCA_PRODID_XREFS VALUES ('SKU101', 'GUI001');
INSERT INTO BCA_PRODID_XREFS VALUES ('SKU102', 'GUI002');
INSERT INTO BCA_PRODID_XREFS VALUES ('SKU103', 'GUI003');
INSERT INTO BCA_PRODID_XREFS VALUES ('SKU104', 'GUI004');
INSERT INTO BCA_PRODID_XREFS VALUES ('SKU105', 'GUI005');
INSERT INTO BCA_PRODID_XREFS VALUES ('SKU106', 'GUI006');
-- Amps
INSERT INTO BCA_PRODID_XREFS VALUES ('SKU200', 'AMP001');
INSERT INTO BCA_PRODID_XREFS VALUES ('SKU201', 'AMP002');
INSERT INTO BCA_PRODID_XREFS VALUES ('SKU202', 'AMP003');
INSERT INTO BCA_PRODID_XREFS VALUES ('SKU203', 'AMP004');
INSERT INTO BCA_PRODID_XREFS VALUES ('SKU204', 'AMP005');

-- Music Players
INSERT INTO BCA_PRODID_XREFS VALUES ('SKU301', 'Music Player01');
INSERT INTO BCA_PRODID_XREFS VALUES ('SKU302', 'Music Player02');
INSERT INTO BCA_PRODID_XREFS VALUES ('SKU303', 'Music Player03');
INSERT INTO BCA_PRODID_XREFS VALUES ('SKU304', 'Music Player04');
INSERT INTO BCA_PRODID_XREFS VALUES ('SKU305', 'Music Player05');

COMMIT;
UNDEFINE hostname
SPOOL OFF
exit
